source_family,reference_power_mwt,cooldown_months,energy_group,energy_low_mev,energy_high_mev,energy_mid_mev,gamma_energy_fraction,lead_mass_attenuation_cm2_g
HTPM,10,0,1,15.0,20.0,17.5,2.9753813229279766e-19,0.05932
HTPM,10,0,2,10.0,15.0,12.5,5.227677928900457e-11,0.05315
HTPM,10,0,3,8.0,10.0,9.0,1.1340114982476289e-06,0.048235
HTPM,10,0,4,6.0,8.0,7.0,0.001529625648731815,0.045329999999999995
HTPM,10,0,5,5.0,6.0,5.5,0.010134031823944362,0.043315
HTPM,10,0,6,4.0,5.0,4.5,0.022929330920076,0.042345
HTPM,10,0,7,3.0,4.0,3.5,0.05499491651348536,0.042155
HTPM,10,0,8,2.0,3.0,2.5,0.14132535280866163,0.0442
HTPM,10,0,9,1.5,2.0,1.75,0.11930981462048453,0.04914
HTPM,10,0,10,1.25,1.5,1.375,0.09964082221927904,0.05549
HTPM,10,0,11,1.0,1.25,1.125,0.0945002979324383,0.06489
HTPM,10,0,12,0.8,1.0,0.9,0.1195240893323768,0.07986
HTPM,10,0,13,0.6,0.8,0.7,0.11985949880333392,0.10675
HTPM,10,0,14,0.5,0.6,0.55,0.05238321237309569,0.1431
HTPM,10,0,15,0.4,0.5,0.45,0.039238946572797646,0.19685
HTPM,10,0,16,0.3,0.4,0.35,0.03500415990851393,0.3177
HTPM,10,0,17,0.2,0.3,0.25,0.033775557657417486,0.7008000000000001
HTPM,10,0,18,0.15,0.2,0.175,0.012529348436876666,1.5062499999999999
HTPM,10,0,19,0.1,0.15,0.125,0.017508198315997522,3.7815000000000003
HTPM,10,0,20,0.088,0.1,0.094,0.0034209653222060407,6.616
HTPM,10,0,21,0.08,0.088,0.08399999999999999,0.0020962933473652155,2.1645
HTPM,10,0,22,0.06,0.08,0.07,0.006319642636723274,3.7199999999999998
HTPM,10,0,23,0.05,0.06,0.055,0.001497299570586027,6.531000000000001
HTPM,10,0,24,0.04,0.05,0.045,0.0023281114711662513,11.2005
HTPM,10,0,25,0.03,0.04,0.035,0.002944446181695869,22.34
HTPM,10,0,26,0.02,0.03,0.025,0.002561568787709865,58.34
HTPM,10,0,27,0.0159,0.02,0.01795,0.001636307428821737,120.58000000000001
HTPM,10,0,28,0.0155,0.0159,0.0157,0.0001005695631213009,138.0
HTPM,10,0,29,0.0152,0.0155,0.015349999999999999,6.067974610688272e-05,145.05
HTPM,10,0,30,0.015,0.0152,0.015099999999999999,3.995915257854571e-05,109.69999999999999
HTPM,10,0,31,0.013,0.015,0.013999999999999999,0.0007990879748704853,136.85
HTPM,10,0,32,0.01,0.013,0.0115,0.0006616378779441157,98.805
HTPM,10,0,33,0.008,0.01,0.009000000000000001,0.00047221427879631296,179.64999999999998
HTPM,10,0,34,0.006,0.008,0.007,0.0005120813478298137,347.95
HTPM,10,0,35,0.005,0.006,0.0055,0.0002979976696782034,598.8
HTPM,10,0,36,0.004,0.005,0.0045000000000000005,2.3958536202217633e-05,990.7
HTPM,10,0,37,0.00385,0.004,0.003925,3.2826362059706134e-06,1309.5
HTPM,10,0,38,0.0037,0.00385,0.003775,7.60632970906316e-07,1339.5
HTPM,10,0,39,0.00355,0.0037,0.003625,4.70489693091313e-07,1513.5
HTPM,10,0,40,0.0033,0.00355,0.003425,2.6821691805046882e-05,1540.5
HTPM,10,0,41,0.00307,0.0033,0.003185,9.741808742442136e-08,1971.0
HTPM,10,0,42,0.003,0.00307,0.003035,1.6652990438359127e-09,1911.0
HTPM,10,0,43,0.00259,0.003,0.0027949999999999997,1.400741786446115e-06,2211.5
HTPM,10,0,44,0.00253,0.00259,0.0025599999999999998,9.947699097900314e-07,1835.0
HTPM,10,0,45,0.00248,0.00253,0.0025050000000000003,2.060278029140846e-09,1561.5
HTPM,10,0,46,0.002,0.00248,0.00224,4.510269643096488e-06,1042.8
HTPM,10,0,47,0.0015,0.002,0.00175,4.838391661033698e-07,1820.5
HTPM,10,0,48,0.001,0.0015,0.00125,1.4940467149556164e-08,3783.0
HTPM,10,1,1,15.0,20.0,17.5,2.5979135908598304e-33,0.05932
HTPM,10,1,2,10.0,15.0,12.5,7.403885482328663e-13,0.05315
HTPM,10,1,3,8.0,10.0,9.0,7.289311555317734e-12,0.048235
HTPM,10,1,4,6.0,8.0,7.0,5.0251657624429366e-11,0.045329999999999995
HTPM,10,1,5,5.0,6.0,5.5,8.805276759794876e-11,0.043315
HTPM,10,1,6,4.0,5.0,4.5,2.147324892591366e-10,0.042345
HTPM,10,1,7,3.0,4.0,3.5,0.00010805010606032988,0.042155
HTPM,10,1,8,2.0,3.0,2.5,0.01738220169474656,0.0442
HTPM,10,1,9,1.5,2.0,1.75,0.154679324357814,0.04914
HTPM,10,1,10,1.25,1.5,1.375,0.004683437672671261,0.05549
HTPM,10,1,11,1.0,1.25,1.125,0.009956696783588265,0.06489
HTPM,10,1,12,0.8,1.0,0.9,0.040648072147867684,0.07986
HTPM,10,1,13,0.6,0.8,0.7,0.5565618918353701,0.10675
HTPM,10,1,14,0.5,0.6,0.55,0.030541649512401563,0.1431
HTPM,10,1,15,0.4,0.5,0.45,0.0918784114643203,0.19685
HTPM,10,1,16,0.3,0.4,0.35,0.021231364605033172,0.3177
HTPM,10,1,17,0.2,0.3,0.25,0.01013743159028954,0.7008000000000001
HTPM,10,1,18,0.15,0.2,0.175,0.007535646402969842,1.5062499999999999
HTPM,10,1,19,0.1,0.15,0.125,0.02464614886578049,3.7815000000000003
HTPM,10,1,20,0.088,0.1,0.094,0.0029633430875947906,6.616
HTPM,10,1,21,0.08,0.088,0.08399999999999999,0.002329505577746251,2.1645
HTPM,10,1,22,0.06,0.08,0.07,0.004638708069459226,3.7199999999999998
HTPM,10,1,23,0.05,0.06,0.055,0.0019002012523894904,6.531000000000001
HTPM,10,1,24,0.04,0.05,0.045,0.0032587625417291174,11.2005
HTPM,10,1,25,0.03,0.04,0.035,0.005054495819362267,22.34
HTPM,10,1,26,0.02,0.03,0.025,0.003685796012938016,58.34
HTPM,10,1,27,0.0159,0.02,0.01795,0.0014309507355215766,120.58000000000001
HTPM,10,1,28,0.0155,0.0159,0.0157,0.0001413598746752475,138.0
HTPM,10,1,29,0.0152,0.0155,0.015349999999999999,0.00010363974257908495,145.05
HTPM,10,1,30,0.015,0.0152,0.015099999999999999,6.796677319495112e-05,109.69999999999999
HTPM,10,1,31,0.013,0.015,0.013999999999999999,0.0007650839061751459,136.85
HTPM,10,1,32,0.01,0.013,0.0115,0.0011778301009528003,98.805
HTPM,10,1,33,0.008,0.01,0.009000000000000001,0.0008591904756768367,179.64999999999998
HTPM,10,1,34,0.006,0.008,0.007,0.0009660175914535822,347.95
HTPM,10,1,35,0.005,0.006,0.0055,0.0006197883185080044,598.8
HTPM,10,1,36,0.004,0.005,0.0045000000000000005,2.5804371320737015e-05,990.7
HTPM,10,1,37,0.00385,0.004,0.003925,2.1587716112648355e-06,1309.5
HTPM,10,1,38,0.0037,0.00385,0.003775,7.350254825573381e-07,1339.5
HTPM,10,1,39,0.00355,0.0037,0.003625,3.730038952856732e-08,1513.5
HTPM,10,1,40,0.0033,0.00355,0.003425,2.3023703903713656e-06,1540.5
HTPM,10,1,41,0.00307,0.0033,0.003185,5.440406423201369e-07,1971.0
HTPM,10,1,42,0.003,0.00307,0.003035,6.656157906899956e-10,1911.0
HTPM,10,1,43,0.00259,0.003,0.0027949999999999997,1.397723609208662e-05,2211.5
HTPM,10,1,44,0.00253,0.00259,0.0025599999999999998,1.145818873027151e-09,1835.0
HTPM,10,1,45,0.00248,0.00253,0.0025050000000000003,3.135195294156507e-09,1561.5
HTPM,10,1,46,0.002,0.00248,0.00224,1.447395251027001e-06,1042.8
HTPM,10,1,47,0.0015,0.002,0.00175,2.123263101509014e-08,1820.5
HTPM,10,1,48,0.001,0.0015,0.00125,2.962314038965644e-11,3783.0
HTPM,10,2,1,15.0,20.0,17.5,8.701118345589956e-49,0.05932
HTPM,10,2,2,10.0,15.0,12.5,1.0396981560051726e-12,0.05315
HTPM,10,2,3,8.0,10.0,9.0,1.0235969539447665e-11,0.048235
HTPM,10,2,4,6.0,8.0,7.0,7.056655297853049e-11,0.045329999999999995
HTPM,10,2,5,5.0,6.0,5.5,1.2364792160503983e-10,0.043315
HTPM,10,2,6,4.0,5.0,4.5,3.015484054246706e-10,0.042345
HTPM,10,2,7,3.0,4.0,3.5,5.2656361698540156e-05,0.042155
HTPM,10,2,8,2.0,3.0,2.5,0.012528576709524057,0.0442
HTPM,10,2,9,1.5,2.0,1.75,0.049451695365832854,0.04914
HTPM,10,2,10,1.25,1.5,1.375,0.006295507823397081,0.05549
HTPM,10,2,11,1.0,1.25,1.125,0.010380936835422015,0.06489
HTPM,10,2,12,0.8,1.0,0.9,0.019730133698255194,0.07986
HTPM,10,2,13,0.6,0.8,0.7,0.704675178071272,0.10675
HTPM,10,2,14,0.5,0.6,0.55,0.02783333290128876,0.1431
HTPM,10,2,15,0.4,0.5,0.45,0.07430889586105116,0.19685
HTPM,10,2,16,0.3,0.4,0.35,0.014002295363245957,0.3177
HTPM,10,2,17,0.2,0.3,0.25,0.011796937266409306,0.7008000000000001
HTPM,10,2,18,0.15,0.2,0.175,0.008627041634721767,1.5062499999999999
HTPM,10,2,19,0.1,0.15,0.125,0.02621066215509336,3.7815000000000003
HTPM,10,2,20,0.088,0.1,0.094,0.0029830534584867154,6.616
HTPM,10,2,21,0.08,0.088,0.08399999999999999,0.0025234800610148254,2.1645
HTPM,10,2,22,0.06,0.08,0.07,0.0057094574984734425,3.7199999999999998
HTPM,10,2,23,0.05,0.06,0.055,0.0022050043997959247,6.531000000000001
HTPM,10,2,24,0.04,0.05,0.045,0.0038477560102389945,11.2005
HTPM,10,2,25,0.03,0.04,0.035,0.005405004213482034,22.34
HTPM,10,2,26,0.02,0.03,0.025,0.004091190850914181,58.34
HTPM,10,2,27,0.0159,0.02,0.01795,0.0017122266087155919,120.58000000000001
HTPM,10,2,28,0.0155,0.0159,0.0157,0.00017158725406305598,138.0
HTPM,10,2,29,0.0152,0.0155,0.015349999999999999,0.00012579220991444147,145.05
HTPM,10,2,30,0.015,0.0152,0.015099999999999999,8.249507695367183e-05,109.69999999999999
HTPM,10,2,31,0.013,0.015,0.013999999999999999,0.0008915721172654988,136.85
HTPM,10,2,32,0.01,0.013,0.0115,0.0014263860029653844,98.805
HTPM,10,2,33,0.008,0.01,0.009000000000000001,0.0010389793523417617,179.64999999999998
HTPM,10,2,34,0.006,0.008,0.007,0.0011606283151876012,347.95
HTPM,10,2,35,0.005,0.006,0.0055,0.0007018262054561336,598.8
HTPM,10,2,36,0.004,0.005,0.0045000000000000005,1.2463028661170152e-05,990.7
HTPM,10,2,37,0.00385,0.004,0.003925,7.169695731110896e-07,1309.5
HTPM,10,2,38,0.0037,0.00385,0.003775,9.138410540933397e-07,1339.5
HTPM,10,2,39,0.00355,0.0037,0.003625,9.167385174318036e-09,1513.5
HTPM,10,2,40,0.0033,0.00355,0.003425,6.719821619262271e-07,1540.5
HTPM,10,2,41,0.00307,0.0033,0.003185,5.223078999626399e-07,1971.0
HTPM,10,2,42,0.003,0.00307,0.003035,9.88423951065134e-10,1911.0
HTPM,10,2,43,0.00259,0.003,0.0027949999999999997,1.2981692283607206e-05,2211.5
HTPM,10,2,44,0.00253,0.00259,0.0025599999999999998,5.406790954016798e-12,1835.0
HTPM,10,2,45,0.00248,0.00253,0.0025050000000000003,3.5731969709381125e-09,1561.5
HTPM,10,2,46,0.002,0.00248,0.00224,1.402005780043958e-06,1042.8
HTPM,10,2,47,0.0015,0.002,0.00175,2.420571336536487e-08,1820.5
HTPM,10,2,48,0.001,0.0015,0.00125,4.293996170233708e-11,3783.0
HTPM,10,3,1,15.0,20.0,17.5,2.473670916140866e-64,0.05932
HTPM,10,3,2,10.0,15.0,12.5,1.2409867132246371e-12,0.05315
HTPM,10,3,3,8.0,10.0,9.0,1.2217951266377156e-11,0.048235
HTPM,10,3,4,6.0,8.0,7.0,8.423120016778318e-11,0.045329999999999995
HTPM,10,3,5,5.0,6.0,5.5,1.4759382118372993e-10,0.043315
HTPM,10,3,6,4.0,5.0,4.5,3.5994645932382196e-10,0.042345
HTPM,10,3,7,3.0,4.0,3.5,3.815398571686978e-05,0.042155
HTPM,10,3,8,2.0,3.0,2.5,0.012133880237856519,0.0442
HTPM,10,3,9,1.5,2.0,1.75,0.015062471460206384,0.04914
HTPM,10,3,10,1.25,1.5,1.375,0.00785228521492558,0.05549
HTPM,10,3,11,1.0,1.25,1.125,0.011275038033585798,0.06489
HTPM,10,3,12,0.8,1.0,0.9,0.013941346275112334,0.07986
HTPM,10,3,13,0.6,0.8,0.7,0.7509378178826894,0.10675
HTPM,10,3,14,0.5,0.6,0.55,0.02937012067287958,0.1431
HTPM,10,3,15,0.4,0.5,0.45,0.05845471133607229,0.19685
HTPM,10,3,16,0.3,0.4,0.35,0.013552750620217631,0.3177
HTPM,10,3,17,0.2,0.3,0.25,0.013473733625558296,0.7008000000000001
HTPM,10,3,18,0.15,0.2,0.175,0.009730351219148758,1.5062499999999999
HTPM,10,3,19,0.1,0.15,0.125,0.026188216998085583,3.7815000000000003
HTPM,10,3,20,0.088,0.1,0.094,0.003271300525099597,6.616
HTPM,10,3,21,0.08,0.088,0.08399999999999999,0.002927394133967008,2.1645
HTPM,10,3,22,0.06,0.08,0.07,0.006508206135770282,3.7199999999999998
HTPM,10,3,23,0.05,0.06,0.055,0.002492005149249503,6.531000000000001
HTPM,10,3,24,0.04,0.05,0.045,0.004287255998925131,11.2005
HTPM,10,3,25,0.03,0.04,0.035,0.005835271451977773,22.34
HTPM,10,3,26,0.02,0.03,0.025,0.004436785163891097,58.34
HTPM,10,3,27,0.0159,0.02,0.01795,0.001926112459601863,120.58000000000001
HTPM,10,3,28,0.0155,0.0159,0.0157,0.00019360992915877344,138.0
HTPM,10,3,29,0.0152,0.0155,0.015349999999999999,0.00014193049376592774,145.05
HTPM,10,3,30,0.015,0.0152,0.015099999999999999,9.308005000969998e-05,109.69999999999999
HTPM,10,3,31,0.013,0.015,0.013999999999999999,0.0010006376285999798,136.85
HTPM,10,3,32,0.01,0.013,0.0115,0.00160703007804942,98.805
HTPM,10,3,33,0.008,0.01,0.009000000000000001,0.001169327842183917,179.64999999999998
HTPM,10,3,34,0.006,0.008,0.007,0.0013035437426196705,347.95
HTPM,10,3,35,0.005,0.006,0.0055,0.0007724174617932247,598.8
HTPM,10,3,36,0.004,0.005,0.0045000000000000005,9.414703137584486e-06,990.7
HTPM,10,3,37,0.00385,0.004,0.003925,2.6905916527113354e-07,1309.5
HTPM,10,3,38,0.0037,0.00385,0.003775,1.0245584014034933e-06,1339.5
HTPM,10,3,39,0.00355,0.0037,0.003625,3.6185660928167378e-09,1513.5
HTPM,10,3,40,0.0033,0.00355,0.003425,6.371777759484067e-07,1540.5
HTPM,10,3,41,0.00307,0.0033,0.003185,4.348745268235812e-07,1971.0
HTPM,10,3,42,0.003,0.00307,0.003035,1.2467218201384575e-09,1911.0
HTPM,10,3,43,0.00259,0.003,0.0027949999999999997,1.023859387294217e-05,2211.5
HTPM,10,3,44,0.00253,0.00259,0.0025599999999999998,5.5705164225679015e-12,1835.0
HTPM,10,3,45,0.00248,0.00253,0.0025050000000000003,3.455817880886261e-09,1561.5
HTPM,10,3,46,0.002,0.00248,0.00224,1.1628174525833665e-06,1042.8
HTPM,10,3,47,0.0015,0.002,0.00175,2.3424187255917554e-08,1820.5
HTPM,10,3,48,0.001,0.0015,0.00125,5.285549838408164e-11,3783.0
HTPM,10,4,1,15.0,20.0,17.5,6.66420456901375e-80,0.05932
HTPM,10,4,2,10.0,15.0,12.5,1.40589630392565e-12,0.05315
HTPM,10,4,3,8.0,10.0,9.0,1.3841496056611154e-11,0.048235
HTPM,10,4,4,6.0,8.0,7.0,9.542560798506415e-11,0.045329999999999995
HTPM,10,4,5,5.0,6.0,5.5,1.6721846774257727e-10,0.043315
HTPM,10,4,6,4.0,5.0,4.5,4.077963398218056e-10,0.042345
HTPM,10,4,7,3.0,4.0,3.5,3.8603995957594137e-05,0.042155
HTPM,10,4,8,2.0,3.0,2.5,0.01343229679769468,0.0442
HTPM,10,4,9,1.5,2.0,1.75,0.0062297740667522005,0.04914
HTPM,10,4,10,1.25,1.5,1.375,0.009401712175113283,0.05549
HTPM,10,4,11,1.0,1.25,1.125,0.01255634374184761,0.06489
HTPM,10,4,12,0.8,1.0,0.9,0.013723337156464063,0.07986
HTPM,10,4,13,0.6,0.8,0.7,0.7555430950408347,0.10675
HTPM,10,4,14,0.5,0.6,0.55,0.03275782199112281,0.1431
HTPM,10,4,15,0.4,0.5,0.45,0.046897581164575264,0.19685
HTPM,10,4,16,0.3,0.4,0.35,0.014784869589447263,0.3177
HTPM,10,4,17,0.2,0.3,0.25,0.015115025152788446,0.7008000000000001
HTPM,10,4,18,0.15,0.2,0.175,0.010920403561529395,1.5062499999999999
HTPM,10,4,19,0.1,0.15,0.125,0.026608505189220026,3.7815000000000003
HTPM,10,4,20,0.088,0.1,0.094,0.003636238491222746,6.616
HTPM,10,4,21,0.08,0.088,0.08399999999999999,0.0033206485005938943,2.1645
HTPM,10,4,22,0.06,0.08,0.07,0.007272136176702689,3.7199999999999998
HTPM,10,4,23,0.05,0.06,0.055,0.0027727742230927964,6.531000000000001
HTPM,10,4,24,0.04,0.05,0.045,0.004729754381330324,11.2005
HTPM,10,4,25,0.03,0.04,0.035,0.006344854096836462,22.34
HTPM,10,4,26,0.02,0.03,0.025,0.0048176086799156,58.34
HTPM,10,4,27,0.0159,0.02,0.01795,0.002129398527692823,120.58000000000001
HTPM,10,4,28,0.0155,0.0159,0.0157,0.00021468267718248915,138.0
HTPM,10,4,29,0.0152,0.0155,0.015349999999999999,0.0001573750103283079,145.05
HTPM,10,4,30,0.015,0.0152,0.015099999999999999,0.00010320695828781863,109.69999999999999
HTPM,10,4,31,0.013,0.015,0.013999999999999999,0.0011082383109174494,136.85
HTPM,10,4,32,0.01,0.013,0.0115,0.001779903497105098,98.805
HTPM,10,4,33,0.008,0.01,0.009000000000000001,0.0012941362252393276,179.64999999999998
HTPM,10,4,34,0.006,0.008,0.007,0.0014412791046948682,347.95
HTPM,10,4,35,0.005,0.006,0.0055,0.000847945988454781,598.8
HTPM,10,4,36,0.004,0.005,0.0045000000000000005,9.521550899021069e-06,990.7
HTPM,10,4,37,0.00385,0.004,0.003925,1.2539066246164842e-07,1309.5
HTPM,10,4,38,0.0037,0.00385,0.003775,1.1389548807848417e-06,1339.5
HTPM,10,4,39,0.00355,0.0037,0.003625,2.954761585155627e-09,1513.5
HTPM,10,4,40,0.0033,0.00355,0.003425,7.014169466155401e-07,1540.5
HTPM,10,4,41,0.00307,0.0033,0.003185,3.5443558106656414e-07,1971.0
HTPM,10,4,42,0.003,0.00307,0.003035,1.4912205071498598e-09,1911.0
HTPM,10,4,43,0.00259,0.003,0.0027949999999999997,7.656678333766932e-06,2211.5
HTPM,10,4,44,0.00253,0.00259,0.0025599999999999998,6.584614809691465e-12,1835.0
HTPM,10,4,45,0.00248,0.00253,0.0025050000000000003,3.1673437177607224e-09,1561.5
HTPM,10,4,46,0.002,0.00248,0.00224,9.212474945430807e-07,1042.8
HTPM,10,4,47,0.0015,0.002,0.00175,2.1484994309194026e-08,1820.5
HTPM,10,4,48,0.001,0.0015,0.00125,6.166453908856267e-11,3783.0
HTPM,10,5,1,15.0,20.0,17.5,1.752997656422915e-95,0.05932
HTPM,10,5,2,10.0,15.0,12.5,1.557795868413259e-12,0.05315
HTPM,10,5,3,8.0,10.0,9.0,1.5337019589818005e-11,0.048235
HTPM,10,5,4,6.0,8.0,7.0,1.0573793844395798e-10,0.045329999999999995
HTPM,10,5,5,5.0,6.0,5.5,1.8528704297317494e-10,0.043315
HTPM,10,5,6,4.0,5.0,4.5,4.5188218853089025e-10,0.042345
HTPM,10,5,7,3.0,4.0,3.5,4.3378268359549064e-05,0.042155
HTPM,10,5,8,2.0,3.0,2.5,0.015253961121120615,0.0442
HTPM,10,5,9,1.5,2.0,1.75,0.004397495138308675,0.04914
HTPM,10,5,10,1.25,1.5,1.375,0.011039744900278937,0.05549
HTPM,10,5,11,1.0,1.25,1.125,0.01410270576563006,0.06489
HTPM,10,5,12,0.8,1.0,0.9,0.015177976049728576,0.07986
HTPM,10,5,13,0.6,0.8,0.7,0.7444355033183383,0.10675
HTPM,10,5,14,0.5,0.6,0.55,0.03703103321485233,0.1431
HTPM,10,5,15,0.4,0.5,0.45,0.038773606601856594,0.19685
HTPM,10,5,16,0.3,0.4,0.35,0.016494802851804772,0.3177
HTPM,10,5,17,0.2,0.3,0.25,0.0168448760743746,0.7008000000000001
HTPM,10,5,18,0.15,0.2,0.175,0.012209762741842158,1.5062499999999999
HTPM,10,5,19,0.1,0.15,0.125,0.027811039659464416,3.7815000000000003
HTPM,10,5,20,0.088,0.1,0.094,0.004042362638344172,6.616
HTPM,10,5,21,0.08,0.088,0.08399999999999999,0.003729747250589314,2.1645
HTPM,10,5,22,0.06,0.08,0.07,0.008080649081631025,3.7199999999999998
HTPM,10,5,23,0.05,0.06,0.055,0.003072204237084045,6.531000000000001
HTPM,10,5,24,0.04,0.05,0.045,0.005218440822852908,11.2005
HTPM,10,5,25,0.03,0.04,0.035,0.006958448604732864,22.34
HTPM,10,5,26,0.02,0.03,0.025,0.0052560736942791645,58.34
HTPM,10,5,27,0.0159,0.02,0.01795,0.002345326104758483,120.58000000000001
HTPM,10,5,28,0.0155,0.0159,0.0157,0.00023715509051002,138.0
HTPM,10,5,29,0.0152,0.0155,0.015349999999999999,0.00017384409644327758,145.05
HTPM,10,5,30,0.015,0.0152,0.015099999999999999,0.00011400609249822569,109.69999999999999
HTPM,10,5,31,0.013,0.015,0.013999999999999999,0.001223712120396217,136.85
HTPM,10,5,32,0.01,0.013,0.0115,0.0019644454794977896,98.805
HTPM,10,5,33,0.008,0.01,0.009000000000000001,0.0014274427471228656,179.64999999999998
HTPM,10,5,34,0.006,0.008,0.007,0.0015887545698736038,347.95
HTPM,10,5,35,0.005,0.006,0.0055,0.0009320663584494722,598.8
HTPM,10,5,36,0.004,0.005,0.0045000000000000005,1.0676525948649252e-05,990.7
HTPM,10,5,37,0.00385,0.004,0.003925,7.202026435906612e-08,1309.5
HTPM,10,5,38,0.0037,0.00385,0.003775,1.2764496922716424e-06,1339.5
HTPM,10,5,39,0.00355,0.0037,0.003625,3.3303832387292944e-09,1513.5
HTPM,10,5,40,0.0033,0.00355,0.003425,7.712859996013543e-07,1540.5
HTPM,10,5,41,0.00307,0.0033,0.003185,2.953101773816124e-07,1971.0
HTPM,10,5,42,0.003,0.00307,0.003035,1.7428910904425599e-09,1911.0
HTPM,10,5,43,0.00259,0.003,0.0027949999999999997,5.596760638512885e-06,2211.5
HTPM,10,5,44,0.00253,0.00259,0.0025599999999999998,7.6139103609971e-12,1835.0
HTPM,10,5,45,0.00248,0.00253,0.0025050000000000003,2.8344770645865395e-09,1561.5
HTPM,10,5,46,0.002,0.00248,0.00224,7.189602433148081e-07,1042.8
HTPM,10,5,47,0.0015,0.002,0.00175,1.9246594179765485e-08,1820.5
HTPM,10,5,48,0.001,0.0015,0.00125,7.025142349156012e-11,3783.0
HTPM,10,6,1,15.0,20.0,17.5,0.0,0.05932
HTPM,10,6,2,10.0,15.0,12.5,1.6980058990225274e-12,0.05315
HTPM,10,6,3,8.0,10.0,9.0,1.6717674680606163e-11,0.048235
HTPM,10,6,4,6.0,8.0,7.0,1.1525814937079034e-10,0.045329999999999995
HTPM,10,6,5,5.0,6.0,5.5,2.0197659369474822e-10,0.043315
HTPM,10,6,6,4.0,5.0,4.5,4.925860562023924e-10,0.042345
HTPM,10,6,7,3.0,4.0,3.5,4.9335858930665404e-05,0.042155
HTPM,10,6,8,2.0,3.0,2.5,0.01720270886131199,0.0442
HTPM,10,6,9,1.5,2.0,1.75,0.004338582353773889,0.04914
HTPM,10,6,10,1.25,1.5,1.375,0.01275561475858196,0.05549
HTPM,10,6,11,1.0,1.25,1.125,0.01580876033124978,0.06489
HTPM,10,6,12,0.8,1.0,0.9,0.017146911564649474,0.07986
HTPM,10,6,13,0.6,0.8,0.7,0.7265134530016956,0.10675
HTPM,10,6,14,0.5,0.6,0.55,0.04177421744957507,0.1431
HTPM,10,6,15,0.4,0.5,0.45,0.033175340955291226,0.19685
HTPM,10,6,16,0.3,0.4,0.35,0.018356698405923133,0.3177
HTPM,10,6,17,0.2,0.3,0.25,0.01864428478605674,0.7008000000000001
HTPM,10,6,18,0.15,0.2,0.175,0.013557591577383336,1.5062499999999999
HTPM,10,6,19,0.1,0.15,0.125,0.02960733122082566,3.7815000000000003
HTPM,10,6,20,0.088,0.1,0.094,0.004470261350200094,6.616
HTPM,10,6,21,0.08,0.088,0.08399999999999999,0.004151178941166702,2.1645
HTPM,10,6,22,0.06,0.08,0.07,0.008926430530490753,3.7199999999999998
HTPM,10,6,23,0.05,0.06,0.055,0.003387280716357268,6.531000000000001
HTPM,10,6,24,0.04,0.05,0.045,0.005742486357613658,11.2005
HTPM,10,6,25,0.03,0.04,0.035,0.007646532665981277,22.34
HTPM,10,6,26,0.02,0.03,0.025,0.005736787103957691,58.34
HTPM,10,6,27,0.0159,0.02,0.01795,0.0025722966264945715,120.58000000000001
HTPM,10,6,28,0.0155,0.0159,0.0157,0.0002608188951801454,138.0
HTPM,10,6,29,0.0152,0.0155,0.015349999999999999,0.00019118398555409495,145.05
HTPM,10,6,30,0.015,0.0152,0.015099999999999999,0.0001253772252532979,109.69999999999999
HTPM,10,6,31,0.013,0.015,0.013999999999999999,0.001345402841312336,136.85
HTPM,10,6,32,0.01,0.013,0.0115,0.0021589443349235467,98.805
HTPM,10,6,33,0.008,0.01,0.009000000000000001,0.0015680527123990513,179.64999999999998
HTPM,10,6,34,0.006,0.008,0.007,0.001744575069113195,347.95
HTPM,10,6,35,0.005,0.006,0.0055,0.0010221166861040572,598.8
HTPM,10,6,36,0.004,0.005,0.0045000000000000005,1.2258176319919028e-05,990.7
HTPM,10,6,37,0.00385,0.004,0.003925,4.6987540494913975e-08,1309.5
HTPM,10,6,38,0.0037,0.00385,0.003775,1.435265932653528e-06,1339.5
HTPM,10,6,39,0.00355,0.0037,0.003625,3.9784106580563805e-09,1513.5
HTPM,10,6,40,0.0033,0.00355,0.003425,8.402861523978577e-07,1540.5
HTPM,10,6,41,0.00307,0.0033,0.003185,2.563766840696782e-07,1971.0
HTPM,10,6,42,0.003,0.00307,0.003035,2.001701489272511e-09,1911.0
HTPM,10,6,43,0.00259,0.003,0.0027949999999999997,4.023256642041655e-06,2211.5
HTPM,10,6,44,0.00253,0.00259,0.0025599999999999998,8.660020303071693e-12,1835.0
HTPM,10,6,45,0.00248,0.00253,0.0025050000000000003,2.4905600003663597e-09,1561.5
HTPM,10,6,46,0.002,0.00248,0.00224,5.561613327673854e-07,1042.8
HTPM,10,6,47,0.0015,0.002,0.00175,1.6935893418415604e-08,1820.5
HTPM,10,6,48,0.001,0.0015,0.00125,7.858337921415715e-11,3783.0
HTPM,10,7,1,15.0,20.0,17.5,0.0,0.05932
HTPM,10,7,2,10.0,15.0,12.5,1.8211233787128557e-12,0.05315
HTPM,10,7,3,8.0,10.0,9.0,1.793018016977979e-11,0.048235
HTPM,10,7,4,6.0,8.0,7.0,1.236190434778976e-10,0.045329999999999995
HTPM,10,7,5,5.0,6.0,5.5,2.1662758753572747e-10,0.043315
HTPM,10,7,6,4.0,5.0,4.5,5.283393847523027e-10,0.042345
HTPM,10,7,7,3.0,4.0,3.5,5.545949539341374e-05,0.042155
HTPM,10,7,8,2.0,3.0,2.5,0.019097411451885267,0.0442
HTPM,10,7,9,1.5,2.0,1.75,0.00470246675726469,0.04914
HTPM,10,7,10,1.25,1.5,1.375,0.014493202960384912,0.05549
HTPM,10,7,11,1.0,1.25,1.125,0.01757411685534838,0.06489
HTPM,10,7,12,0.8,1.0,0.9,0.01925921174500079,0.07986
HTPM,10,7,13,0.6,0.8,0.7,0.7056045004631958,0.10675
HTPM,10,7,14,0.5,0.6,0.55,0.04669064341408028,0.1431
HTPM,10,7,15,0.4,0.5,0.45,0.029445112710028285,0.19685
HTPM,10,7,16,0.3,0.4,0.35,0.02022068623362402,0.3177
HTPM,10,7,17,0.2,0.3,0.25,0.02043472619978028,0.7008000000000001
HTPM,10,7,18,0.15,0.2,0.175,0.014899965904198132,1.5062499999999999
HTPM,10,7,19,0.1,0.15,0.125,0.031715763521727454,3.7815000000000003
HTPM,10,7,20,0.088,0.1,0.094,0.004898424696686563,6.616
HTPM,10,7,21,0.08,0.088,0.08399999999999999,0.004567341412451682,2.1645
HTPM,10,7,22,0.06,0.08,0.07,0.009772438396257355,3.7199999999999998
HTPM,10,7,23,0.05,0.06,0.055,0.0037037440940432898,6.531000000000001
HTPM,10,7,24,0.04,0.05,0.045,0.0062738246372587795,11.2005
HTPM,10,7,25,0.03,0.04,0.035,0.008362228248506359,22.34
HTPM,10,7,26,0.02,0.03,0.025,0.006231608299218528,58.34
HTPM,10,7,27,0.0159,0.02,0.01795,0.0028002371967746193,120.58000000000001
HTPM,10,7,28,0.0155,0.0159,0.0157,0.0002846090822109665,138.0
HTPM,10,7,29,0.0152,0.0155,0.015349999999999999,0.00020861140796746367,145.05
HTPM,10,7,30,0.015,0.0152,0.015099999999999999,0.00013680571516194278,109.69999999999999
HTPM,10,7,31,0.013,0.015,0.013999999999999999,0.0014677781978353972,136.85
HTPM,10,7,32,0.01,0.013,0.0115,0.002354596242328255,98.805
HTPM,10,7,33,0.008,0.01,0.009000000000000001,0.0017095424301770373,179.64999999999998
HTPM,10,7,34,0.006,0.008,0.007,0.0019015484609554887,347.95
HTPM,10,7,35,0.005,0.006,0.0055,0.0011132671081992025,598.8
HTPM,10,7,36,0.004,0.005,0.0045000000000000005,1.4048330461621922e-05,990.7
HTPM,10,7,37,0.00385,0.004,0.003925,3.2768265901648514e-08,1309.5
HTPM,10,7,38,0.0037,0.00385,0.003775,1.6079874268851973e-06,1339.5
HTPM,10,7,39,0.00355,0.0037,0.003625,4.730814001562946e-09,1513.5
HTPM,10,7,40,0.0033,0.00355,0.003425,9.048318568640478e-07,1540.5
HTPM,10,7,41,0.00307,0.0033,0.003185,2.3401193098856226e-07,1971.0
HTPM,10,7,42,0.003,0.00307,0.003035,2.2592741524573785e-09,1911.0
HTPM,10,7,43,0.00259,0.003,0.0027949999999999997,2.8472414174399292e-06,2211.5
HTPM,10,7,44,0.00253,0.00259,0.0025599999999999998,9.690114796916535e-12,1835.0
HTPM,10,7,45,0.00248,0.00253,0.0025050000000000003,2.148865203248441e-09,1561.5
HTPM,10,7,46,0.002,0.00248,0.00224,4.2672566838356735e-07,1042.8
HTPM,10,7,47,0.0015,0.002,0.00175,1.464172581494944e-08,1820.5
HTPM,10,7,48,0.001,0.0015,0.00125,8.632075220472628e-11,3783.0
HTPM,10,8,1,15.0,20.0,17.5,0.0,0.05932
HTPM,10,8,2,10.0,15.0,12.5,1.9211737632683023e-12,0.05315
HTPM,10,8,3,8.0,10.0,9.0,1.891534748122372e-11,0.048235
HTPM,10,8,4,6.0,8.0,7.0,1.3041533660338188e-10,0.045329999999999995
HTPM,10,8,5,5.0,6.0,5.5,2.2853664495475737e-10,0.043315
HTPM,10,8,6,4.0,5.0,4.5,5.574120704265855e-10,0.042345
HTPM,10,8,7,3.0,4.0,3.5,6.12685765178334e-05,0.042155
HTPM,10,8,8,2.0,3.0,2.5,0.0208188748472926,0.0442
HTPM,10,8,9,1.5,2.0,1.75,0.005136732678938714,0.04914
HTPM,10,8,10,1.25,1.5,1.375,0.016179788919184084,0.05549
HTPM,10,8,11,1.0,1.25,1.125,0.01930078516563332,0.06489
HTPM,10,8,12,0.8,1.0,0.9,0.021343393870230067,0.07986
HTPM,10,8,13,0.6,0.8,0.7,0.6841174839399534,0.10675
HTPM,10,8,14,0.5,0.6,0.55,0.051502605640245815,0.1431
HTPM,10,8,15,0.4,0.5,0.45,0.027080644353805677,0.19685
HTPM,10,8,16,0.3,0.4,0.35,0.021973281559518342,0.3177
HTPM,10,8,17,0.2,0.3,0.25,0.02212171110499703,0.7008000000000001
HTPM,10,8,18,0.15,0.2,0.175,0.016165975592664604,1.5062499999999999
HTPM,10,8,19,0.1,0.15,0.125,0.03387221354977806,3.7815000000000003
HTPM,10,8,20,0.088,0.1,0.094,0.005303053285702782,6.616
HTPM,10,8,21,0.08,0.088,0.08399999999999999,0.004957090112694457,2.1645
HTPM,10,8,22,0.06,0.08,0.07,0.01057389246675497,3.7199999999999998
HTPM,10,8,23,0.05,0.06,0.055,0.004004661758893177,6.531000000000001
HTPM,10,8,24,0.04,0.05,0.045,0.006780436980061482,11.2005
HTPM,10,8,25,0.03,0.04,0.035,0.009057342129969817,22.34
HTPM,10,8,26,0.02,0.03,0.025,0.006709810613916127,58.34
HTPM,10,8,27,0.0159,0.02,0.01795,0.003016819094197025,120.58000000000001
HTPM,10,8,28,0.0155,0.0159,0.0157,0.0003072468756094189,138.0
HTPM,10,8,29,0.0152,0.0155,0.015349999999999999,0.00022519791806048297,145.05
HTPM,10,8,30,0.015,0.0152,0.015099999999999999,0.00014768474722369845,109.69999999999999
HTPM,10,8,31,0.013,0.015,0.013999999999999999,0.0015841428682646776,136.85
HTPM,10,8,32,0.01,0.013,0.0115,0.002540901776387342,98.805
HTPM,10,8,33,0.008,0.01,0.009000000000000001,0.001844339045941868,179.64999999999998
HTPM,10,8,34,0.006,0.008,0.007,0.002051153597798686,347.95
HTPM,10,8,35,0.005,0.006,0.0055,0.0012002098679836939,598.8
HTPM,10,8,36,0.004,0.005,0.0045000000000000005,1.5928365987855728e-05,990.7
HTPM,10,8,37,0.00385,0.004,0.003925,2.382840621391601e-08,1309.5
HTPM,10,8,38,0.0037,0.00385,0.003775,1.7853321850119398e-06,1339.5
HTPM,10,8,39,0.00355,0.0037,0.003625,5.534005988506334e-09,1513.5
HTPM,10,8,40,0.0033,0.00355,0.003425,9.61408137416003e-07,1540.5
HTPM,10,8,41,0.00307,0.0033,0.003185,2.2456833620130215e-07,1971.0
HTPM,10,8,42,0.003,0.00307,0.003035,2.5046397044346402e-09,1911.0
HTPM,10,8,43,0.00259,0.003,0.0027949999999999997,1.9855181751200524e-06,2211.5
HTPM,10,8,44,0.00253,0.00259,0.0025599999999999998,1.066135172201395e-11,1835.0
HTPM,10,8,45,0.00248,0.00253,0.0025050000000000003,1.8195490690928056e-09,1561.5
HTPM,10,8,46,0.002,0.00248,0.00224,3.2470904075211953e-07,1042.8
HTPM,10,8,47,0.0015,0.002,0.00175,1.2432401641008332e-08,1820.5
HTPM,10,8,48,0.001,0.0015,0.00125,9.305390735779397e-11,3783.0
HTPM,10,9,1,15.0,20.0,17.5,0.0,0.05932
HTPM,10,9,2,10.0,15.0,12.5,1.993931813748187e-12,0.05315
HTPM,10,9,3,8.0,10.0,9.0,1.9631993095273498e-11,0.048235
HTPM,10,9,4,6.0,8.0,7.0,1.3536228548888952e-10,0.045329999999999995
HTPM,10,9,5,5.0,6.0,5.5,2.372154032881639e-10,0.043315
HTPM,10,9,6,4.0,5.0,4.5,5.785907378408814e-10,0.042345
HTPM,10,9,7,3.0,4.0,3.5,6.645188946682917e-05,0.042155
HTPM,10,9,8,2.0,3.0,2.5,0.022278017630942764,0.0442
HTPM,10,9,9,1.5,2.0,1.75,0.005540256010561832,0.04914
HTPM,10,9,10,1.25,1.5,1.375,0.01774492636715132,0.05549
HTPM,10,9,11,1.0,1.25,1.125,0.020901115630920463,0.06489
HTPM,10,9,12,0.8,1.0,0.9,0.023286272598529653,0.07986
HTPM,10,9,13,0.6,0.8,0.7,0.6638624176174956,0.10675
HTPM,10,9,14,0.5,0.6,0.55,0.055967247597347704,0.1431
HTPM,10,9,15,0.4,0.5,0.45,0.025673645176185284,0.19685
HTPM,10,9,16,0.3,0.4,0.35,0.023524855115276102,0.3177
HTPM,10,9,17,0.2,0.3,0.25,0.023619106463283246,0.7008000000000001
HTPM,10,9,18,0.15,0.2,0.175,0.017291605517967698,1.5062499999999999
HTPM,10,9,19,0.1,0.15,0.125,0.0358624034606294,3.7815000000000003
HTPM,10,9,20,0.088,0.1,0.094,0.005664430989280799,6.616
HTPM,10,9,21,0.08,0.088,0.08399999999999999,0.005300527003537387,2.1645
HTPM,10,9,22,0.06,0.08,0.07,0.011290092319590302,3.7199999999999998
HTPM,10,9,23,0.05,0.06,0.055,0.004274204849688233,6.531000000000001
HTPM,10,9,24,0.04,0.05,0.045,0.007234494327817148,11.2005
HTPM,10,9,25,0.03,0.04,0.035,0.009689437150486854,22.34
HTPM,10,9,26,0.02,0.03,0.025,0.007143877049198337,58.34
HTPM,10,9,27,0.0159,0.02,0.01795,0.003210822925129014,120.58000000000001
HTPM,10,9,28,0.0155,0.0159,0.0157,0.00032756132242890603,138.0
HTPM,10,9,29,0.0152,0.0155,0.015349999999999999,0.00024008268403556034,145.05
HTPM,10,9,30,0.015,0.0152,0.015099999999999999,0.00015744364135190093,109.69999999999999
HTPM,10,9,31,0.013,0.015,0.013999999999999999,0.0016885902700575744,136.85
HTPM,10,9,32,0.01,0.013,0.0115,0.002708162433088009,98.805
HTPM,10,9,33,0.008,0.01,0.009000000000000001,0.0019653938185257252,179.64999999999998
HTPM,10,9,34,0.006,0.008,0.007,0.0021856418690677963,347.95
HTPM,10,9,35,0.005,0.006,0.0055,0.0012782639785793011,598.8
HTPM,10,9,36,0.004,0.005,0.0045000000000000005,1.780844052181584e-05,990.7
HTPM,10,9,37,0.00385,0.004,0.003925,1.7962167518344657e-08,1309.5
HTPM,10,9,38,0.0037,0.00385,0.003775,1.9590177851698685e-06,1339.5
HTPM,10,9,39,0.00355,0.0037,0.003625,6.356596946031187e-09,1513.5
HTPM,10,9,40,0.0033,0.00355,0.003425,1.0073626277099863e-06,1540.5
HTPM,10,9,41,0.00307,0.0033,0.003185,2.2472473167071237e-07,1971.0
HTPM,10,9,42,0.003,0.00307,0.003035,2.7276063455082293e-09,1911.0
HTPM,10,9,43,0.00259,0.003,0.0027949999999999997,1.3676210557166725e-06,2211.5
HTPM,10,9,44,0.00253,0.00259,0.0025599999999999998,1.1533709077491992e-11,1835.0
HTPM,10,9,45,0.00248,0.00253,0.0025050000000000003,1.5122122362593068e-09,1561.5
HTPM,10,9,46,0.002,0.00248,0.00224,2.451127753180223e-07,1042.8
HTPM,10,9,47,0.0015,0.002,0.00175,1.037151680626394e-08,1820.5
HTPM,10,9,48,0.001,0.0015,0.00125,9.84539734126883e-11,3783.0
HTPM,10,10,1,15.0,20.0,17.5,0.0,0.05932
HTPM,10,10,2,10.0,15.0,12.5,2.0384004035289283e-12,0.05315
HTPM,10,10,3,8.0,10.0,9.0,2.0070033162323692e-11,0.048235
HTPM,10,10,4,6.0,8.0,7.0,1.3838291388125585e-10,0.045329999999999995
HTPM,10,10,5,5.0,6.0,5.5,2.4252091287515953e-10,0.043315
HTPM,10,10,6,4.0,5.0,4.5,5.915360630485099e-10,0.042345
HTPM,10,10,7,3.0,4.0,3.5,7.081190050465988e-05,0.042155
HTPM,10,10,8,2.0,3.0,2.5,0.023422004636702586,0.0442
HTPM,10,10,9,1.5,2.0,1.75,0.0058796700828791315,0.04914
HTPM,10,10,10,1.25,1.5,1.375,0.01913741730202409,0.05549
HTPM,10,10,11,1.0,1.25,1.125,0.022310432795030286,0.06489
HTPM,10,10,12,0.8,1.0,0.9,0.025012094681212148,0.07986
HTPM,10,10,13,0.6,0.8,0.7,0.646100884661165,0.10675
HTPM,10,10,14,0.5,0.6,0.55,0.05989602266803857,0.1431
HTPM,10,10,15,0.4,0.5,0.45,0.024905777903408546,0.19685
HTPM,10,10,16,0.3,0.4,0.35,0.024814664371857878,0.3177
HTPM,10,10,17,0.2,0.3,0.25,0.024868167085152167,0.7008000000000001
HTPM,10,10,18,0.15,0.2,0.175,0.0182346252314123,1.5062499999999999
HTPM,10,10,19,0.1,0.15,0.125,0.03753996689100361,3.7815000000000003
HTPM,10,10,20,0.088,0.1,0.094,0.005967385397540861,6.616
HTPM,10,10,21,0.08,0.088,0.08399999999999999,0.005585301862442799,2.1645
HTPM,10,10,22,0.06,0.08,0.07,0.011893017489518794,3.7199999999999998
HTPM,10,10,23,0.05,0.06,0.055,0.004501670620896312,6.531000000000001
HTPM,10,10,24,0.04,0.05,0.045,0.007616429075342711,11.2005
HTPM,10,10,25,0.03,0.04,0.035,0.010229374457475454,22.34
HTPM,10,10,26,0.02,0.03,0.025,0.007514482568674535,58.34
HTPM,10,10,27,0.0159,0.02,0.01795,0.0033744299004464687,120.58000000000001
HTPM,10,10,28,0.0155,0.0159,0.0157,0.00034473795256986437,138.0
HTPM,10,10,29,0.0152,0.0155,0.015349999999999999,0.0002526655305590995,145.05
HTPM,10,10,30,0.015,0.0152,0.015099999999999999,0.00016569763820749385,109.69999999999999
HTPM,10,10,31,0.013,0.015,0.013999999999999999,0.001776851594995047,136.85
HTPM,10,10,32,0.01,0.013,0.0115,0.002849665753319065,98.805
HTPM,10,10,33,0.008,0.01,0.009000000000000001,0.002067885166122593,179.64999999999998
HTPM,10,10,34,0.006,0.008,0.007,0.0022995466173885153,347.95
HTPM,10,10,35,0.005,0.006,0.0055,0.0013441497255520763,598.8
HTPM,10,10,36,0.004,0.005,0.0045000000000000005,1.9619736316424587e-05,990.7
HTPM,10,10,37,0.00385,0.004,0.003925,1.4030995183030663e-08,1309.5
HTPM,10,10,38,0.0037,0.00385,0.003775,2.1221136092902787e-06,1339.5
HTPM,10,10,39,0.00355,0.0037,0.003625,7.173555068750892e-09,1513.5
HTPM,10,10,40,0.0033,0.00355,0.003425,1.0415675143004843e-06,1540.5
HTPM,10,10,41,0.00307,0.0033,0.003185,2.3168486532461197e-07,1971.0
HTPM,10,10,42,0.003,0.00307,0.003035,2.9207631782045725e-09,1911.0
HTPM,10,10,43,0.00259,0.003,0.0027949999999999997,9.346107169107233e-07,2211.5
HTPM,10,10,44,0.00253,0.00259,0.0025599999999999998,1.2282273566577298e-11,1835.0
HTPM,10,10,45,0.00248,0.00253,0.0025050000000000003,1.2346026287306121e-09,1561.5
HTPM,10,10,46,0.002,0.00248,0.00224,1.8374420934762423e-07,1042.8
HTPM,10,10,47,0.0015,0.002,0.00175,8.512241955383689e-09,1820.5
HTPM,10,10,48,0.001,0.0015,0.00125,1.0233718242119148e-10,3783.0
HTPM,10,11,1,15.0,20.0,17.5,0.0,0.05932
HTPM,10,11,2,10.0,15.0,12.5,2.0558715078887155e-12,0.05315
HTPM,10,11,3,8.0,10.0,9.0,2.0242581137620403e-11,0.048235
HTPM,10,11,4,6.0,8.0,7.0,1.3957641739858098e-10,0.045329999999999995
HTPM,10,11,5,5.0,6.0,5.5,2.4461802039566463e-10,0.043315
HTPM,10,11,6,4.0,5.0,4.5,5.966744801323871e-10,0.042345
HTPM,10,11,7,3.0,4.0,3.5,7.42433451804629e-05,0.042155
HTPM,10,11,8,2.0,3.0,2.5,0.024225945336202162,0.0442
HTPM,10,11,9,1.5,2.0,1.75,0.006142710034019842,0.04914
HTPM,10,11,10,1.25,1.5,1.375,0.020321960518626624,0.05549
HTPM,10,11,11,1.0,1.25,1.125,0.02348771562094776,0.06489
HTPM,10,11,12,0.8,1.0,0.9,0.02647294261126421,0.07986
HTPM,10,11,13,0.6,0.8,0.7,0.6316320232233892,0.10675
HTPM,10,11,14,0.5,0.6,0.55,0.06317674377060996,0.1431
HTPM,10,11,15,0.4,0.5,0.45,0.024520854529200612,0.19685
HTPM,10,11,16,0.3,0.4,0.35,0.025811766680465132,0.3177
HTPM,10,11,17,0.2,0.3,0.25,0.025836200163215053,0.7008000000000001
HTPM,10,11,18,0.15,0.2,0.175,0.018969361182901306,1.5062499999999999
HTPM,10,11,19,0.1,0.15,0.125,0.038821271537902186,3.7815000000000003
HTPM,10,11,20,0.088,0.1,0.094,0.006204538520549552,6.616
HTPM,10,11,21,0.08,0.088,0.08399999999999999,0.005804123782761081,2.1645
HTPM,10,11,22,0.06,0.08,0.07,0.012365991685252375,3.7199999999999998
HTPM,10,11,23,0.05,0.06,0.055,0.004681102039712648,6.531000000000001
HTPM,10,11,24,0.04,0.05,0.045,0.007915388645457662,11.2005
HTPM,10,11,25,0.03,0.04,0.035,0.010660181334135576,22.34
HTPM,10,11,26,0.02,0.03,0.025,0.007809883100667639,58.34
HTPM,10,11,27,0.0159,0.02,0.01795,0.0035032583320975252,120.58000000000001
HTPM,10,11,28,0.0155,0.0159,0.0157,0.00035831543487932163,138.0
HTPM,10,11,29,0.0152,0.0155,0.015349999999999999,0.0002626100717065001,145.05
HTPM,10,11,30,0.015,0.0152,0.015099999999999999,0.00017221313288351268,109.69999999999999
HTPM,10,11,31,0.013,0.015,0.013999999999999999,0.0018465943124459851,136.85
HTPM,10,11,32,0.01,0.013,0.0115,0.0029615824441179698,98.805
HTPM,10,11,33,0.008,0.01,0.009000000000000001,0.0021489925150969405,179.64999999999998
HTPM,10,11,34,0.006,0.008,0.007,0.002389783015700864,347.95
HTPM,10,11,35,0.005,0.006,0.0055,0.001396008508813309,598.8
HTPM,10,11,36,0.004,0.005,0.0045000000000000005,2.1311354661377808e-05,990.7
HTPM,10,11,37,0.00385,0.004,0.003925,1.1343866978892155e-08,1309.5
HTPM,10,11,38,0.0037,0.00385,0.003775,2.2699044010883733e-06,1339.5
HTPM,10,11,39,0.00355,0.0037,0.003625,7.96502099716413e-09,1513.5
HTPM,10,11,40,0.0033,0.00355,0.003425,1.064065809828046e-06,1540.5
HTPM,10,11,41,0.00307,0.0033,0.003185,2.430441802893284e-07,1971.0
HTPM,10,11,42,0.003,0.00307,0.003035,3.0800492155585494e-09,1911.0
HTPM,10,11,43,0.00259,0.003,0.0027949999999999997,6.378269414280799e-07,2211.5
HTPM,10,11,44,0.00253,0.00259,0.0025599999999999998,1.2892928295547522e-11,1835.0
HTPM,10,11,45,0.00248,0.00253,0.0025050000000000003,9.916826475089897e-10,1561.5
HTPM,10,11,46,0.002,0.00248,0.00224,1.369857617167447e-07,1042.8
HTPM,10,11,47,0.0015,0.002,0.00175,6.886709583754948e-09,1820.5
HTPM,10,11,48,0.001,0.0015,0.00125,1.0465184479032588e-10,3783.0
HTPM,10,12,1,15.0,20.0,17.5,0.0,0.05932
HTPM,10,12,2,10.0,15.0,12.5,2.050148487581839e-12,0.05315
HTPM,10,12,3,8.0,10.0,9.0,2.0186310628659585e-11,0.048235
HTPM,10,12,4,6.0,8.0,7.0,1.3919593864132697e-10,0.045329999999999995
HTPM,10,12,5,5.0,6.0,5.5,2.4395428511509896e-10,0.043315
HTPM,10,12,6,4.0,5.0,4.5,5.950639439295985e-10,0.042345
HTPM,10,12,7,3.0,4.0,3.5,7.673454378534111e-05,0.042155
HTPM,10,12,8,2.0,3.0,2.5,0.024702410550443334,0.0442
HTPM,10,12,9,1.5,2.0,1.75,0.006328771129194664,0.04914
HTPM,10,12,10,1.25,1.5,1.375,0.021291275029042024,0.05549
HTPM,10,12,11,1.0,1.25,1.125,0.024420118020945025,0.06489
HTPM,10,12,12,0.8,1.0,0.9,0.027655088812712544,0.07986
HTPM,10,12,13,0.6,0.8,0.7,0.620730712849879,0.10675
HTPM,10,12,14,0.5,0.6,0.55,0.0657656930161803,0.1431
HTPM,10,12,15,0.4,0.5,0.45,0.02434130833276118,0.19685
HTPM,10,12,16,0.3,0.4,0.35,0.026516629891692112,0.3177
HTPM,10,12,17,0.2,0.3,0.25,0.026523080449349885,0.7008000000000001
HTPM,10,12,18,0.15,0.2,0.175,0.019496326728795848,1.5062499999999999
HTPM,10,12,19,0.1,0.15,0.125,0.03968463703032934,3.7815000000000003
HTPM,10,12,20,0.088,0.1,0.094,0.006375189342100001,6.616
HTPM,10,12,21,0.08,0.088,0.08399999999999999,0.005957064194723127,2.1645
HTPM,10,12,22,0.06,0.08,0.07,0.012708566169462317,3.7199999999999998
HTPM,10,12,23,0.05,0.06,0.055,0.004811180681838599,6.531000000000001
HTPM,10,12,24,0.04,0.05,0.045,0.008130024849551316,11.2005
HTPM,10,12,25,0.03,0.04,0.035,0.010978720122377217,22.34
HTPM,10,12,26,0.02,0.03,0.025,0.008028202796923362,58.34
HTPM,10,12,27,0.0159,0.02,0.01795,0.0035969389968152302,120.58000000000001
HTPM,10,12,28,0.0155,0.0159,0.0157,0.0003682415013810503,138.0
HTPM,10,12,29,0.0152,0.0155,0.015349999999999999,0.0002698682716576136,145.05
HTPM,10,12,30,0.015,0.0152,0.015099999999999999,0.00017698201528903215,109.69999999999999
HTPM,10,12,31,0.013,0.015,0.013999999999999999,0.001897547645071893,136.85
HTPM,10,12,32,0.01,0.013,0.0115,0.0030435150152059733,98.805
HTPM,10,12,33,0.008,0.01,0.009000000000000001,0.0022084129197153103,179.64999999999998
HTPM,10,12,34,0.006,0.008,0.007,0.002455965970947681,347.95
HTPM,10,12,35,0.005,0.006,0.0055,0.0014336332141613151,598.8
HTPM,10,12,36,0.004,0.005,0.0045000000000000005,2.2857131774072382e-05,990.7
HTPM,10,12,37,0.00385,0.004,0.003925,9.459221922593863e-09,1309.5
HTPM,10,12,38,0.0037,0.00385,0.003775,2.4004585997746578e-06,1339.5
HTPM,10,12,39,0.00355,0.0037,0.003625,8.718218949575385e-09,1513.5
HTPM,10,12,40,0.0033,0.00355,0.003425,1.0761357293622638e-06,1540.5
HTPM,10,12,41,0.00307,0.0033,0.003185,2.570182770115046e-07,1971.0
HTPM,10,12,42,0.003,0.00307,0.003035,3.2050231102576558e-09,1911.0
HTPM,10,12,43,0.00259,0.003,0.0027949999999999997,4.386350502304352e-07,2211.5
HTPM,10,12,44,0.00253,0.00259,0.0025599999999999998,1.3367619645357026e-11,1835.0
HTPM,10,12,45,0.00248,0.00253,0.0025050000000000003,7.852132890487141e-10,1561.5
HTPM,10,12,46,0.002,0.00248,0.00224,1.0173427343934654e-07,1042.8
HTPM,10,12,47,0.0015,0.002,0.00175,5.506970083594329e-09,1820.5
HTPM,10,12,48,0.001,0.0015,0.00125,1.0549887049288439e-10,3783.0
HTPM,10,13,1,15.0,20.0,17.5,0.0,0.05932
HTPM,10,13,2,10.0,15.0,12.5,2.025784261307851e-12,0.05315
HTPM,10,13,3,8.0,10.0,9.0,1.994743469688965e-11,0.048235
HTPM,10,13,4,6.0,8.0,7.0,1.3754983509319102e-10,0.045329999999999995
HTPM,10,13,5,5.0,6.0,5.5,2.410835979225017e-10,0.043315
HTPM,10,13,6,4.0,5.0,4.5,5.881065938462174e-10,0.042345
HTPM,10,13,7,3.0,4.0,3.5,7.834300682869255e-05,0.042155
HTPM,10,13,8,2.0,3.0,2.5,0.024881848988555697,0.0442
HTPM,10,13,9,1.5,2.0,1.75,0.00644294510531814,0.04914
HTPM,10,13,10,1.25,1.5,1.375,0.022051335782264817,0.05549
HTPM,10,13,11,1.0,1.25,1.125,0.025116496151108218,0.06489
HTPM,10,13,12,0.8,1.0,0.9,0.028566254476156152,0.07986
HTPM,10,13,13,0.6,0.8,0.7,0.613325273644536,0.10675
HTPM,10,13,14,0.5,0.6,0.55,0.06769077610087124,0.1431
HTPM,10,13,15,0.4,0.5,0.45,0.02424490716300591,0.19685
HTPM,10,13,16,0.3,0.4,0.35,0.026947511923454657,0.3177
HTPM,10,13,17,0.2,0.3,0.25,0.026944719543684603,0.7008000000000001
HTPM,10,13,18,0.15,0.2,0.175,0.019827641604754243,1.5062499999999999
HTPM,10,13,19,0.1,0.15,0.125,0.04014744014398087,3.7815000000000003
HTPM,10,13,20,0.088,0.1,0.094,0.006483544212889928,6.616
HTPM,10,13,21,0.08,0.088,0.08399999999999999,0.006048713438906913,2.1645
HTPM,10,13,22,0.06,0.08,0.07,0.012928159859405505,3.7199999999999998
HTPM,10,13,23,0.05,0.06,0.055,0.004895774736597897,6.531000000000001
HTPM,10,13,24,0.04,0.05,0.045,0.008265409214618784,11.2005
HTPM,10,13,25,0.03,0.04,0.035,0.011191439261419144,22.34
HTPM,10,13,26,0.02,0.03,0.025,0.00817312106321843,58.34
HTPM,10,13,27,0.0159,0.02,0.01795,0.0036576164432289525,120.58000000000001
HTPM,10,13,28,0.0155,0.0159,0.0157,0.0003747364576180967,138.0
HTPM,10,13,29,0.0152,0.0155,0.015349999999999999,0.0002746234298165989,145.05
HTPM,10,13,30,0.015,0.0152,0.015099999999999999,0.00018009697660206376,109.69999999999999
HTPM,10,13,31,0.013,0.015,0.013999999999999999,0.0019308189158029564,136.85
HTPM,10,13,32,0.01,0.013,0.0115,0.0030971575505335308,98.805
HTPM,10,13,33,0.008,0.01,0.009000000000000001,0.0022473770484353612,179.64999999999998
HTPM,10,13,34,0.006,0.008,0.007,0.0024995289416714223,347.95
HTPM,10,13,35,0.005,0.006,0.0055,0.0014578665731991383,598.8
HTPM,10,13,36,0.004,0.005,0.0045000000000000005,2.4247420304798964e-05,990.7
HTPM,10,13,37,0.00385,0.004,0.003925,8.092382892641972e-09,1309.5
HTPM,10,13,38,0.0037,0.00385,0.003775,2.5132672756163623e-06,1339.5
HTPM,10,13,39,0.00355,0.0037,0.003625,9.426463270634527e-09,1513.5
HTPM,10,13,40,0.0033,0.00355,0.003425,1.0796209319240122e-06,1540.5
HTPM,10,13,41,0.00307,0.0033,0.003185,2.7230376503686623e-07,1971.0
HTPM,10,13,42,0.003,0.00307,0.003035,3.297572929484936e-09,1911.0
HTPM,10,13,43,0.00259,0.003,0.0027949999999999997,3.073101198814498e-07,2211.5
HTPM,10,13,44,0.00253,0.00259,0.0025599999999999998,1.3717062992041736e-11,1835.0
HTPM,10,13,45,0.00248,0.00253,0.0025050000000000003,6.141357269680478e-10,1561.5
HTPM,10,13,46,0.002,0.00248,0.00224,7.541569926814738e-08,1042.8
HTPM,10,13,47,0.0015,0.002,0.00175,4.365379651649312e-09,1820.5
HTPM,10,13,48,0.001,0.0015,0.00125,1.0505456266157748e-10,3783.0
HTPM,10,14,1,15.0,20.0,17.5,0.0,0.05932
HTPM,10,14,2,10.0,15.0,12.5,1.987771135057324e-12,0.05315
HTPM,10,14,3,8.0,10.0,9.0,1.9572947192345156e-11,0.048235
HTPM,10,14,4,6.0,8.0,7.0,1.3497253873086624e-10,0.045329999999999995
HTPM,10,14,5,5.0,6.0,5.5,2.3657654249263776e-10,0.043315
HTPM,10,14,6,4.0,5.0,4.5,5.771078701834286e-10,0.042345
HTPM,10,14,7,3.0,4.0,3.5,7.916316303336249e-05,0.042155
HTPM,10,14,8,2.0,3.0,2.5,0.024803211577088237,0.0442
HTPM,10,14,9,1.5,2.0,1.75,0.00649360378819286,0.04914
HTPM,10,14,10,1.25,1.5,1.375,0.02262113086003993,0.05549
HTPM,10,14,11,1.0,1.25,1.125,0.025595871300448266,0.06489
HTPM,10,14,12,0.8,1.0,0.9,0.02922887166676448,0.07986
HTPM,10,14,13,0.6,0.8,0.7,0.6091245562858001,0.10675
HTPM,10,14,14,0.5,0.6,0.55,0.06899737918824705,0.1431
HTPM,10,14,15,0.4,0.5,0.45,0.024155961592863158,0.19685
HTPM,10,14,16,0.3,0.4,0.35,0.02713791737705682,0.3177
HTPM,10,14,17,0.2,0.3,0.25,0.027134178856960796,0.7008000000000001
HTPM,10,14,18,0.15,0.2,0.175,0.019987063063382014,1.5062499999999999
HTPM,10,14,19,0.1,0.15,0.125,0.04025451513396602,3.7815000000000003
HTPM,10,14,20,0.088,0.1,0.094,0.006536709672604065,6.616
HTPM,10,14,21,0.08,0.088,0.08399999999999999,0.006086639706099695,2.1645
HTPM,10,14,22,0.06,0.08,0.07,0.01303928516132337,3.7199999999999998
HTPM,10,14,23,0.05,0.06,0.055,0.0049397813732818185,6.531000000000001
HTPM,10,14,24,0.04,0.05,0.045,0.008330918181985595,11.2005
HTPM,10,14,25,0.03,0.04,0.035,0.01130947191289188,22.34
HTPM,10,14,26,0.02,0.03,0.025,0.008252596185973838,58.34
HTPM,10,14,27,0.0159,0.02,0.01795,0.0036888407717305146,120.58000000000001
HTPM,10,14,28,0.0155,0.0159,0.0157,0.0003781703741655766,138.0
HTPM,10,14,29,0.0152,0.0155,0.015349999999999999,0.0002771298401526782,145.05
HTPM,10,14,30,0.015,0.0152,0.015099999999999999,0.00018174045311693355,109.69999999999999
HTPM,10,14,31,0.013,0.015,0.013999999999999999,0.0019484867658882766,136.85
HTPM,10,14,32,0.01,0.013,0.0115,0.003125675712245217,98.805
HTPM,10,14,33,0.008,0.01,0.009000000000000001,0.0022681900504200846,179.64999999999998
HTPM,10,14,34,0.006,0.008,0.007,0.0025229627179241027,347.95
HTPM,10,14,35,0.005,0.006,0.0055,0.0014702141514835025,598.8
HTPM,10,14,36,0.004,0.005,0.0045000000000000005,2.548601488742653e-05,990.7
HTPM,10,14,37,0.00385,0.004,0.003925,7.063621555014173e-09,1309.5
HTPM,10,14,38,0.0037,0.00385,0.003775,2.609167196632326e-06,1339.5
HTPM,10,14,39,0.00355,0.0037,0.003625,1.0087396425001994e-08,1513.5
HTPM,10,14,40,0.0033,0.00355,0.003425,1.076545368407838e-06,1540.5
HTPM,10,14,41,0.00307,0.0033,0.003185,2.880110272033693e-07,1971.0
HTPM,10,14,42,0.003,0.00307,0.003035,3.3614869796741983e-09,1911.0
HTPM,10,14,43,0.00259,0.003,0.0027949999999999997,2.219611346440305e-07,2211.5
HTPM,10,14,44,0.00253,0.00259,0.0025599999999999998,1.3957971144824474e-11,1835.0
HTPM,10,14,45,0.00248,0.00253,0.0025050000000000003,4.753857665718236e-10,1561.5
HTPM,10,14,46,0.002,0.00248,0.00224,5.589835247578917e-08,1042.8
HTPM,10,14,47,0.0015,0.002,0.00175,3.4413077483924515e-09,1820.5
HTPM,10,14,48,0.001,0.0015,0.00125,1.0352896775921561e-10,3783.0
HTPM,10,15,1,15.0,20.0,17.5,0.0,0.05932
HTPM,10,15,2,10.0,15.0,12.5,1.9407129227352685e-12,0.05315
HTPM,10,15,3,8.0,10.0,9.0,1.911014615325163e-11,0.048235
HTPM,10,15,4,6.0,8.0,7.0,1.3178663616854065e-10,0.045329999999999995
HTPM,10,15,5,5.0,6.0,5.5,2.3099605547469355e-10,0.043315
HTPM,10,15,6,4.0,5.0,4.5,5.635492052784805e-10,0.042345
HTPM,10,15,7,3.0,4.0,3.5,7.931989110148362e-05,0.042155
HTPM,10,15,8,2.0,3.0,2.5,0.024516985061150336,0.0442
HTPM,10,15,9,1.5,2.0,1.75,0.006491641052567988,0.04914
HTPM,10,15,10,1.25,1.5,1.375,0.023027106738203507,0.05549
HTPM,10,15,11,1.0,1.25,1.125,0.02588963844742826,0.06489
HTPM,10,15,12,0.8,1.0,0.9,0.029677899749666427,0.07986
HTPM,10,15,13,0.6,0.8,0.7,0.6076559562168318,0.10675
HTPM,10,15,14,0.5,0.6,0.55,0.0697735528211549,0.1431
HTPM,10,15,15,0.4,0.5,0.45,0.024036333043093192,0.19685
HTPM,10,15,16,0.3,0.4,0.35,0.02712718041643802,0.3177
HTPM,10,15,17,0.2,0.3,0.25,0.027131468407347502,0.7008000000000001
HTPM,10,15,18,0.15,0.2,0.175,0.0200036761108244,1.5062499999999999
HTPM,10,15,19,0.1,0.15,0.125,0.04006392987948223,3.7815000000000003
HTPM,10,15,20,0.088,0.1,0.094,0.0065440093326586055,6.616
HTPM,10,15,21,0.08,0.088,0.08399999999999999,0.006080228176613095,2.1645
HTPM,10,15,22,0.06,0.08,0.07,0.013059711572735515,3.7199999999999998
HTPM,10,15,23,0.05,0.06,0.055,0.0049495723217460475,6.531000000000001
HTPM,10,15,24,0.04,0.05,0.045,0.008337998323484919,11.2005
HTPM,10,15,25,0.03,0.04,0.035,0.011348525274516052,22.34
HTPM,10,15,26,0.02,0.03,0.025,0.008277013563883417,58.34
HTPM,10,15,27,0.0159,0.02,0.01795,0.0036956732555614028,120.58000000000001
HTPM,10,15,28,0.0155,0.0159,0.0157,0.00037906967222602723,138.0
HTPM,10,15,29,0.0152,0.0155,0.015349999999999999,0.0002777753761546176,145.05
HTPM,10,15,30,0.015,0.0152,0.015099999999999999,0.00018215957115594618,109.69999999999999
HTPM,10,15,31,0.013,0.015,0.013999999999999999,0.001953148096372762,136.85
HTPM,10,15,32,0.01,0.013,0.0115,0.0031333143647964985,98.805
HTPM,10,15,33,0.008,0.01,0.009000000000000001,0.002273921579297533,179.64999999999998
HTPM,10,15,34,0.006,0.008,0.007,0.0025296208298089826,347.95
HTPM,10,15,35,0.005,0.006,0.0055,0.0014726866556893736,598.8
HTPM,10,15,36,0.004,0.005,0.0045000000000000005,2.65884022993857e-05,990.7
HTPM,10,15,37,0.00385,0.004,0.003925,6.262453893999182e-09,1309.5
HTPM,10,15,38,0.0037,0.00385,0.003775,2.6900671267006663e-06,1339.5
HTPM,10,15,39,0.00355,0.0037,0.003625,1.0703748419217563e-08,1513.5
HTPM,10,15,40,0.0033,0.00355,0.003425,1.0690044714936015e-06,1540.5
HTPM,10,15,41,0.00307,0.0033,0.003185,3.0364621493819733e-07,1971.0
HTPM,10,15,42,0.003,0.00307,0.003035,3.401005696551462e-09,1911.0
HTPM,10,15,43,0.00259,0.003,0.0027949999999999997,1.6706776878012195e-07,2211.5
HTPM,10,15,44,0.00253,0.00259,0.0025599999999999998,1.4110247111531307e-11,1835.0
HTPM,10,15,45,0.00248,0.00253,0.0025050000000000003,3.64870030032902e-10,1561.5
HTPM,10,15,46,0.002,0.00248,0.00224,4.150826021010168e-08,1042.8
HTPM,10,15,47,0.0015,0.002,0.00175,2.7071317423756175e-09,1820.5
HTPM,10,15,48,0.001,0.0015,0.00125,1.0116482256811507e-10,3783.0
HTPM,10,16,1,15.0,20.0,17.5,0.0,0.05932
HTPM,10,16,2,10.0,15.0,12.5,1.8886067629140416e-12,0.05315
HTPM,10,16,3,8.0,10.0,9.0,1.859695585328324e-11,0.048235
HTPM,10,16,4,6.0,8.0,7.0,1.282569184327687e-10,0.045329999999999995
HTPM,10,16,5,5.0,6.0,5.5,2.2481330015614581e-10,0.043315
HTPM,10,16,6,4.0,5.0,4.5,5.484790420979876e-10,0.042345
HTPM,10,16,7,3.0,4.0,3.5,7.893161865518953e-05,0.042155
HTPM,10,16,8,2.0,3.0,2.5,0.02406822033225821,0.0442
HTPM,10,16,9,1.5,2.0,1.75,0.00644714235043725,0.04914
HTPM,10,16,10,1.25,1.5,1.375,0.023297806963728032,0.05549
HTPM,10,16,11,1.0,1.25,1.125,0.0260294819229695,0.06489
HTPM,10,16,12,0.8,1.0,0.9,0.02994869690185837,0.07986
HTPM,10,16,13,0.6,0.8,0.7,0.6084245095283967,0.10675
HTPM,10,16,14,0.5,0.6,0.55,0.07010876812573588,0.1431
HTPM,10,16,15,0.4,0.5,0.45,0.023869560676310003,0.19685
HTPM,10,16,16,0.3,0.4,0.35,0.02695787243147957,0.3177
HTPM,10,16,17,0.2,0.3,0.25,0.026972319645076143,0.7008000000000001
HTPM,10,16,18,0.15,0.2,0.175,0.019906585296817027,1.5062499999999999
HTPM,10,16,19,0.1,0.15,0.125,0.039637710231403236,3.7815000000000003
HTPM,10,16,20,0.088,0.1,0.094,0.006514567705672354,6.616
HTPM,10,16,21,0.08,0.088,0.08399999999999999,0.006038352369704969,2.1645
HTPM,10,16,22,0.06,0.08,0.07,0.013008019866463738,3.7199999999999998
HTPM,10,16,23,0.05,0.06,0.055,0.004932027465980644,6.531000000000001
HTPM,10,16,24,0.04,0.05,0.045,0.008298228233981646,11.2005
HTPM,10,16,25,0.03,0.04,0.035,0.011323977272880852,22.34
HTPM,10,16,26,0.02,0.03,0.025,0.008257315400115416,58.34
HTPM,10,16,27,0.0159,0.02,0.01795,0.00368290127795004,120.58000000000001
HTPM,10,16,28,0.0155,0.0159,0.0157,0.0003779170809200557,138.0
HTPM,10,16,29,0.0152,0.0155,0.015349999999999999,0.00027692950846871237,145.05
HTPM,10,16,30,0.015,0.0152,0.015099999999999999,0.00018160440622759603,109.69999999999999
HTPM,10,16,31,0.013,0.015,0.013999999999999999,0.0019472163865365353,136.85
HTPM,10,16,32,0.01,0.013,0.0115,0.0031240654681224753,98.805
HTPM,10,16,33,0.008,0.01,0.009000000000000001,0.002267408515817985,179.64999999999998
HTPM,10,16,34,0.006,0.008,0.007,0.002522751500242478,347.95
HTPM,10,16,35,0.005,0.006,0.0055,0.0014672171368862938,598.8
HTPM,10,16,36,0.004,0.005,0.0045000000000000005,2.7572067451250314e-05,990.7
HTPM,10,16,37,0.00385,0.004,0.003925,5.620236189146335e-09,1309.5
HTPM,10,16,38,0.0037,0.00385,0.003775,2.758053686849641e-06,1339.5
HTPM,10,16,39,0.00355,0.0037,0.003625,1.1279682953513393e-08,1513.5
HTPM,10,16,40,0.0033,0.00355,0.003425,1.058736410276943e-06,1540.5
HTPM,10,16,41,0.00307,0.0033,0.003185,3.1887295211414686e-07,1971.0
HTPM,10,16,42,0.003,0.00307,0.003035,3.4213598107528957e-09,1911.0
HTPM,10,16,43,0.00259,0.003,0.0027949999999999997,1.3194767061971896e-07,2211.5
HTPM,10,16,44,0.00253,0.00259,0.0025599999999999998,1.4193398247949239e-11,1835.0
HTPM,10,16,45,0.00248,0.00253,0.0025050000000000003,2.7813009285657817e-10,1561.5
HTPM,10,16,46,0.002,0.00248,0.00224,3.093408899630366e-08,1042.8
HTPM,10,16,47,0.0015,0.002,0.00175,2.1328274866682473e-09,1820.5
HTPM,10,16,48,0.001,0.0015,0.00125,9.817823848452262e-11,3783.0
HTPM,10,17,1,15.0,20.0,17.5,0.0,0.05932
HTPM,10,17,2,10.0,15.0,12.5,1.834488417593275e-12,0.05315
HTPM,10,17,3,8.0,10.0,9.0,1.8064094460156757e-11,0.048235
HTPM,10,17,4,6.0,8.0,7.0,1.2459104816947369e-10,0.045329999999999995
HTPM,10,17,5,5.0,6.0,5.5,2.183966861118694e-10,0.043315
HTPM,10,17,6,4.0,5.0,4.5,5.328548149216882e-10,0.042345
HTPM,10,17,7,3.0,4.0,3.5,7.811075337562056e-05,0.042155
HTPM,10,17,8,2.0,3.0,2.5,0.023495770132076915,0.0442
HTPM,10,17,9,1.5,2.0,1.75,0.006369595894904429,0.04914
HTPM,10,17,10,1.25,1.5,1.375,0.02345865652190474,0.05549
HTPM,10,17,11,1.0,1.25,1.125,0.026043872018631623,0.06489
HTPM,10,17,12,0.8,1.0,0.9,0.030074673611922762,0.07986
HTPM,10,17,13,0.6,0.8,0.7,0.6109831368701714,0.10675
HTPM,10,17,14,0.5,0.6,0.55,0.07007884107717605,0.1431
HTPM,10,17,15,0.4,0.5,0.45,0.023651559451935734,0.19685
HTPM,10,17,16,0.3,0.4,0.35,0.02666483322645909,0.3177
HTPM,10,17,17,0.2,0.3,0.25,0.026695446464672114,0.7008000000000001
HTPM,10,17,18,0.15,0.2,0.175,0.019718307359464005,1.5062499999999999
HTPM,10,17,19,0.1,0.15,0.125,0.03902748657839096,3.7815000000000003
HTPM,10,17,20,0.088,0.1,0.094,0.006456575263861074,6.616
HTPM,10,17,21,0.08,0.088,0.08399999999999999,0.0059691545352192725,2.1645
HTPM,10,17,22,0.06,0.08,0.07,0.012899373252883324,3.7199999999999998
HTPM,10,17,23,0.05,0.06,0.055,0.004893682049436167,6.531000000000001
HTPM,10,17,24,0.04,0.05,0.045,0.008222487392571243,11.2005
HTPM,10,17,25,0.03,0.04,0.035,0.011250211318274063,22.34
HTPM,10,17,26,0.02,0.03,0.025,0.00820276666953301,58.34
HTPM,10,17,27,0.0159,0.02,0.01795,0.0036549746826150835,120.58000000000001
HTPM,10,17,28,0.0155,0.0159,0.0157,0.00037517933308034093,138.0
HTPM,10,17,29,0.0152,0.0155,0.015349999999999999,0.0002749093387531633,145.05
HTPM,10,17,30,0.015,0.0152,0.015099999999999999,0.00018027472770024733,109.69999999999999
HTPM,10,17,31,0.013,0.015,0.013999999999999999,0.0019332457577969852,136.85
HTPM,10,17,32,0.01,0.013,0.0115,0.00310169640174066,98.805
HTPM,10,17,33,0.008,0.01,0.009000000000000001,0.0022514301809109555,179.64999999999998
HTPM,10,17,34,0.006,0.008,0.007,0.002505348764493651,347.95
HTPM,10,17,35,0.005,0.006,0.0055,0.001455591398809486,598.8
HTPM,10,17,36,0.004,0.005,0.0045000000000000005,2.8457135108466124e-05,990.7
HTPM,10,17,37,0.00385,0.004,0.003925,5.094861973357041e-09,1309.5
HTPM,10,17,38,0.0037,0.00385,0.003775,2.8151760371040575e-06,1339.5
HTPM,10,17,39,0.00355,0.0037,0.003625,1.182109111308517e-08,1513.5
HTPM,10,17,40,0.0033,0.00355,0.003425,1.0471796168309045e-06,1540.5
HTPM,10,17,41,0.00307,0.0033,0.003185,3.3360910303011833e-07,1971.0
HTPM,10,17,42,0.003,0.00307,0.003035,3.4266495567642548e-09,1911.0
HTPM,10,17,43,0.00259,0.003,0.0027949999999999997,1.0944089916501851e-07,2211.5
HTPM,10,17,44,0.00253,0.00259,0.0025599999999999998,1.4224416100465635e-11,1835.0
HTPM,10,17,45,0.00248,0.00253,0.0025050000000000003,2.1081763013181686e-10,1561.5
HTPM,10,17,46,0.002,0.00248,0.00224,2.3183207652278963e-08,1042.8
HTPM,10,17,47,0.0015,0.002,0.00175,1.689130437871603e-09,1820.5
HTPM,10,17,48,0.001,0.0015,0.00125,9.474731344782937e-11,3783.0
HTPM,10,18,1,15.0,20.0,17.5,0.0,0.05932
HTPM,10,18,2,10.0,15.0,12.5,1.7807191413770816e-12,0.05315
HTPM,10,18,3,8.0,10.0,9.0,1.7535428817020866e-11,0.048235
HTPM,10,18,4,6.0,8.0,7.0,1.2094582039496793e-10,0.045329999999999995
HTPM,10,18,5,5.0,6.0,5.5,2.1202160201722018e-10,0.043315
HTPM,10,18,6,4.0,5.0,4.5,5.173211523620475e-10,0.042345
HTPM,10,18,7,3.0,4.0,3.5,7.695384877662626e-05,0.042155
HTPM,10,18,8,2.0,3.0,2.5,0.022835212187929537,0.0442
HTPM,10,18,9,1.5,2.0,1.75,0.006266705151397086,0.04914
HTPM,10,18,10,1.25,1.5,1.375,0.023532733128963413,0.05549
HTPM,10,18,11,1.0,1.25,1.125,0.025958922832145345,0.06489
HTPM,10,18,12,0.8,1.0,0.9,0.030085027475645735,0.07986
HTPM,10,18,13,0.6,0.8,0.7,0.6149181356815395,0.10675
HTPM,10,18,14,0.5,0.6,0.55,0.06976080738272991,0.1431
HTPM,10,18,15,0.4,0.5,0.45,0.023386350036012714,0.19685
HTPM,10,18,16,0.3,0.4,0.35,0.02627929635575236,0.3177
HTPM,10,18,17,0.2,0.3,0.25,0.026325568454996486,0.7008000000000001
HTPM,10,18,18,0.15,0.2,0.175,0.01946477816023166,1.5062499999999999
HTPM,10,18,19,0.1,0.15,0.125,0.03828339786818407,3.7815000000000003
HTPM,10,18,20,0.088,0.1,0.094,0.006377109738162465,6.616
HTPM,10,18,21,0.08,0.088,0.08399999999999999,0.005879515450231392,2.1645
HTPM,10,18,22,0.06,0.08,0.07,0.012748811740008909,3.7199999999999998
HTPM,10,18,23,0.05,0.06,0.055,0.004839268213921949,6.531000000000001
HTPM,10,18,24,0.04,0.05,0.045,0.008119308847348171,11.2005
HTPM,10,18,25,0.03,0.04,0.035,0.011139239748660653,22.34
HTPM,10,18,26,0.02,0.03,0.025,0.008121922831150862,58.34
HTPM,10,18,27,0.0159,0.02,0.01795,0.003615551874812714,120.58000000000001
HTPM,10,18,28,0.0155,0.0159,0.0157,0.0003712422904384897,138.0
HTPM,10,18,29,0.0152,0.0155,0.015349999999999999,0.0002720028998223384,145.05
HTPM,10,18,30,0.015,0.0152,0.015099999999999999,0.00017838192344483427,109.69999999999999
HTPM,10,18,31,0.013,0.015,0.013999999999999999,0.0019129958936662404,136.85
HTPM,10,18,32,0.01,0.013,0.0115,0.0030694727732782185,98.805
HTPM,10,18,33,0.008,0.01,0.009000000000000001,0.002228352402746685,179.64999999999998
HTPM,10,18,34,0.006,0.008,0.007,0.0024800377695173696,347.95
HTPM,10,18,35,0.005,0.006,0.0055,0.0014392548958251986,598.8
HTPM,10,18,36,0.004,0.005,0.0045000000000000005,2.926038437494415e-05,990.7
HTPM,10,18,37,0.00385,0.004,0.003925,4.6597884172799846e-09,1309.5
HTPM,10,18,38,0.0037,0.00385,0.003775,2.86321683992053e-06,1339.5
HTPM,10,18,39,0.00355,0.0037,0.003625,1.2332695327207716e-08,1513.5
HTPM,10,18,40,0.0033,0.00355,0.003425,1.035425811974428e-06,1540.5
HTPM,10,18,41,0.00307,0.0033,0.003185,3.478322311107929e-07,1971.0
HTPM,10,18,42,0.003,0.00307,0.003035,3.4202872847516917e-09,1911.0
HTPM,10,18,43,0.00259,0.003,0.0027949999999999997,9.487912346923126e-08,2211.5
HTPM,10,18,44,0.00253,0.00259,0.0025599999999999998,1.4217841287127703e-11,1835.0
HTPM,10,18,45,0.00248,0.00253,0.0025050000000000003,1.5908265173274147e-10,1561.5
HTPM,10,18,46,0.002,0.00248,0.00224,1.7507417916903603e-08,1042.8
HTPM,10,18,47,0.0015,0.002,0.00175,1.350159321581897e-09,1820.5
HTPM,10,18,48,0.001,0.0015,0.00125,9.102396053984805e-11,3783.0
HTPM,10,19,1,15.0,20.0,17.5,0.0,0.05932
HTPM,10,19,2,10.0,15.0,12.5,1.728970850086351e-12,0.05315
HTPM,10,19,3,8.0,10.0,9.0,1.7025782818118542e-11,0.048235
HTPM,10,19,4,6.0,8.0,7.0,1.1743452450525805e-10,0.045329999999999995
HTPM,10,19,5,5.0,6.0,5.5,2.0588350154997627e-10,0.043315
HTPM,10,19,6,4.0,5.0,4.5,5.023748082618454e-10,0.042345
HTPM,10,19,7,3.0,4.0,3.5,7.554228598307749e-05,0.042155
HTPM,10,19,8,2.0,3.0,2.5,0.02211260207799456,0.0442
HTPM,10,19,9,1.5,2.0,1.75,0.0061452413986499066,0.04914
HTPM,10,19,10,1.25,1.5,1.375,0.023538502085774796,0.05549
HTPM,10,19,11,1.0,1.25,1.125,0.025798234544779763,0.06489
HTPM,10,19,12,0.8,1.0,0.9,0.03000508683875022,0.07986
HTPM,10,19,13,0.6,0.8,0.7,0.6198808961301036,0.10675
HTPM,10,19,14,0.5,0.6,0.55,0.06922085558472095,0.1431
HTPM,10,19,15,0.4,0.5,0.45,0.023082190228830787,0.19685
HTPM,10,19,16,0.3,0.4,0.35,0.0258263112375302,0.3177
HTPM,10,19,17,0.2,0.3,0.25,0.02589401017892845,0.7008000000000001
HTPM,10,19,18,0.15,0.2,0.175,0.019161090443320383,1.5062499999999999
HTPM,10,19,19,0.1,0.15,0.125,0.037441951521737536,3.7815000000000003
HTPM,10,19,20,0.088,0.1,0.094,0.006282080090488143,6.616
HTPM,10,19,21,0.08,0.088,0.08399999999999999,0.005775277895502013,2.1645
HTPM,10,19,22,0.06,0.08,0.07,0.012567003631932831,3.7199999999999998
HTPM,10,19,23,0.05,0.06,0.055,0.004773300166571867,6.531000000000001
HTPM,10,19,24,0.04,0.05,0.045,0.007996347054923372,11.2005
HTPM,10,19,25,0.03,0.04,0.035,0.011001388085121744,22.34
HTPM,10,19,26,0.02,0.03,0.025,0.008022014447786134,58.34
HTPM,10,19,27,0.0159,0.02,0.01795,0.003567829152415952,120.58000000000001
HTPM,10,19,28,0.0155,0.0159,0.0157,0.0003664254104811593,138.0
HTPM,10,19,29,0.0152,0.0155,0.015349999999999999,0.00026847281883000615,145.05
HTPM,10,19,30,0.015,0.0152,0.015099999999999999,0.00017605245681004267,109.69999999999999
HTPM,10,19,31,0.013,0.015,0.013999999999999999,0.0018883567721605361,136.85
HTPM,10,19,32,0.01,0.013,0.0115,0.003030097749030197,98.805
HTPM,10,19,33,0.008,0.01,0.009000000000000001,0.0021999722800088812,179.64999999999998
HTPM,10,19,34,0.006,0.008,0.007,0.002448879198305529,347.95
HTPM,10,19,35,0.005,0.006,0.0055,0.0014195785773818811,598.8
HTPM,10,19,36,0.004,0.005,0.0045000000000000005,2.9998646136080197e-05,990.7
HTPM,10,19,37,0.00385,0.004,0.003925,4.296809826707216e-09,1309.5
HTPM,10,19,38,0.0037,0.00385,0.003775,2.903878583172114e-06,1339.5
HTPM,10,19,39,0.00355,0.0037,0.003625,1.282005168350176e-08,1513.5
HTPM,10,19,40,0.0033,0.00355,0.003425,1.0243081221762058e-06,1540.5
HTPM,10,19,41,0.00307,0.0033,0.003185,3.6152627806797866e-07,1971.0
HTPM,10,19,42,0.003,0.00307,0.003035,3.40561456914691e-09,1911.0
HTPM,10,19,43,0.00259,0.003,0.0027949999999999997,8.525902105541804e-08,2211.5
HTPM,10,19,44,0.00253,0.00259,0.0025599999999999998,1.4185224929796317e-11,1835.0
HTPM,10,19,45,0.00248,0.00253,0.0025050000000000003,1.1960642486340737e-10,1561.5
HTPM,10,19,46,0.002,0.00248,0.00224,1.3355715859874977e-08,1042.8
HTPM,10,19,47,0.0015,0.002,0.00175,1.093442863180783e-09,1820.5
HTPM,10,19,48,0.001,0.0015,0.00125,8.713077989825338e-11,3783.0
HTPM,10,20,1,15.0,20.0,17.5,0.0,0.05932
HTPM,10,20,2,10.0,15.0,12.5,1.6803391591465827e-12,0.05315
HTPM,10,20,3,8.0,10.0,9.0,1.6547839495520226e-11,0.048235
HTPM,10,20,4,6.0,8.0,7.0,1.1414231396176094e-10,0.045329999999999995
HTPM,10,20,5,5.0,6.0,5.5,2.001174819184254e-10,0.043315
HTPM,10,20,6,4.0,5.0,4.5,4.883202676128647e-10,0.042345
HTPM,10,20,7,3.0,4.0,3.5,7.393789223671701e-05,0.042155
HTPM,10,20,8,2.0,3.0,2.5,0.021350526435765155,0.0442
HTPM,10,20,9,1.5,2.0,1.75,0.006010571440214003,0.04914
HTPM,10,20,10,1.25,1.5,1.375,0.023493200113961273,0.05549
HTPM,10,20,11,1.0,1.25,1.125,0.02557846859632143,0.06489
HTPM,10,20,12,0.8,1.0,0.9,0.029855947481905114,0.07986
HTPM,10,20,13,0.6,0.8,0.7,0.6255968754965175,0.10675
HTPM,10,20,14,0.5,0.6,0.55,0.06849677044174819,0.1431
HTPM,10,20,15,0.4,0.5,0.45,0.022746709875523734,0.19685
HTPM,10,20,16,0.3,0.4,0.35,0.025327815736917,0.3177
HTPM,10,20,17,0.2,0.3,0.25,0.02541664532874937,0.7008000000000001
HTPM,10,20,18,0.15,0.2,0.175,0.01882568756373869,1.5062499999999999
HTPM,10,20,19,0.1,0.15,0.125,0.03653766484102196,3.7815000000000003
HTPM,10,20,20,0.088,0.1,0.094,0.006176288363655352,6.616
HTPM,10,20,21,0.08,0.088,0.08399999999999999,0.005661153931118558,2.1645
HTPM,10,20,22,0.06,0.08,0.07,0.012364089438310083,3.7199999999999998
HTPM,10,20,23,0.05,0.06,0.055,0.004699402126254215,6.531000000000001
HTPM,10,20,24,0.04,0.05,0.045,0.00786015695260109,11.2005
HTPM,10,20,25,0.03,0.04,0.035,0.010845078674357663,22.34
HTPM,10,20,26,0.02,0.03,0.025,0.00790855547115934,58.34
HTPM,10,20,27,0.0159,0.02,0.01795,0.003514453971255878,120.58000000000001
HTPM,10,20,28,0.0155,0.0159,0.0157,0.0003610018776151415,138.0
HTPM,10,20,29,0.0152,0.0155,0.015349999999999999,0.0002644876600626104,145.05
HTPM,10,20,30,0.015,0.0152,0.015099999999999999,0.00017343841715366276,109.69999999999999
HTPM,10,20,31,0.013,0.015,0.013999999999999999,0.0018607795255750985,136.85
HTPM,10,20,32,0.01,0.013,0.0115,0.00298574320990388,98.805
HTPM,10,20,33,0.008,0.01,0.009000000000000001,0.002168045785010856,179.64999999999998
HTPM,10,20,34,0.006,0.008,0.007,0.002413789510426556,347.95
HTPM,10,20,35,0.005,0.006,0.0055,0.0013975888773118039,598.8
HTPM,10,20,36,0.004,0.005,0.0045000000000000005,3.0685699997923695e-05,990.7
HTPM,10,20,37,0.00385,0.004,0.003925,3.993909589963487e-09,1309.5
HTPM,10,20,38,0.0037,0.00385,0.003775,2.9384772067824463e-06,1339.5
HTPM,10,20,39,0.00355,0.0037,0.003625,1.3287867706128937e-08,1513.5
HTPM,10,20,40,0.0033,0.00355,0.003425,1.0144203297352707e-06,1540.5
HTPM,10,20,41,0.00307,0.0033,0.003185,3.7478135154147254e-07,1971.0
HTPM,10,20,42,0.003,0.00307,0.003035,3.385067113693024e-09,1911.0
HTPM,10,20,43,0.00259,0.003,0.0027949999999999997,7.868844437195057e-08,2211.5
HTPM,10,20,44,0.00253,0.00259,0.0025599999999999998,1.413627889028371e-11,1835.0
HTPM,10,20,45,0.00248,0.00253,0.0025050000000000003,8.966178901793517e-11,1561.5
HTPM,10,20,46,0.002,0.00248,0.00224,1.0320931626074622e-08,1042.8
HTPM,10,20,47,0.0015,0.002,0.00175,9.007370099040085e-10,1820.5
HTPM,10,20,48,0.001,0.0015,0.00125,8.315835438167921e-11,3783.0
HTPM,10,21,1,15.0,20.0,17.5,0.0,0.05932
HTPM,10,21,2,10.0,15.0,12.5,1.635577916742617e-12,0.05315
HTPM,10,21,3,8.0,10.0,9.0,1.610742121826519e-11,0.048235
HTPM,10,21,4,6.0,8.0,7.0,1.1111381021988524e-10,0.045329999999999995
HTPM,10,21,5,5.0,6.0,5.5,1.9480685453941554e-10,0.043315
HTPM,10,21,6,4.0,5.0,4.5,4.753878393888567e-10,0.042345
HTPM,10,21,7,3.0,4.0,3.5,7.219996017320243e-05,0.042155
HTPM,10,21,8,2.0,3.0,2.5,0.020565574425266197,0.0442
HTPM,10,21,9,1.5,2.0,1.75,0.005866829253077172,0.04914
HTPM,10,21,10,1.25,1.5,1.375,0.02340876086491372,0.05549
HTPM,10,21,11,1.0,1.25,1.125,0.025315612232312067,0.06489
HTPM,10,21,12,0.8,1.0,0.9,0.02965424637676839,0.07986
HTPM,10,21,13,0.6,0.8,0.7,0.6318338883869374,0.10675
HTPM,10,21,14,0.5,0.6,0.55,0.06764502417776548,0.1431
HTPM,10,21,15,0.4,0.5,0.45,0.02238908505817805,0.19685
HTPM,10,21,16,0.3,0.4,0.35,0.02479897649023266,0.3177
HTPM,10,21,17,0.2,0.3,0.25,0.02490902210523203,0.7008000000000001
HTPM,10,21,18,0.15,0.2,0.175,0.01846758985266303,1.5062499999999999
HTPM,10,21,19,0.1,0.15,0.125,0.035591998466874004,3.7815000000000003
HTPM,10,21,20,0.088,0.1,0.094,0.006063514410621788,6.616
HTPM,10,21,21,0.08,0.088,0.08399999999999999,0.005540535043234739,2.1645
HTPM,10,21,22,0.06,0.08,0.07,0.01214731531302494,3.7199999999999998
HTPM,10,21,23,0.05,0.06,0.055,0.004620297662717158,6.531000000000001
HTPM,10,21,24,0.04,0.05,0.045,0.007714970849606846,11.2005
HTPM,10,21,25,0.03,0.04,0.035,0.010676216928798832,22.34
HTPM,10,21,26,0.02,0.03,0.025,0.007786405764880983,58.34
HTPM,10,21,27,0.0159,0.02,0.01795,0.0034572215123706736,120.58000000000001
HTPM,10,21,28,0.0155,0.0159,0.0157,0.00035519078524687357,138.0
HTPM,10,21,29,0.0152,0.0155,0.015349999999999999,0.0002602107170670821,145.05
HTPM,10,21,30,0.015,0.0152,0.015099999999999999,0.00017063819516180607,109.69999999999999
HTPM,10,21,31,0.013,0.015,0.013999999999999999,0.0018309869752989667,136.85
HTPM,10,21,32,0.01,0.013,0.0115,0.0029380899009217604,98.805
HTPM,10,21,33,0.008,0.01,0.009000000000000001,0.00213373787571743,179.64999999999998
HTPM,10,21,34,0.006,0.008,0.007,0.002375981610624838,347.95
HTPM,10,21,35,0.005,0.006,0.0055,0.0013740800397971612,598.8
HTPM,10,21,36,0.004,0.005,0.0045000000000000005,3.1332275580078936e-05,990.7
HTPM,10,21,37,0.00385,0.004,0.003925,3.741844074774244e-09,1309.5
HTPM,10,21,38,0.0037,0.00385,0.003775,2.968074642598299e-06,1339.5
HTPM,10,21,39,0.00355,0.0037,0.003625,1.3739468994532811e-08,1513.5
HTPM,10,21,40,0.0033,0.00355,0.003425,1.0060888346427063e-06,1540.5
HTPM,10,21,41,0.00307,0.0033,0.003185,3.8768138181870946e-07,1971.0
HTPM,10,21,42,0.003,0.00307,0.003035,3.360710125404963e-09,1911.0
HTPM,10,21,43,0.00259,0.003,0.0027949999999999997,7.398176203300258e-08,2211.5
HTPM,10,21,44,0.00253,0.00259,0.0025599999999999998,1.4077711014003746e-11,1835.0
HTPM,10,21,45,0.00248,0.00253,0.0025050000000000003,6.705222191742174e-11,1561.5
HTPM,10,21,46,0.002,0.00248,0.00224,8.10371607398098e-09,1042.8
HTPM,10,21,47,0.0015,0.002,0.00175,7.572177830795425e-10,1820.5
HTPM,10,21,48,0.001,0.0015,0.00125,7.917497795778325e-11,3783.0
HTPM,10,22,1,15.0,20.0,17.5,0.0,0.05932
HTPM,10,22,2,10.0,15.0,12.5,1.5949388887119095e-12,0.05315
HTPM,10,22,3,8.0,10.0,9.0,1.5708032750246377e-11,0.048235
HTPM,10,22,4,6.0,8.0,7.0,1.083659440308578e-10,0.045329999999999995
HTPM,10,22,5,5.0,6.0,5.5,1.9000344102850403e-10,0.043315
HTPM,10,22,6,4.0,5.0,4.5,4.6370204059841363e-10,0.042345
HTPM,10,22,7,3.0,4.0,3.5,7.035975603588557e-05,0.042155
HTPM,10,22,8,2.0,3.0,2.5,0.01977015595308181,0.0442
HTPM,10,22,9,1.5,2.0,1.75,0.005717216036703502,0.04914
HTPM,10,22,10,1.25,1.5,1.375,0.023295970378070033,0.05549
HTPM,10,22,11,1.0,1.25,1.125,0.025021529261978176,0.06489
HTPM,10,22,12,0.8,1.0,0.9,0.029412344197664697,0.07986
HTPM,10,22,13,0.6,0.8,0.7,0.6384165962782603,0.10675
HTPM,10,22,14,0.5,0.6,0.55,0.06669287730434434,0.1431
HTPM,10,22,15,0.4,0.5,0.45,0.022015233392782586,0.19685
HTPM,10,22,16,0.3,0.4,0.35,0.024252589974467716,0.3177
HTPM,10,22,17,0.2,0.3,0.25,0.024385219508051583,0.7008000000000001
HTPM,10,22,18,0.15,0.2,0.175,0.018095787415469196,1.5062499999999999
HTPM,10,22,19,0.1,0.15,0.125,0.034627519374289074,3.7815000000000003
HTPM,10,22,20,0.088,0.1,0.094,0.005946664072151811,6.616
HTPM,10,22,21,0.08,0.088,0.08399999999999999,0.005416387082422853,2.1645
HTPM,10,22,22,0.06,0.08,0.07,0.01192195666276493,3.7199999999999998
HTPM,10,22,23,0.05,0.06,0.055,0.004538140540794695,6.531000000000001
HTPM,10,22,24,0.04,0.05,0.045,0.00756464284730384,11.2005
HTPM,10,22,25,0.03,0.04,0.035,0.010500472666459358,22.34
HTPM,10,22,26,0.02,0.03,0.025,0.007658720973398618,58.34
HTPM,10,22,27,0.0159,0.02,0.01795,0.003397718515772036,120.58000000000001
HTPM,10,22,28,0.0155,0.0159,0.0157,0.0003491229211685252,138.0
HTPM,10,22,29,0.0152,0.0155,0.015349999999999999,0.0002557654789986604,145.05
HTPM,10,22,30,0.015,0.0152,0.015099999999999999,0.0001677226312730188,109.69999999999999
HTPM,10,22,31,0.013,0.015,0.013999999999999999,0.0018001021815715486,136.85
HTPM,10,22,32,0.01,0.013,0.0115,0.0028884681723143233,98.805
HTPM,10,22,33,0.008,0.01,0.009000000000000001,0.0020979580766902813,179.64999999999998
HTPM,10,22,34,0.006,0.008,0.007,0.002336638354552096,347.95
HTPM,10,22,35,0.005,0.006,0.0055,0.0013496800167600497,598.8
HTPM,10,22,36,0.004,0.005,0.0045000000000000005,3.1947218225898016e-05,990.7
HTPM,10,22,37,0.00385,0.004,0.003925,3.533115659658979e-09,1309.5
HTPM,10,22,38,0.0037,0.00385,0.003775,2.9934385252959706e-06,1339.5
HTPM,10,22,39,0.00355,0.0037,0.003625,1.417846996236902e-08,1513.5
HTPM,10,22,40,0.0033,0.00355,0.003425,9.995808829958473e-07,1540.5
HTPM,10,22,41,0.00307,0.0033,0.003185,4.002258525441912e-07,1971.0
HTPM,10,22,42,0.003,0.00307,0.003035,3.3338781253263495e-09,1911.0
HTPM,10,22,43,0.00259,0.003,0.0027949999999999997,7.040926471584616e-08,2211.5
HTPM,10,22,44,0.00253,0.00259,0.0025599999999999998,1.4015019927003648e-11,1835.0
HTPM,10,22,45,0.00248,0.00253,0.0025050000000000003,5.004485124372848e-11,1561.5
HTPM,10,22,46,0.002,0.00248,0.00224,6.486231475142335e-09,1042.8
HTPM,10,22,47,0.0015,0.002,0.00175,6.512913914322989e-10,1820.5
HTPM,10,22,48,0.001,0.0015,0.00125,7.523209338706168e-11,3783.0
HTPM,10,23,1,15.0,20.0,17.5,0.0,0.05932
HTPM,10,23,2,10.0,15.0,12.5,1.5587514864299939e-12,0.05315
HTPM,10,23,3,8.0,10.0,9.0,1.5352638984497898e-11,0.048235
HTPM,10,23,4,6.0,8.0,7.0,1.0591441019931316e-10,0.045329999999999995
HTPM,10,23,5,5.0,6.0,5.5,1.8571823367717869e-10,0.043315
HTPM,10,23,6,4.0,5.0,4.5,4.5326792174444157e-10,0.042345
HTPM,10,23,7,3.0,4.0,3.5,6.845585095651053e-05,0.042155
HTPM,10,23,8,2.0,3.0,2.5,0.01897435090267109,0.0442
HTPM,10,23,9,1.5,2.0,1.75,0.005564399325115257,0.04914
HTPM,10,23,10,1.25,1.5,1.375,0.023161553216690802,0.05549
HTPM,10,23,11,1.0,1.25,1.125,0.02470367583976434,0.06489
HTPM,10,23,12,0.8,1.0,0.9,0.029140965354492492,0.07986
HTPM,10,23,13,0.6,0.8,0.7,0.6452184353241669,0.10675
HTPM,10,23,14,0.5,0.6,0.55,0.06565838545218305,0.1431
HTPM,10,23,15,0.4,0.5,0.45,0.021632461079985114,0.19685
HTPM,10,23,16,0.3,0.4,0.35,0.023698311117491898,0.3177
HTPM,10,23,17,0.2,0.3,0.25,0.02385396818268104,0.7008000000000001
HTPM,10,23,18,0.15,0.2,0.175,0.01771849007321423,1.5062499999999999
HTPM,10,23,19,0.1,0.15,0.125,0.0336557290162027,3.7815000000000003
HTPM,10,23,20,0.088,0.1,0.094,0.00582779833984702,6.616
HTPM,10,23,21,0.08,0.088,0.08399999999999999,0.005290804908915762,2.1645
HTPM,10,23,22,0.06,0.08,0.07,0.01169287150362697,3.7199999999999998
HTPM,10,23,23,0.05,0.06,0.055,0.004454610793050603,6.531000000000001
HTPM,10,23,24,0.04,0.05,0.045,0.007412329471357237,11.2005
HTPM,10,23,25,0.03,0.04,0.035,0.010321235620604734,22.34
HTPM,10,23,26,0.02,0.03,0.025,0.007528240827081272,58.34
HTPM,10,23,27,0.0159,0.02,0.01795,0.003337390522087198,120.58000000000001
HTPM,10,23,28,0.0155,0.0159,0.0157,0.0003429559677398653,138.0
HTPM,10,23,29,0.0152,0.0155,0.015349999999999999,0.0002512359553016251,145.05
HTPM,10,23,30,0.015,0.0152,0.015099999999999999,0.00016475179946526732,109.69999999999999
HTPM,10,23,31,0.013,0.015,0.013999999999999999,0.0017687004274563882,136.85
HTPM,10,23,32,0.01,0.013,0.0115,0.0028378818204132057,98.805
HTPM,10,23,33,0.008,0.01,0.009000000000000001,0.0020615756018112206,179.64999999999998
HTPM,10,23,34,0.006,0.008,0.007,0.0022965169066494202,347.95
HTPM,10,23,35,0.005,0.006,0.0055,0.0013248624342566456,598.8
HTPM,10,23,36,0.004,0.005,0.0045000000000000005,3.253799679433138e-05,990.7
HTPM,10,23,37,0.00385,0.004,0.003925,3.36168065717759e-09,1309.5
HTPM,10,23,38,0.0037,0.00385,0.003775,3.015290529289867e-06,1339.5
HTPM,10,23,39,0.00355,0.0037,0.003625,1.4607434192458837e-08,1513.5
HTPM,10,23,40,0.0033,0.00355,0.003425,9.949932184157227e-07,1540.5
HTPM,10,23,41,0.00307,0.0033,0.003185,4.125204459340487e-07,1971.0
HTPM,10,23,42,0.003,0.00307,0.003035,3.3058422425273253e-09,1911.0
HTPM,10,23,43,0.00259,0.003,0.0027949999999999997,6.752215390926124e-08,2211.5
HTPM,10,23,44,0.00253,0.00259,0.0025599999999999998,1.395147896349274e-11,1835.0
HTPM,10,23,45,0.00248,0.00253,0.0025050000000000003,3.728764178792998e-11,1561.5
HTPM,10,23,46,0.002,0.00248,0.00224,5.3083606269511055e-09,1042.8
HTPM,10,23,47,0.0015,0.002,0.00175,5.738429921291701e-10,1820.5
HTPM,10,23,48,0.001,0.0015,0.00125,7.13664472525254e-11,3783.0
HTPM,10,24,1,15.0,20.0,17.5,0.0,0.05932
HTPM,10,24,2,10.0,15.0,12.5,1.5269753230766473e-12,0.05315
HTPM,10,24,3,8.0,10.0,9.0,1.5038503889429375e-11,0.048235
HTPM,10,24,4,6.0,8.0,7.0,1.0375686466556029e-10,0.045329999999999995
HTPM,10,24,5,5.0,6.0,5.5,1.8194552242352616e-10,0.043315
HTPM,10,24,6,4.0,5.0,4.5,4.440879796518729e-10,0.042345
HTPM,10,24,7,3.0,4.0,3.5,6.65100047356333e-05,0.042155
HTPM,10,24,8,2.0,3.0,2.5,0.01818450524427025,0.0442
HTPM,10,24,9,1.5,2.0,1.75,0.005410027824948622,0.04914
HTPM,10,24,10,1.25,1.5,1.375,0.023012536850693537,0.05549
HTPM,10,24,11,1.0,1.25,1.125,0.024368741270610443,0.06489
HTPM,10,24,12,0.8,1.0,0.9,0.028848467588764953,0.07986
HTPM,10,24,13,0.6,0.8,0.7,0.6521265102794743,0.10675
HTPM,10,24,14,0.5,0.6,0.55,0.06457525599876685,0.1431
HTPM,10,24,15,0.4,0.5,0.45,0.021244349380918785,0.19685
HTPM,10,24,16,0.3,0.4,0.35,0.023142951376081095,0.3177
HTPM,10,24,17,0.2,0.3,0.25,0.023321664459289185,0.7008000000000001
HTPM,10,24,18,0.15,0.2,0.175,0.01733982773509986,1.5062499999999999
HTPM,10,24,19,0.1,0.15,0.125,0.03268782406825078,3.7815000000000003
HTPM,10,24,20,0.088,0.1,0.094,0.005708715536095557,6.616
HTPM,10,24,21,0.08,0.088,0.08399999999999999,0.005165243661725593,2.1645
HTPM,10,24,22,0.06,0.08,0.07,0.011463231912611277,3.7199999999999998
HTPM,10,24,23,0.05,0.06,0.055,0.004370730421081081,6.531000000000001
HTPM,10,24,24,0.04,0.05,0.045,0.0072596015920386135,11.2005
HTPM,10,24,25,0.03,0.04,0.035,0.010141518444211762,22.34
HTPM,10,24,26,0.02,0.03,0.025,0.007396891856337289,58.34
HTPM,10,24,27,0.0159,0.02,0.01795,0.003276813269873261,120.58000000000001
HTPM,10,24,28,0.0155,0.0159,0.0157,0.000336748321793053,138.0
HTPM,10,24,29,0.0152,0.0155,0.015349999999999999,0.000246668115684674,145.05
HTPM,10,24,30,0.015,0.0152,0.015099999999999999,0.00016176488633566947,109.69999999999999
HTPM,10,24,31,0.013,0.015,0.013999999999999999,0.0017370866785041462,136.85
HTPM,10,24,32,0.01,0.013,0.0115,0.0027870428808959378,98.805
HTPM,10,24,33,0.008,0.01,0.009000000000000001,0.002024969657076473,179.64999999999998
HTPM,10,24,34,0.006,0.008,0.007,0.0022561853213250273,347.95
HTPM,10,24,35,0.005,0.006,0.0055,0.0012999636820480312,598.8
HTPM,10,24,36,0.004,0.005,0.0045000000000000005,3.310845090416831e-05,990.7
HTPM,10,24,37,0.00385,0.004,0.003925,3.222346753285855e-09,1309.5
HTPM,10,24,38,0.0037,0.00385,0.003775,3.033981535858584e-06,1339.5
HTPM,10,24,39,0.00355,0.0037,0.003625,1.502757286777272e-08,1513.5
HTPM,10,24,40,0.0033,0.00355,0.003425,9.923046751553153e-07,1540.5
HTPM,10,24,41,0.00307,0.0033,0.003185,4.2454112391902637e-07,1971.0
HTPM,10,24,42,0.003,0.00307,0.003035,3.2774306270347573e-09,1911.0
HTPM,10,24,43,0.00259,0.003,0.0027949999999999997,6.504835173863629e-08,2211.5
HTPM,10,24,44,0.00253,0.00259,0.0025599999999999998,1.3890119660349336e-11,1835.0
HTPM,10,24,45,0.00248,0.00253,0.0025050000000000003,2.7742431175959683e-11,1561.5
HTPM,10,24,46,0.002,0.00248,0.00224,4.453027122356635e-09,1042.8
HTPM,10,24,47,0.0015,0.002,0.00175,5.179002997535151e-10,1820.5
HTPM,10,24,48,0.001,0.0015,0.00125,6.76011424044666e-11,3783.0
HTPM,10,25,1,15.0,20.0,17.5,0.0,0.05932
HTPM,10,25,2,10.0,15.0,12.5,1.4993661650614448e-12,0.05315
HTPM,10,25,3,8.0,10.0,9.0,1.4767891041002427e-11,0.048235
HTPM,10,25,4,6.0,8.0,7.0,1.0189341566830576e-10,0.045329999999999995
HTPM,10,25,5,5.0,6.0,5.5,1.7868081635874275e-10,0.043315
HTPM,10,25,6,4.0,5.0,4.5,4.3614934254114154e-10,0.042345
HTPM,10,25,7,3.0,4.0,3.5,6.454084563939628e-05,0.042155
HTPM,10,25,8,2.0,3.0,2.5,0.01740661389700471,0.0442
HTPM,10,25,9,1.5,2.0,1.75,0.005255659309875599,0.04914
HTPM,10,25,10,1.25,1.5,1.375,0.022852493025203733,0.05549
HTPM,10,25,11,1.0,1.25,1.125,0.02402405319266899,0.06489
HTPM,10,25,12,0.8,1.0,0.9,0.028539551953394738,0.07986
HTPM,10,25,13,0.6,0.8,0.7,0.6590712718641953,0.10675
HTPM,10,25,14,0.5,0.6,0.55,0.06344610057453674,0.1431
HTPM,10,25,15,0.4,0.5,0.45,0.020855386925940116,0.19685
HTPM,10,25,16,0.3,0.4,0.35,0.022592123877641195,0.3177
HTPM,10,25,17,0.2,0.3,0.25,0.02279405929763927,0.7008000000000001
HTPM,10,25,18,0.15,0.2,0.175,0.016964191224896896,1.5062499999999999
HTPM,10,25,19,0.1,0.15,0.125,0.031733121087722686,3.7815000000000003
HTPM,10,25,20,0.088,0.1,0.094,0.005590528141624222,6.616
HTPM,10,25,21,0.08,0.088,0.08399999999999999,0.0050408759724154,2.1645
HTPM,10,25,22,0.06,0.08,0.07,0.011234858019727156,3.7199999999999998
HTPM,10,25,23,0.05,0.06,0.055,0.004287679363628752,6.531000000000001
HTPM,10,25,24,0.04,0.05,0.045,0.007108138326396954,11.2005
HTPM,10,25,25,0.03,0.04,0.035,0.009963513244895032,22.34
HTPM,10,25,26,0.02,0.03,0.025,0.007266270092843002,58.34
HTPM,10,25,27,0.0159,0.02,0.01795,0.003216789110573169,120.58000000000001
HTPM,10,25,28,0.0155,0.0159,0.0157,0.00033059361824687466,138.0
HTPM,10,25,29,0.0152,0.0155,0.015349999999999999,0.00024216529562842058,145.05
HTPM,10,25,30,0.015,0.0152,0.015099999999999999,0.00015880195657416287,109.69999999999999
HTPM,10,25,31,0.013,0.015,0.013999999999999999,0.0017057916038294113,136.85
HTPM,10,25,32,0.01,0.013,0.0115,0.002736533701904754,98.805
HTPM,10,25,33,0.008,0.01,0.009000000000000001,0.0019886166164737582,179.64999999999998
HTPM,10,25,34,0.006,0.008,0.007,0.00221618785057962,347.95
HTPM,10,25,35,0.005,0.006,0.0055,0.0012752576703668104,598.8
HTPM,10,25,36,0.004,0.005,0.0045000000000000005,3.366457941898179e-05,990.7
HTPM,10,25,37,0.00385,0.004,0.003925,3.110720496859776e-09,1309.5
HTPM,10,25,38,0.0037,0.00385,0.003775,3.0499655796433217e-06,1339.5
HTPM,10,25,39,0.00355,0.0037,0.003625,1.5440744592846542e-08,1513.5
HTPM,10,25,40,0.0033,0.00355,0.003425,9.916047744415633e-07,1540.5
HTPM,10,25,41,0.00307,0.0033,0.003185,4.364106062297186e-07,1971.0
HTPM,10,25,42,0.003,0.00307,0.003035,3.2493356868609123e-09,1911.0
HTPM,10,25,43,0.00259,0.003,0.0027949999999999997,6.283189140023794e-08,2211.5
HTPM,10,25,44,0.00253,0.00259,0.0025599999999999998,1.3832341957834662e-11,1835.0
HTPM,10,25,45,0.00248,0.00253,0.0025050000000000003,2.0615303082971788e-11,1561.5
HTPM,10,25,46,0.002,0.00248,0.00224,3.835348639818946e-09,1042.8
HTPM,10,25,47,0.0015,0.002,0.00175,4.78117744205217e-10,1820.5
HTPM,10,25,48,0.001,0.0015,0.00125,6.395679692536924e-11,3783.0
HTPM,10,26,1,15.0,20.0,17.5,0.0,0.05932
HTPM,10,26,2,10.0,15.0,12.5,1.4757962717833504e-12,0.05315
HTPM,10,26,3,8.0,10.0,9.0,1.4536242810831502e-11,0.048235
HTPM,10,26,4,6.0,8.0,7.0,1.0029647144597496e-10,0.045329999999999995
HTPM,10,26,5,5.0,6.0,5.5,1.7589818805807624e-10,0.043315
HTPM,10,26,6,4.0,5.0,4.5,4.2937611526445397e-10,0.042345
HTPM,10,26,7,3.0,4.0,3.5,6.255874151873923e-05,0.042155
HTPM,10,26,8,2.0,3.0,2.5,0.016644256459464633,0.0442
HTPM,10,26,9,1.5,2.0,1.75,0.005102165981860959,0.04914
HTPM,10,26,10,1.25,1.5,1.375,0.022684130787487385,0.05549
HTPM,10,26,11,1.0,1.25,1.125,0.023671808357443508,0.06489
HTPM,10,26,12,0.8,1.0,0.9,0.028219985768033053,0.07986
HTPM,10,26,13,0.6,0.8,0.7,0.6659931341573121,0.10675
HTPM,10,26,14,0.5,0.6,0.55,0.06228909739176365,0.1431
HTPM,10,26,15,0.4,0.5,0.45,0.020468532155240127,0.19685
HTPM,10,26,16,0.3,0.4,0.35,0.022049705399265904,0.3177
HTPM,10,26,17,0.2,0.3,0.25,0.02227453726860386,0.7008000000000001
HTPM,10,26,18,0.15,0.2,0.175,0.016594227960197237,1.5062499999999999
HTPM,10,26,19,0.1,0.15,0.125,0.030795090144423384,3.7815000000000003
HTPM,10,26,20,0.088,0.1,0.094,0.005474163439197879,6.616
HTPM,10,26,21,0.08,0.088,0.08399999999999999,0.004918692981099825,2.1645
HTPM,10,26,22,0.06,0.08,0.07,0.011010537672887604,3.7199999999999998
HTPM,10,26,23,0.05,0.06,0.055,0.004205986032128949,6.531000000000001
HTPM,10,26,24,0.04,0.05,0.045,0.0069587034360131415,11.2005
HTPM,10,26,25,0.03,0.04,0.035,0.009788158867328105,22.34
HTPM,10,26,26,0.02,0.03,0.025,0.00713765608919829,58.34
HTPM,10,26,27,0.0159,0.02,0.01795,0.0031575107949588675,120.58000000000001
HTPM,10,26,28,0.0155,0.0159,0.0157,0.00032454613708747315,138.0
HTPM,10,26,29,0.0152,0.0155,0.015349999999999999,0.0002377148599295068,145.05
HTPM,10,26,30,0.015,0.0152,0.015099999999999999,0.00015588358747557272,109.69999999999999
HTPM,10,26,31,0.013,0.015,0.013999999999999999,0.0016749826076994524,136.85
HTPM,10,26,32,0.01,0.013,0.0115,0.0026868623533082736,98.805
HTPM,10,26,33,0.008,0.01,0.009000000000000001,0.001952854170336531,179.64999999999998
HTPM,10,26,34,0.006,0.008,0.007,0.002176796907578495,347.95
HTPM,10,26,35,0.005,0.006,0.0055,0.001250919945840602,598.8
HTPM,10,26,36,0.004,0.005,0.0045000000000000005,3.420775695523112e-05,990.7
HTPM,10,26,37,0.00385,0.004,0.003925,3.022855888305128e-09,1309.5
HTPM,10,26,38,0.0037,0.00385,0.003775,3.06347588811018e-06,1339.5
HTPM,10,26,39,0.00355,0.0037,0.003625,1.5848216493929704e-08,1513.5
HTPM,10,26,40,0.0033,0.00355,0.003425,9.927198380724508e-07,1540.5
HTPM,10,26,41,0.00307,0.0033,0.003185,4.480798387601109e-07,1971.0
HTPM,10,26,42,0.003,0.00307,0.003035,3.221992017895544e-09,1911.0
HTPM,10,26,43,0.00259,0.003,0.0027949999999999997,6.076625714078176e-08,2211.5
HTPM,10,26,44,0.00253,0.00259,0.0025599999999999998,1.3779375634426725e-11,1835.0
HTPM,10,26,45,0.00248,0.00253,0.0025050000000000003,1.5302276346391146e-11,1561.5
HTPM,10,26,46,0.002,0.00248,0.00224,3.3919227662536834e-09,1042.8
HTPM,10,26,47,0.0015,0.002,0.00175,4.504461749203641e-10,1820.5
HTPM,10,26,48,0.001,0.0015,0.00125,6.044171799820012e-11,3783.0
HTPM,10,27,1,15.0,20.0,17.5,0.0,0.05932
HTPM,10,27,2,10.0,15.0,12.5,1.456048985718391e-12,0.05315
HTPM,10,27,3,8.0,10.0,9.0,1.4341535122489412e-11,0.048235
HTPM,10,27,4,6.0,8.0,7.0,9.896875649710441e-11,0.045329999999999995
HTPM,10,27,5,5.0,6.0,5.5,1.7356602639992246e-10,0.043315
HTPM,10,27,6,4.0,5.0,4.5,4.237102548440517e-10,0.042345
HTPM,10,27,7,3.0,4.0,3.5,6.0583558674773983e-05,0.042155
HTPM,10,27,8,2.0,3.0,2.5,0.015899762984398567,0.0442
HTPM,10,27,9,1.5,2.0,1.75,0.004950566551442529,0.04914
HTPM,10,27,10,1.25,1.5,1.375,0.02251113160887866,0.05549
HTPM,10,27,11,1.0,1.25,1.125,0.02331457384368818,0.06489
HTPM,10,27,12,0.8,1.0,0.9,0.027891548879058228,0.07986
HTPM,10,27,13,0.6,0.8,0.7,0.6728478997161828,0.10675
HTPM,10,27,14,0.5,0.6,0.55,0.06111306420817683,0.1431
HTPM,10,27,15,0.4,0.5,0.45,0.020085812587199485,0.19685
HTPM,10,27,16,0.3,0.4,0.35,0.021518019835140033,0.3177
HTPM,10,27,17,0.2,0.3,0.25,0.02176592525142191,0.7008000000000001
HTPM,10,27,18,0.15,0.2,0.175,0.016231753100879095,1.5062499999999999
HTPM,10,27,19,0.1,0.15,0.125,0.029879718690843878,3.7815000000000003
HTPM,10,27,20,0.088,0.1,0.094,0.005360401158182913,6.616
HTPM,10,27,21,0.08,0.088,0.08399999999999999,0.004799239635804006,2.1645
HTPM,10,27,22,0.06,0.08,0.07,0.010790940816379631,3.7199999999999998
HTPM,10,27,23,0.05,0.06,0.055,0.004126165482861973,6.531000000000001
HTPM,10,27,24,0.04,0.05,0.045,0.006813323956855944,11.2005
HTPM,10,27,25,0.03,0.04,0.035,0.009617586721455688,22.34
HTPM,10,27,26,0.02,0.03,0.025,0.007011417170994824,58.34
HTPM,10,27,27,0.0159,0.02,0.01795,0.003099865645212028,120.58000000000001
HTPM,10,27,28,0.0155,0.0159,0.0157,0.0003186263358899686,138.0
HTPM,10,27,29,0.0152,0.0155,0.015349999999999999,0.00023336232116195042,145.05
HTPM,10,27,30,0.015,0.0152,0.015099999999999999,0.00015302823041955387,109.69999999999999
HTPM,10,27,31,0.013,0.015,0.013999999999999999,0.001644841489293526,136.85
HTPM,10,27,32,0.01,0.013,0.0115,0.0026382829115493885,98.805
HTPM,10,27,33,0.008,0.01,0.009000000000000001,0.0019178245211890809,179.64999999999998
HTPM,10,27,34,0.006,0.008,0.007,0.0021381781333552345,347.95
HTPM,10,27,35,0.005,0.006,0.0055,0.0012271987134308976,598.8
HTPM,10,27,36,0.004,0.005,0.0045000000000000005,3.474045298030203e-05,990.7
HTPM,10,27,37,0.00385,0.004,0.003925,2.955419686215078e-09,1309.5
HTPM,10,27,38,0.0037,0.00385,0.003775,3.0746894999677386e-06,1339.5
HTPM,10,27,39,0.00355,0.0037,0.003625,1.625034904813822e-08,1513.5
HTPM,10,27,40,0.0033,0.00355,0.003425,9.956437419623309e-07,1540.5
HTPM,10,27,41,0.00307,0.0033,0.003185,4.5964486261907363e-07,1971.0
HTPM,10,27,42,0.003,0.00307,0.003035,3.195713323607581e-09,1911.0
HTPM,10,27,43,0.00259,0.003,0.0027949999999999997,5.880433250064651e-08,2211.5
HTPM,10,27,44,0.00253,0.00259,0.0025599999999999998,1.3731906753170686e-11,1835.0
HTPM,10,27,45,0.00248,0.00253,0.0025050000000000003,1.1347475095365326e-11,1561.5
HTPM,10,27,46,0.002,0.00248,0.00224,3.077082796859469e-09,1042.8
HTPM,10,27,47,0.0015,0.002,0.00175,4.318121882353444e-10,1820.5
HTPM,10,27,48,0.001,0.0015,0.00125,5.7062036691770856e-11,3783.0
HTPM,10,28,1,15.0,20.0,17.5,0.0,0.05932
HTPM,10,28,2,10.0,15.0,12.5,1.4398476898102373e-12,0.05315
HTPM,10,28,3,8.0,10.0,9.0,1.41824966271327e-11,0.048235
HTPM,10,28,4,6.0,8.0,7.0,9.786948953108445e-11,0.045329999999999995
HTPM,10,28,5,5.0,6.0,5.5,1.7165443545068934e-10,0.043315
HTPM,10,28,6,4.0,5.0,4.5,4.1907218113907467e-10,0.042345
HTPM,10,28,7,3.0,4.0,3.5,5.861956447966444e-05,0.042155
HTPM,10,28,8,2.0,3.0,2.5,0.01517504568416683,0.0442
HTPM,10,28,9,1.5,2.0,1.75,0.004801383581570907,0.04914
HTPM,10,28,10,1.25,1.5,1.375,0.022334691906871096,0.05549
HTPM,10,28,11,1.0,1.25,1.125,0.02295663278531292,0.06489
HTPM,10,28,12,0.8,1.0,0.9,0.02755806003634118,0.07986
HTPM,10,28,13,0.6,0.8,0.7,0.679604617992518,0.10675
HTPM,10,28,14,0.5,0.6,0.55,0.05992336455075186,0.1431
HTPM,10,28,15,0.4,0.5,0.45,0.019709259675349443,0.19685
HTPM,10,28,16,0.3,0.4,0.35,0.02100021565411015,0.3177
HTPM,10,28,17,0.2,0.3,0.25,0.02127006629289674,0.7008000000000001
HTPM,10,28,18,0.15,0.2,0.175,0.015878259739054667,1.5062499999999999
HTPM,10,28,19,0.1,0.15,0.125,0.028989615181105523,3.7815000000000003
HTPM,10,28,20,0.088,0.1,0.094,0.005249487775865758,6.616
HTPM,10,28,21,0.08,0.088,0.08399999999999999,0.004682861290378161,2.1645
HTPM,10,28,22,0.06,0.08,0.07,0.010576922981164381,3.7199999999999998
HTPM,10,28,23,0.05,0.06,0.055,0.004048570131314604,6.531000000000001
HTPM,10,28,24,0.04,0.05,0.045,0.006671508364326212,11.2005
HTPM,10,28,25,0.03,0.04,0.035,0.009451755553358747,22.34
HTPM,10,28,26,0.02,0.03,0.025,0.006888112134923395,58.34
HTPM,10,28,27,0.0159,0.02,0.01795,0.00304372690862522,120.58000000000001
HTPM,10,28,28,0.0155,0.0159,0.0157,0.00031285465509525067,138.0
HTPM,10,28,29,0.0152,0.0155,0.015349999999999999,0.00022912301961796916,145.05
HTPM,10,28,30,0.015,0.0152,0.015099999999999999,0.00015024961841829498,109.69999999999999
HTPM,10,28,31,0.013,0.015,0.013999999999999999,0.0016155623548352758,136.85
HTPM,10,28,32,0.01,0.013,0.0115,0.0025910399920681657,98.805
HTPM,10,28,33,0.008,0.01,0.009000000000000001,0.0018837794245977876,179.64999999999998
HTPM,10,28,34,0.006,0.008,0.007,0.0021006325950459754,347.95
HTPM,10,28,35,0.005,0.006,0.0055,0.0012040775406633776,598.8
HTPM,10,28,36,0.004,0.005,0.0045000000000000005,3.526432838248399e-05,990.7
HTPM,10,28,37,0.00385,0.004,0.003925,2.90545651373033e-09,1309.5
HTPM,10,28,38,0.0037,0.00385,0.003775,3.0837381267218303e-06,1339.5
HTPM,10,28,39,0.00355,0.0037,0.003625,1.664807914165132e-08,1513.5
HTPM,10,28,40,0.0033,0.00355,0.003425,1.000219037701952e-06,1540.5
HTPM,10,28,41,0.00307,0.0033,0.003185,4.7104274559096596e-07,1971.0
HTPM,10,28,42,0.003,0.00307,0.003035,3.1708115331526803e-09,1911.0
HTPM,10,28,43,0.00259,0.003,0.0027949999999999997,5.690552035866385e-08,2211.5
HTPM,10,28,44,0.00253,0.00259,0.0025599999999999998,1.3690256141205627e-11,1835.0
HTPM,10,28,45,0.00248,0.00253,0.0025050000000000003,8.406902983071635e-12,1561.5
HTPM,10,28,46,0.002,0.00248,0.00224,2.8569650771999476e-09,1042.8
HTPM,10,28,47,0.0015,0.002,0.00175,4.199082941395663e-10,1820.5
HTPM,10,28,48,0.001,0.0015,0.00125,5.382360534485288e-11,3783.0
HTPM,10,29,1,15.0,20.0,17.5,0.0,0.05932
HTPM,10,29,2,10.0,15.0,12.5,1.4269443535866726e-12,0.05315
HTPM,10,29,3,8.0,10.0,9.0,1.4055877679965826e-11,0.048235
HTPM,10,29,4,6.0,8.0,7.0,9.700258250407975e-11,0.045329999999999995
HTPM,10,29,5,5.0,6.0,5.5,1.7014314026526064e-10,0.043315
HTPM,10,29,6,4.0,5.0,4.5,4.153881443427539e-10,0.042345
HTPM,10,29,7,3.0,4.0,3.5,5.66735062404009e-05,0.042155
HTPM,10,29,8,2.0,3.0,2.5,0.014472216141275026,0.0442
HTPM,10,29,9,1.5,2.0,1.75,0.004655211962461896,0.04914
HTPM,10,29,10,1.25,1.5,1.375,0.022157457549718488,0.05549
HTPM,10,29,11,1.0,1.25,1.125,0.022599246367958466,0.06489
HTPM,10,29,12,0.8,1.0,0.9,0.027221982780861267,0.07986
HTPM,10,29,13,0.6,0.8,0.7,0.6862335890117172,0.10675
HTPM,10,29,14,0.5,0.6,0.55,0.0587285028149593,0.1431
HTPM,10,29,15,0.4,0.5,0.45,0.019339333459562038,0.19685
HTPM,10,29,16,0.3,0.4,0.35,0.02049670201238385,0.3177
HTPM,10,29,17,0.2,0.3,0.25,0.020789141621884513,0.7008000000000001
HTPM,10,29,18,0.15,0.2,0.175,0.015535479045571125,1.5062499999999999
HTPM,10,29,19,0.1,0.15,0.125,0.028126316668288527,3.7815000000000003
HTPM,10,29,20,0.088,0.1,0.094,0.005142106349298934,6.616
HTPM,10,29,21,0.08,0.088,0.08399999999999999,0.004570074291653172,2.1645
HTPM,10,29,22,0.06,0.08,0.07,0.010369056588623955,3.7199999999999998
HTPM,10,29,23,0.05,0.06,0.055,0.003973519202503575,6.531000000000001
HTPM,10,29,24,0.04,0.05,0.045,0.006534195528987138,11.2005
HTPM,10,29,25,0.03,0.04,0.035,0.009291647500989923,22.34
HTPM,10,29,26,0.02,0.03,0.025,0.0067687730973854665,58.34
HTPM,10,29,27,0.0159,0.02,0.01795,0.0029893101522000766,120.58000000000001
HTPM,10,29,28,0.0155,0.0159,0.0157,0.00030726327686951923,138.0
HTPM,10,29,29,0.0152,0.0155,0.015349999999999999,0.00022500619049995612,145.05
HTPM,10,29,30,0.015,0.0152,0.015099999999999999,0.00014755977721918093,109.69999999999999
HTPM,10,29,31,0.013,0.015,0.013999999999999999,0.0015872337032099024,136.85
HTPM,10,29,32,0.01,0.013,0.0115,0.002545169810391238,98.805
HTPM,10,29,33,0.008,0.01,0.009000000000000001,0.0018508189306244362,179.64999999999998
HTPM,10,29,34,0.006,0.008,0.007,0.0020643336942153126,347.95
HTPM,10,29,35,0.005,0.006,0.0055,0.001181637400083275,598.8
HTPM,10,29,36,0.004,0.005,0.0045000000000000005,3.578000857529209e-05,990.7
HTPM,10,29,37,0.00385,0.004,0.003925,2.8703908846572666e-09,1309.5
HTPM,10,29,38,0.0037,0.00385,0.003775,3.09084558058411e-06,1339.5
HTPM,10,29,39,0.00355,0.0037,0.003625,1.704160051334833e-08,1513.5
HTPM,10,29,40,0.0033,0.00355,0.003425,1.0063741716997204e-06,1540.5
HTPM,10,29,41,0.00307,0.0033,0.003185,4.823287780132804e-07,1971.0
HTPM,10,29,42,0.003,0.00307,0.003035,3.1474351038399086e-09,1911.0
HTPM,10,29,43,0.00259,0.003,0.0027949999999999997,5.505769916280999e-08,2211.5
HTPM,10,29,44,0.00253,0.00259,0.0025599999999999998,1.3654481164723178e-11,1835.0
HTPM,10,29,45,0.00248,0.00253,0.0025050000000000003,6.223330755184018e-12,1561.5
HTPM,10,29,46,0.002,0.00248,0.00224,2.706494545677107e-09,1042.8
HTPM,10,29,47,0.0015,0.002,0.00175,4.1301426788825727e-10,1820.5
HTPM,10,29,48,0.001,0.0015,0.00125,5.072827731521702e-11,3783.0
HTPM,10,30,1,15.0,20.0,17.5,0.0,0.05932
HTPM,10,30,2,10.0,15.0,12.5,1.4170556937715333e-12,0.05315
HTPM,10,30,3,8.0,10.0,9.0,1.3959225846636e-11,0.048235
HTPM,10,30,4,6.0,8.0,7.0,9.633638583696338e-11,0.045329999999999995
HTPM,10,30,5,5.0,6.0,5.5,1.689805496010208e-10,0.043315
HTPM,10,30,6,4.0,5.0,4.5,4.125819571183535e-10,0.042345
HTPM,10,30,7,3.0,4.0,3.5,5.4752597745089e-05,0.042155
HTPM,10,30,8,2.0,3.0,2.5,0.013791429091052746,0.0442
HTPM,10,30,9,1.5,2.0,1.75,0.004512078943375586,0.04914
HTPM,10,30,10,1.25,1.5,1.375,0.021979119824387057,0.05549
HTPM,10,30,11,1.0,1.25,1.125,0.02224369223117444,0.06489
HTPM,10,30,12,0.8,1.0,0.9,0.026884217074324507,0.07986
HTPM,10,30,13,0.6,0.8,0.7,0.6927214840234426,0.10675
HTPM,10,30,14,0.5,0.6,0.55,0.05753147412738553,0.1431
HTPM,10,30,15,0.4,0.5,0.45,0.018978028767137167,0.19685
HTPM,10,30,16,0.3,0.4,0.35,0.020009452610669744,0.3177
HTPM,10,30,17,0.2,0.3,0.25,0.020323540421568666,0.7008000000000001
HTPM,10,30,18,0.15,0.2,0.175,0.01520361495300077,1.5062499999999999
HTPM,10,30,19,0.1,0.15,0.125,0.027290668272694846,3.7815000000000003
HTPM,10,30,20,0.088,0.1,0.094,0.005038232568973924,6.616
HTPM,10,30,21,0.08,0.088,0.08399999999999999,0.004461069252613238,2.1645
HTPM,10,30,22,0.06,0.08,0.07,0.010168993249931958,3.7199999999999998
HTPM,10,30,23,0.05,0.06,0.055,0.0039011274918528496,6.531000000000001
HTPM,10,30,24,0.04,0.05,0.045,0.006401312223417326,11.2005
HTPM,10,30,25,0.03,0.04,0.035,0.009137634773269492,22.34
HTPM,10,30,26,0.02,0.03,0.025,0.006653366874577832,58.34
HTPM,10,30,27,0.0159,0.02,0.01795,0.0029368583023321334,120.58000000000001
HTPM,10,30,28,0.0155,0.0159,0.0157,0.00030186407545381615,138.0
HTPM,10,30,29,0.0152,0.0155,0.015349999999999999,0.00022104493481266165,145.05
HTPM,10,30,30,0.015,0.0152,0.015099999999999999,0.00014496060418811002,109.69999999999999
HTPM,10,30,31,0.013,0.015,0.013999999999999999,0.0015598862269833526,136.85
HTPM,10,30,32,0.01,0.013,0.0115,0.002500969134005847,98.805
HTPM,10,30,33,0.008,0.01,0.009000000000000001,0.0018189116011728419,179.64999999999998
HTPM,10,30,34,0.006,0.008,0.007,0.0020292229690783946,347.95
HTPM,10,30,35,0.005,0.006,0.0055,0.0011600200871083222,598.8
HTPM,10,30,36,0.004,0.005,0.0045000000000000005,3.628881014514055e-05,990.7
HTPM,10,30,37,0.00385,0.004,0.003925,2.8480763656742728e-09,1309.5
HTPM,10,30,38,0.0037,0.00385,0.003775,3.09594884448487e-06,1339.5
HTPM,10,30,39,0.00355,0.0037,0.003625,1.7430876660120767e-08,1513.5
HTPM,10,30,40,0.0033,0.00355,0.003425,1.014004226315836e-06,1540.5
HTPM,10,30,41,0.00307,0.0033,0.003185,4.93501828106354e-07,1971.0
HTPM,10,30,42,0.003,0.00307,0.003035,3.1256893976825766e-09,1911.0
HTPM,10,30,43,0.00259,0.003,0.0027949999999999997,5.3246205149932324e-08,2211.5
HTPM,10,30,44,0.00253,0.00259,0.0025599999999999998,1.3624087288885489e-11,1835.0
HTPM,10,30,45,0.00248,0.00253,0.0025050000000000003,4.603499086911258e-12,1561.5
HTPM,10,30,46,0.002,0.00248,0.00224,2.6073035133605234e-09,1042.8
HTPM,10,30,47,0.0015,0.002,0.00175,4.097979821201881e-10,1820.5
HTPM,10,30,48,0.001,0.0015,0.00125,4.7773377022991683e-11,3783.0
HTPM,10,31,1,15.0,20.0,17.5,0.0,0.05932
HTPM,10,31,2,10.0,15.0,12.5,1.4099189671795115e-12,0.05315
HTPM,10,31,3,8.0,10.0,9.0,1.3888295999333183e-11,0.048235
HTPM,10,31,4,6.0,8.0,7.0,9.58524945175363e-11,0.045329999999999995
HTPM,10,31,5,5.0,6.0,5.5,1.681500143580994e-10,0.043315
HTPM,10,31,6,4.0,5.0,4.5,4.1057177272788283e-10,0.042345
HTPM,10,31,7,3.0,4.0,3.5,5.285879921763366e-05,0.042155
HTPM,10,31,8,2.0,3.0,2.5,0.013133638280280949,0.0442
HTPM,10,31,9,1.5,2.0,1.75,0.004372609034882338,0.04914
HTPM,10,31,10,1.25,1.5,1.375,0.021799198778088613,0.05549
HTPM,10,31,11,1.0,1.25,1.125,0.021891124217820794,0.06489
HTPM,10,31,12,0.8,1.0,0.9,0.026545526509773043,0.07986
HTPM,10,31,13,0.6,0.8,0.7,0.6990558647129921,0.10675
HTPM,10,31,14,0.5,0.6,0.55,0.05633632188898563,0.1431
HTPM,10,31,15,0.4,0.5,0.45,0.01862543118704439,0.19685
HTPM,10,31,16,0.3,0.4,0.35,0.019538334372166493,0.3177
HTPM,10,31,17,0.2,0.3,0.25,0.019873945795770516,0.7008000000000001
HTPM,10,31,18,0.15,0.2,0.175,0.014883062966965866,1.5062499999999999
HTPM,10,31,19,0.1,0.15,0.125,0.02648622624428763,3.7815000000000003
HTPM,10,31,20,0.088,0.1,0.094,0.004938122306238949,6.616
HTPM,10,31,21,0.08,0.088,0.08399999999999999,0.004355845845967104,2.1645
HTPM,10,31,22,0.06,0.08,0.07,0.009976484123253781,3.7199999999999998
HTPM,10,31,23,0.05,0.06,0.055,0.0038315258683889516,6.531000000000001
HTPM,10,31,24,0.04,0.05,0.045,0.006273259426784844,11.2005
HTPM,10,31,25,0.03,0.04,0.035,0.00898950574742386,22.34
HTPM,10,31,26,0.02,0.03,0.025,0.006542082839994362,58.34
HTPM,10,31,27,0.0159,0.02,0.01795,0.002886347828514048,120.58000000000001
HTPM,10,31,28,0.0155,0.0159,0.0157,0.00029666498813721623,138.0
HTPM,10,31,29,0.0152,0.0155,0.015349999999999999,0.00021723071143017321,145.05
HTPM,10,31,30,0.015,0.0152,0.015099999999999999,0.00014245577758962506,109.69999999999999
HTPM,10,31,31,0.013,0.015,0.013999999999999999,0.0015335837541937626,136.85
HTPM,10,31,32,0.01,0.013,0.0115,0.002458413847278204,98.805
HTPM,10,31,33,0.008,0.01,0.009000000000000001,0.0017882339359682102,179.64999999999998
HTPM,10,31,34,0.006,0.008,0.007,0.0019953904214621196,347.95
HTPM,10,31,35,0.005,0.006,0.0055,0.0011392135895129316,598.8
HTPM,10,31,36,0.004,0.005,0.0045000000000000005,3.6790566626775304e-05,990.7
HTPM,10,31,37,0.00385,0.004,0.003925,2.836444348615222e-09,1309.5
HTPM,10,31,38,0.0037,0.00385,0.003775,3.0991909888469536e-06,1339.5
HTPM,10,31,39,0.00355,0.0037,0.003625,1.7816036047060727e-08,1513.5
HTPM,10,31,40,0.0033,0.00355,0.003425,1.0229817264182608e-06,1540.5
HTPM,10,31,41,0.00307,0.0033,0.003185,5.045228480225661e-07,1971.0
HTPM,10,31,42,0.003,0.00307,0.003035,3.105615941963012e-09,1911.0
HTPM,10,31,43,0.00259,0.003,0.0027949999999999997,5.1472276110551803e-08,2211.5
HTPM,10,31,44,0.00253,0.00259,0.0025599999999999998,1.3599456239464892e-11,1835.0
HTPM,10,31,45,0.00248,0.00253,0.0025050000000000003,3.4026846666315326e-12,1561.5
HTPM,10,31,46,0.002,0.00248,0.00224,2.545893171051146e-09,1042.8
HTPM,10,31,47,0.0015,0.002,0.00175,4.092988560933368e-10,1820.5
HTPM,10,31,48,0.001,0.0015,0.00125,4.495655414392937e-11,3783.0
HTPM,10,32,1,15.0,20.0,17.5,0.0,0.05932
HTPM,10,32,2,10.0,15.0,12.5,1.4052812918014254e-12,0.05315
HTPM,10,32,3,8.0,10.0,9.0,1.3843038845961818e-11,0.048235
HTPM,10,32,4,6.0,8.0,7.0,9.554860497373598e-11,0.045329999999999995
HTPM,10,32,5,5.0,6.0,5.5,1.6761426669205952e-10,0.043315
HTPM,10,32,6,4.0,5.0,4.5,4.09289030366123e-10,0.042345
HTPM,10,32,7,3.0,4.0,3.5,5.099764851322939e-05,0.042155
HTPM,10,32,8,2.0,3.0,2.5,0.012498981517860386,0.0442
HTPM,10,32,9,1.5,2.0,1.75,0.004236650456817945,0.04914
HTPM,10,32,10,1.25,1.5,1.375,0.02162261622001714,0.05549
HTPM,10,32,11,1.0,1.25,1.125,0.021542498923769103,0.06489
HTPM,10,32,12,0.8,1.0,0.9,0.02620768296132869,0.07986
HTPM,10,32,13,0.6,0.8,0.7,0.7052235318693061,0.10675
HTPM,10,32,14,0.5,0.6,0.55,0.05514659700865344,0.1431
HTPM,10,32,15,0.4,0.5,0.45,0.018282527847694307,0.19685
HTPM,10,32,16,0.3,0.4,0.35,0.01908465743460751,0.3177
HTPM,10,32,17,0.2,0.3,0.25,0.01944134168741328,0.7008000000000001
HTPM,10,32,18,0.15,0.2,0.175,0.014574651546113421,1.5062499999999999
HTPM,10,32,19,0.1,0.15,0.125,0.025710989889749163,3.7815000000000003
HTPM,10,32,20,0.088,0.1,0.094,0.004841823372472067,6.616
HTPM,10,32,21,0.08,0.088,0.08399999999999999,0.004254529767467209,2.1645
HTPM,10,32,22,0.06,0.08,0.07,0.009790094445402171,3.7199999999999998
HTPM,10,32,23,0.05,0.06,0.055,0.0037648569526181927,6.531000000000001
HTPM,10,32,24,0.04,0.05,0.045,0.0061503434695008505,11.2005
HTPM,10,32,25,0.03,0.04,0.035,0.00884781937908195,22.34
HTPM,10,32,26,0.02,0.03,0.025,0.00643500756857917,58.34
HTPM,10,32,27,0.0159,0.02,0.01795,0.0028376979189427406,120.58000000000001
HTPM,10,32,28,0.0155,0.0159,0.0157,0.00029166904981790587,138.0
HTPM,10,32,29,0.0152,0.0155,0.015349999999999999,0.00021357098275658393,145.05
HTPM,10,32,30,0.015,0.0152,0.015099999999999999,0.00014005280983160468,109.69999999999999
HTPM,10,32,31,0.013,0.015,0.013999999999999999,0.00150836714068129,136.85
HTPM,10,32,32,0.01,0.013,0.0115,0.002417430939906929,98.805
HTPM,10,32,33,0.008,0.01,0.009000000000000001,0.0017588223500422393,179.64999999999998
HTPM,10,32,34,0.006,0.008,0.007,0.0019629933361310584,347.95
HTPM,10,32,35,0.005,0.006,0.0055,0.0011191822560738863,598.8
HTPM,10,32,36,0.004,0.005,0.0045000000000000005,3.72864188480458e-05,990.7
HTPM,10,32,37,0.00385,0.004,0.003925,2.833978699808599e-09,1309.5
HTPM,10,32,38,0.0037,0.00385,0.003775,3.1006254609980645e-06,1339.5
HTPM,10,32,39,0.00355,0.0037,0.003625,1.8197832420232095e-08,1513.5
HTPM,10,32,40,0.0033,0.00355,0.003425,1.0332483416227647e-06,1540.5
HTPM,10,32,41,0.00307,0.0033,0.003185,5.154397672680855e-07,1971.0
HTPM,10,32,42,0.003,0.00307,0.003035,3.087303440816402e-09,1911.0
HTPM,10,32,43,0.00259,0.003,0.0027949999999999997,4.972821472391898e-08,2211.5
HTPM,10,32,44,0.00253,0.00259,0.0025599999999999998,1.3579824999879814e-11,1835.0
HTPM,10,32,45,0.00248,0.00253,0.0025050000000000003,2.5134227353143242e-12,1561.5
HTPM,10,32,46,0.002,0.00248,0.00224,2.5122335144837042e-09,1042.8
HTPM,10,32,47,0.0015,0.002,0.00175,4.107984470604677e-10,1820.5
HTPM,10,32,48,0.001,0.0015,0.00125,4.227767515656116e-11,3783.0
HTPM,10,33,1,15.0,20.0,17.5,0.0,0.05932
HTPM,10,33,2,10.0,15.0,12.5,1.4029063192793784e-12,0.05315
HTPM,10,33,3,8.0,10.0,9.0,1.3820071066777638e-11,0.048235
HTPM,10,33,4,6.0,8.0,7.0,9.53930932313881e-11,0.045329999999999995
HTPM,10,33,5,5.0,6.0,5.5,1.673458473598263e-10,0.043315
HTPM,10,33,6,4.0,5.0,4.5,4.0866004163464826e-10,0.042345
HTPM,10,33,7,3.0,4.0,3.5,4.916706392915547e-05,0.042155
HTPM,10,33,8,2.0,3.0,2.5,0.01188732137709148,0.0442
HTPM,10,33,9,1.5,2.0,1.75,0.004104257790827058,0.04914
HTPM,10,33,10,1.25,1.5,1.375,0.021446032874560726,0.05549
HTPM,10,33,11,1.0,1.25,1.125,0.021197747855925746,0.06489
HTPM,10,33,12,0.8,1.0,0.9,0.025871333837761898,0.07986
HTPM,10,33,13,0.6,0.8,0.7,0.7112222939990515,0.10675
HTPM,10,33,14,0.5,0.6,0.55,0.05396400726037669,0.1431
HTPM,10,33,15,0.4,0.5,0.45,0.017949384183448675,0.19685
HTPM,10,33,16,0.3,0.4,0.35,0.018648211419314324,0.3177
HTPM,10,33,17,0.2,0.3,0.25,0.01902529756286592,0.7008000000000001
HTPM,10,33,18,0.15,0.2,0.175,0.014278185715356696,1.5062499999999999
HTPM,10,33,19,0.1,0.15,0.125,0.02496634105163687,3.7815000000000003
HTPM,10,33,20,0.088,0.1,0.094,0.004749370316434881,6.616
HTPM,10,33,21,0.08,0.088,0.08399999999999999,0.004157235497628306,2.1645
HTPM,10,33,22,0.06,0.08,0.07,0.009612493208041311,3.7199999999999998
HTPM,10,33,23,0.05,0.06,0.055,0.0037009856911287757,6.531000000000001
HTPM,10,33,24,0.04,0.05,0.045,0.0060320382905408145,11.2005
HTPM,10,33,25,0.03,0.04,0.035,0.008712692946269465,22.34
HTPM,10,33,26,0.02,0.03,0.025,0.0063318786551394375,58.34
HTPM,10,33,27,0.0159,0.02,0.01795,0.0027914138522777783,120.58000000000001
HTPM,10,33,28,0.0155,0.0159,0.0157,0.0002869070706075376,138.0
HTPM,10,33,29,0.0152,0.0155,0.015349999999999999,0.00021005761247166265,145.05
HTPM,10,33,30,0.015,0.0152,0.015099999999999999,0.00013774781646034805,109.69999999999999
HTPM,10,33,31,0.013,0.015,0.013999999999999999,0.001484216086042642,136.85
HTPM,10,33,32,0.01,0.013,0.0115,0.00237828782094743,98.805
HTPM,10,33,33,0.008,0.01,0.009000000000000001,0.001730618116679654,179.64999999999998
HTPM,10,33,34,0.006,0.008,0.007,0.0019318982273594239,347.95
HTPM,10,33,35,0.005,0.006,0.0055,0.0011000544301398986,598.8
HTPM,10,33,36,0.004,0.005,0.0045000000000000005,3.777498654144806e-05,990.7
HTPM,10,33,37,0.00385,0.004,0.003925,2.8391023728141626e-09,1309.5
HTPM,10,33,38,0.0037,0.00385,0.003775,3.1002954207384015e-06,1339.5
HTPM,10,33,39,0.00355,0.0037,0.003625,1.8575470713573692e-08,1513.5
HTPM,10,33,40,0.0033,0.00355,0.003425,1.0446420296281567e-06,1540.5
HTPM,10,33,41,0.00307,0.0033,0.003185,5.262878870647274e-07,1971.0
HTPM,10,33,42,0.003,0.00307,0.003035,3.0707357196020253e-09,1911.0
HTPM,10,33,43,0.00259,0.003,0.0027949999999999997,4.801809229042492e-08,2211.5
HTPM,10,33,44,0.00253,0.00259,0.0025599999999999998,1.3564436951175049e-11,1835.0
HTPM,10,33,45,0.00248,0.00253,0.0025050000000000003,1.8553197296610328e-12,1561.5
HTPM,10,33,46,0.002,0.00248,0.00224,2.4989062533201678e-09,1042.8
HTPM,10,33,47,0.0015,0.002,0.00175,4.1372345079893995e-10,1820.5
HTPM,10,33,48,0.001,0.0015,0.00125,3.9732582180996216e-11,3783.0
HTPM,10,34,1,15.0,20.0,17.5,0.0,0.05932
HTPM,10,34,2,10.0,15.0,12.5,1.4025656058917735e-12,0.05315
HTPM,10,34,3,8.0,10.0,9.0,1.3817099427954409e-11,0.048235
HTPM,10,34,4,6.0,8.0,7.0,9.537624221371458e-11,0.045329999999999995
HTPM,10,34,5,5.0,6.0,5.5,1.67324041084945e-10,0.043315
HTPM,10,34,6,4.0,5.0,4.5,4.0862067918466943e-10,0.042345
HTPM,10,34,7,3.0,4.0,3.5,4.737793986989253e-05,0.042155
HTPM,10,34,8,2.0,3.0,2.5,0.011299103143958284,0.0442
HTPM,10,34,9,1.5,2.0,1.75,0.003976004826880967,0.04914
HTPM,10,34,10,1.25,1.5,1.375,0.021270104838647993,0.05549
HTPM,10,34,11,1.0,1.25,1.125,0.020857087906791506,0.06489
HTPM,10,34,12,0.8,1.0,0.9,0.02553630793580363,0.07986
HTPM,10,34,13,0.6,0.8,0.7,0.7170472620689333,0.10675
HTPM,10,34,14,0.5,0.6,0.55,0.05279186341218383,0.1431
HTPM,10,34,15,0.4,0.5,0.45,0.017625617785358087,0.19685
HTPM,10,34,16,0.3,0.4,0.35,0.018228882533777357,0.3177
HTPM,10,34,17,0.2,0.3,0.25,0.018626547132936117,0.7008000000000001
HTPM,10,34,18,0.15,0.2,0.175,0.01399381154515493,1.5062499999999999
HTPM,10,34,19,0.1,0.15,0.125,0.0242520550284165,3.7815000000000003
HTPM,10,34,20,0.088,0.1,0.094,0.004660973906271791,6.616
HTPM,10,34,21,0.08,0.088,0.08399999999999999,0.004063992571977528,2.1645
HTPM,10,34,22,0.06,0.08,0.07,0.009442076431978459,3.7199999999999998
HTPM,10,34,23,0.05,0.06,0.055,0.0036400345206049527,6.531000000000001
HTPM,10,34,24,0.04,0.05,0.045,0.005918976105758884,11.2005
HTPM,10,34,25,0.03,0.04,0.035,0.0085843405355486,22.34
HTPM,10,34,26,0.02,0.03,0.025,0.006233545758937927,58.34
HTPM,10,34,27,0.0159,0.02,0.01795,0.002747048101009608,120.58000000000001
HTPM,10,34,28,0.0155,0.0159,0.0157,0.0002823257650445308,138.0
HTPM,10,34,29,0.0152,0.0155,0.015349999999999999,0.00020669912693983952,145.05
HTPM,10,34,30,0.015,0.0152,0.015099999999999999,0.000135546521909933,109.69999999999999
HTPM,10,34,31,0.013,0.015,0.013999999999999999,0.0014611630732414786,136.85
HTPM,10,34,32,0.01,0.013,0.0115,0.0023408068552917783,98.805
HTPM,10,34,33,0.008,0.01,0.009000000000000001,0.0017035746255255162,179.64999999999998
HTPM,10,34,34,0.006,0.008,0.007,0.0019021789554314263,347.95
HTPM,10,34,35,0.005,0.006,0.0055,0.001081666232247797,598.8
HTPM,10,34,36,0.004,0.005,0.0045000000000000005,3.8257656880121196e-05,990.7
HTPM,10,34,37,0.00385,0.004,0.003925,2.8507162414121227e-09,1309.5
HTPM,10,34,38,0.0037,0.00385,0.003775,3.098269222238132e-06,1339.5
HTPM,10,34,39,0.00355,0.0037,0.003625,1.8949640714687244e-08,1513.5
HTPM,10,34,40,0.0033,0.00355,0.003425,1.0570515629575174e-06,1540.5
HTPM,10,34,41,0.00307,0.0033,0.003185,5.369840619089309e-07,1971.0
HTPM,10,34,42,0.003,0.00307,0.003035,3.055939385825135e-09,1911.0
HTPM,10,34,43,0.00259,0.003,0.0027949999999999997,4.6338569136125666e-08,2211.5
HTPM,10,34,44,0.00253,0.00259,0.0025599999999999998,1.3553800154338708e-11,1835.0
HTPM,10,34,45,0.00248,0.00253,0.0025050000000000003,1.368697718795881e-12,1561.5
HTPM,10,34,46,0.002,0.00248,0.00224,2.500471685272324e-09,1042.8
HTPM,10,34,47,0.0015,0.002,0.00175,4.1772236839794843e-10,1820.5
HTPM,10,34,48,0.001,0.0015,0.00125,3.73175669391504e-11,3783.0
HTPM,10,35,1,15.0,20.0,17.5,0.0,0.05932
HTPM,10,35,2,10.0,15.0,12.5,1.4040274619406245e-12,0.05315
HTPM,10,35,3,8.0,10.0,9.0,1.383238763855134e-11,0.048235
HTPM,10,35,4,6.0,8.0,7.0,9.548164364232481e-11,0.045329999999999995
HTPM,10,35,5,5.0,6.0,5.5,1.6751962426834566e-10,0.043315
HTPM,10,35,6,4.0,5.0,4.5,4.0911111311523987e-10,0.042345
HTPM,10,35,7,3.0,4.0,3.5,4.5626559263207176e-05,0.042155
HTPM,10,35,8,2.0,3.0,2.5,0.010733741526783936,0.0442
HTPM,10,35,9,1.5,2.0,1.75,0.0038515596309622413,0.04914
HTPM,10,35,10,1.25,1.5,1.375,0.021096840297979678,0.05549
HTPM,10,35,11,1.0,1.25,1.125,0.020523252464944422,0.06489
HTPM,10,35,12,0.8,1.0,0.9,0.025204143430297775,0.07986
HTPM,10,35,13,0.6,0.8,0.7,0.7226952333568829,0.10675
HTPM,10,35,14,0.5,0.6,0.55,0.05163089922868578,0.1431
HTPM,10,35,15,0.4,0.5,0.45,0.01731206903807343,0.19685
HTPM,10,35,16,0.3,0.4,0.35,0.01782675374299021,0.3177
HTPM,10,35,17,0.2,0.3,0.25,0.01824398120570233,0.7008000000000001
HTPM,10,35,18,0.15,0.2,0.175,0.01372134016197511,1.5062499999999999
HTPM,10,35,19,0.1,0.15,0.125,0.023566701876149232,3.7815000000000003
HTPM,10,35,20,0.088,0.1,0.094,0.004576391510792515,6.616
HTPM,10,35,21,0.08,0.088,0.08399999999999999,0.003974650816843581,2.1645
HTPM,10,35,22,0.06,0.08,0.07,0.009279252143795732,3.7199999999999998
HTPM,10,35,23,0.05,0.06,0.055,0.003581986067569441,6.531000000000001
HTPM,10,35,24,0.04,0.05,0.045,0.00581093712211168,11.2005
HTPM,10,35,25,0.03,0.04,0.035,0.00846213748532901,22.34
HTPM,10,35,26,0.02,0.03,0.025,0.006139224858492657,58.34
HTPM,10,35,27,0.0159,0.02,0.01795,0.002704785857918866,120.58000000000001
HTPM,10,35,28,0.0155,0.0159,0.0157,0.0002779700026328251,138.0
HTPM,10,35,29,0.0152,0.0155,0.015349999999999999,0.00020349189905914192,145.05
HTPM,10,35,30,0.015,0.0152,0.015099999999999999,0.00013344302001976768,109.69999999999999
HTPM,10,35,31,0.013,0.015,0.013999999999999999,0.001439163668419884,136.85
HTPM,10,35,32,0.01,0.013,0.0115,0.00230503456450798,98.805
HTPM,10,35,33,0.008,0.01,0.009000000000000001,0.0016778343470026432,179.64999999999998
HTPM,10,35,34,0.006,0.008,0.007,0.001873838957163693,347.95
HTPM,10,35,35,0.005,0.006,0.0055,0.0010641952938488272,598.8
HTPM,10,35,36,0.004,0.005,0.0045000000000000005,3.873369413501853e-05,990.7
HTPM,10,35,37,0.00385,0.004,0.003925,2.867670994241357e-09,1309.5
HTPM,10,35,38,0.0037,0.00385,0.003775,3.0945392446853863e-06,1339.5
HTPM,10,35,39,0.00355,0.0037,0.003625,1.9319099559583493e-08,1513.5
HTPM,10,35,40,0.0033,0.00355,0.003425,1.0704711478015367e-06,1540.5
HTPM,10,35,41,0.00307,0.0033,0.003185,5.475655138907603e-07,1971.0
HTPM,10,35,42,0.003,0.00307,0.003035,3.042834507605783e-09,1911.0
HTPM,10,35,43,0.00259,0.003,0.0027949999999999997,4.4691950851218995e-08,2211.5
HTPM,10,35,44,0.00253,0.00259,0.0025599999999999998,1.3546908413690296e-11,1835.0
HTPM,10,35,45,0.00248,0.00253,0.0025050000000000003,1.0090722857870497e-12,1561.5
HTPM,10,35,46,0.002,0.00248,0.00224,2.5128264863973358e-09,1042.8
HTPM,10,35,47,0.0015,0.002,0.00175,4.224455313104009e-10,1820.5
HTPM,10,35,48,0.001,0.0015,0.00125,3.5027557279337063e-11,3783.0
HTPM,10,36,1,15.0,20.0,17.5,0.0,0.05932
HTPM,10,36,2,10.0,15.0,12.5,1.40713844262914e-12,0.05315
HTPM,10,36,3,8.0,10.0,9.0,1.386276716340171e-11,0.048235
HTPM,10,36,4,6.0,8.0,7.0,9.569912185713156e-11,0.045329999999999995
HTPM,10,36,5,5.0,6.0,5.5,1.6790966634947646e-10,0.043315
HTPM,10,36,6,4.0,5.0,4.5,4.1007463016118024e-10,0.042345
HTPM,10,36,7,3.0,4.0,3.5,4.3915434282098735e-05,0.042155
HTPM,10,36,8,2.0,3.0,2.5,0.01019079213338066,0.0442
HTPM,10,36,9,1.5,2.0,1.75,0.00373106658290847,0.04914
HTPM,10,36,10,1.25,1.5,1.375,0.020924522641410294,0.05549
HTPM,10,36,11,1.0,1.25,1.125,0.020194306649303075,0.06489
HTPM,10,36,12,0.8,1.0,0.9,0.024875357933866204,0.07986
HTPM,10,36,13,0.6,0.8,0.7,0.7281635331542644,0.10675
HTPM,10,36,14,0.5,0.6,0.55,0.050483747507500724,0.1431
HTPM,10,36,15,0.4,0.5,0.45,0.017009031136700214,0.19685
HTPM,10,36,16,0.3,0.4,0.35,0.017441899916597767,0.3177
HTPM,10,36,17,0.2,0.3,0.25,0.01787862168803155,0.7008000000000001
HTPM,10,36,18,0.15,0.2,0.175,0.013461092795749427,1.5062499999999999
HTPM,10,36,19,0.1,0.15,0.125,0.022912332842146613,3.7815000000000003
HTPM,10,36,20,0.088,0.1,0.094,0.004495643849919778,6.616
HTPM,10,36,21,0.08,0.088,0.08399999999999999,0.0038892926441835176,2.1645
HTPM,10,36,22,0.06,0.08,0.07,0.009124061788178145,3.7199999999999998
HTPM,10,36,23,0.05,0.06,0.055,0.003526828393091693,6.531000000000001
HTPM,10,36,24,0.04,0.05,0.045,0.0057078216617754435,11.2005
HTPM,10,36,25,0.03,0.04,0.035,0.008345950147435907,22.34
HTPM,10,36,26,0.02,0.03,0.025,0.00604919671188568,58.34
HTPM,10,36,27,0.0159,0.02,0.01795,0.002664302153550057,120.58000000000001
HTPM,10,36,28,0.0155,0.0159,0.0157,0.0002737959496364257,138.0
HTPM,10,36,29,0.0152,0.0155,0.015349999999999999,0.00020043932540202923,145.05
HTPM,10,36,30,0.015,0.0152,0.015099999999999999,0.0001314401974879407,109.69999999999999
HTPM,10,36,31,0.013,0.015,0.013999999999999999,0.0014182565460909042,136.85
HTPM,10,36,32,0.01,0.013,0.0115,0.002271027307446763,98.805
HTPM,10,36,33,0.008,0.01,0.009000000000000001,0.001653422402585059,179.64999999999998
HTPM,10,36,34,0.006,0.008,0.007,0.001846783300911086,347.95
HTPM,10,36,35,0.005,0.006,0.0055,0.001047509845116,598.8
HTPM,10,36,36,0.004,0.005,0.0045000000000000005,3.9202929249321556e-05,990.7
HTPM,10,36,37,0.00385,0.004,0.003925,2.889073083455401e-09,1309.5
HTPM,10,36,38,0.0037,0.00385,0.003775,3.089255258720383e-06,1339.5
HTPM,10,36,39,0.00355,0.0037,0.003625,1.9685007854605057e-08,1513.5
HTPM,10,36,40,0.0033,0.00355,0.003425,1.0847519721533344e-06,1540.5
HTPM,10,36,41,0.00307,0.0033,0.003185,5.580355069278018e-07,1971.0
HTPM,10,36,42,0.003,0.00307,0.003035,3.0314903204572857e-09,1911.0
HTPM,10,36,43,0.00259,0.003,0.0027949999999999997,4.3084729306886914e-08,2211.5
HTPM,10,36,44,0.00253,0.00259,0.0025599999999999998,1.354356163382303e-11,1835.0
HTPM,10,36,45,0.00248,0.00253,0.0025050000000000003,7.435183712900724e-13,1561.5
HTPM,10,36,46,0.002,0.00248,0.00224,2.5330775605769647e-09,1042.8
HTPM,10,36,47,0.0015,0.002,0.00175,4.276968797200701e-10,1820.5
HTPM,10,36,48,0.001,0.0015,0.00125,3.285971964482486e-11,3783.0
HTPM,1,0,1,15.0,20.0,17.5,3.134622081804924e-19,0.05932
HTPM,1,0,2,10.0,15.0,12.5,5.380353888646077e-11,0.05315
HTPM,1,0,3,8.0,10.0,9.0,1.154694694449127e-06,0.048235
HTPM,1,0,4,6.0,8.0,7.0,0.0015653454429844643,0.045329999999999995
HTPM,1,0,5,5.0,6.0,5.5,0.010400010427391531,0.043315
HTPM,1,0,6,4.0,5.0,4.5,0.02349199260132872,0.042345
HTPM,1,0,7,3.0,4.0,3.5,0.05560818357288172,0.042155
HTPM,1,0,8,2.0,3.0,2.5,0.14193701254396096,0.0442
HTPM,1,0,9,1.5,2.0,1.75,0.11908686437617932,0.04914
HTPM,1,0,10,1.25,1.5,1.375,0.09973469889501421,0.05549
HTPM,1,0,11,1.0,1.25,1.125,0.09435955572249832,0.06489
HTPM,1,0,12,0.8,1.0,0.9,0.11914823503282373,0.07986
HTPM,1,0,13,0.6,0.8,0.7,0.12092682613859375,0.10675
HTPM,1,0,14,0.5,0.6,0.55,0.05199304661860485,0.1431
HTPM,1,0,15,0.4,0.5,0.45,0.038747406215673075,0.19685
HTPM,1,0,16,0.3,0.4,0.35,0.03436432549749863,0.3177
HTPM,1,0,17,0.2,0.3,0.25,0.033638067462642536,0.7008000000000001
HTPM,1,0,18,0.15,0.2,0.175,0.012445071766374648,1.5062499999999999
HTPM,1,0,19,0.1,0.15,0.125,0.017120097329954214,3.7815000000000003
HTPM,1,0,20,0.088,0.1,0.094,0.003359969343318602,6.616
HTPM,1,0,21,0.08,0.088,0.08399999999999999,0.0020729479337749522,2.1645
HTPM,1,0,22,0.06,0.08,0.07,0.006144094341531969,3.7199999999999998
HTPM,1,0,23,0.05,0.06,0.055,0.0014800749683562717,6.531000000000001
HTPM,1,0,24,0.04,0.05,0.045,0.0023048560658649924,11.2005
HTPM,1,0,25,0.03,0.04,0.035,0.002949774821928885,22.34
HTPM,1,0,26,0.02,0.03,0.025,0.002537502961708601,58.34
HTPM,1,0,27,0.0159,0.02,0.01795,0.0015967220017497606,120.58000000000001
HTPM,1,0,28,0.0155,0.0159,0.0157,0.00010071503723806275,138.0
HTPM,1,0,29,0.0152,0.0155,0.015349999999999999,6.067801351827627e-05,145.05
HTPM,1,0,30,0.015,0.0152,0.015099999999999999,3.9963367352444e-05,109.69999999999999
HTPM,1,0,31,0.013,0.015,0.013999999999999999,0.0007785550978124675,136.85
HTPM,1,0,32,0.01,0.013,0.0115,0.0006625645567545365,98.805
HTPM,1,0,33,0.008,0.01,0.009000000000000001,0.000472830803085301,179.64999999999998
HTPM,1,0,34,0.006,0.008,0.007,0.0005125793036632744,347.95
HTPM,1,0,35,0.005,0.006,0.0055,0.00029823128493195996,598.8
HTPM,1,0,36,0.004,0.005,0.0045000000000000005,2.353784690327436e-05,990.7
HTPM,1,0,37,0.00385,0.004,0.003925,3.2397427795310587e-06,1309.5
HTPM,1,0,38,0.0037,0.00385,0.003775,7.581429858251542e-07,1339.5
HTPM,1,0,39,0.00355,0.0037,0.003625,4.861988953172921e-07,1513.5
HTPM,1,0,40,0.0033,0.00355,0.003425,2.488147637491942e-05,1540.5
HTPM,1,0,41,0.00307,0.0033,0.003185,9.369806688914043e-08,1971.0
HTPM,1,0,42,0.003,0.00307,0.003035,1.3059633469232537e-09,1911.0
HTPM,1,0,43,0.00259,0.003,0.0027949999999999997,1.2534707663183018e-06,2211.5
HTPM,1,0,44,0.00253,0.00259,0.0025599999999999998,9.218437701205988e-07,1835.0
HTPM,1,0,45,0.00248,0.00253,0.0025050000000000003,2.0542855802641553e-09,1561.5
HTPM,1,0,46,0.002,0.00248,0.00224,4.360141987832451e-06,1042.8
HTPM,1,0,47,0.0015,0.002,0.00175,4.945606472850927e-07,1820.5
HTPM,1,0,48,0.001,0.0015,0.00125,1.522108078473102e-08,3783.0
HTPM,1,1,1,15.0,20.0,17.5,2.5299978774869855e-33,0.05932
HTPM,1,1,2,10.0,15.0,12.5,1.7305880620980883e-12,0.05315
HTPM,1,1,3,8.0,10.0,9.0,1.704075989739621e-11,0.048235
HTPM,1,1,4,6.0,8.0,7.0,1.1751016313255436e-10,0.045329999999999995
HTPM,1,1,5,5.0,6.0,5.5,2.059626374004004e-10,0.043315
HTPM,1,1,6,4.0,5.0,4.5,5.024402879869424e-10,0.042345
HTPM,1,1,7,3.0,4.0,3.5,9.952454218973757e-05,0.042155
HTPM,1,1,8,2.0,3.0,2.5,0.015716520159730255,0.0442
HTPM,1,1,9,1.5,2.0,1.75,0.14251448786452858,0.04914
HTPM,1,1,10,1.25,1.5,1.375,0.005188447977442589,0.05549
HTPM,1,1,11,1.0,1.25,1.125,0.008543939880241349,0.06489
HTPM,1,1,12,0.8,1.0,0.9,0.03755967842800016,0.07986
HTPM,1,1,13,0.6,0.8,0.7,0.5872120454052873,0.10675
HTPM,1,1,14,0.5,0.6,0.55,0.026910457382041595,0.1431
HTPM,1,1,15,0.4,0.5,0.45,0.08222020143356344,0.19685
HTPM,1,1,16,0.3,0.4,0.35,0.02051253909069028,0.3177
HTPM,1,1,17,0.2,0.3,0.25,0.010325783442335479,0.7008000000000001
HTPM,1,1,18,0.15,0.2,0.175,0.007837911866347386,1.5062499999999999
HTPM,1,1,19,0.1,0.15,0.125,0.023872854070044462,3.7815000000000003
HTPM,1,1,20,0.088,0.1,0.094,0.00302112411879669,6.616
HTPM,1,1,21,0.08,0.088,0.08399999999999999,0.002400563001290974,2.1645
HTPM,1,1,22,0.06,0.08,0.07,0.004940810218931675,3.7199999999999998
HTPM,1,1,23,0.05,0.06,0.055,0.001991267375618726,6.531000000000001
HTPM,1,1,24,0.04,0.05,0.045,0.003402925238363766,11.2005
HTPM,1,1,25,0.03,0.04,0.035,0.005317153177700889,22.34
HTPM,1,1,26,0.02,0.03,0.025,0.003827883928888882,58.34
HTPM,1,1,27,0.0159,0.02,0.01795,0.001524969914453026,120.58000000000001
HTPM,1,1,28,0.0155,0.0159,0.0157,0.00015122356724625932,138.0
HTPM,1,1,29,0.0152,0.0155,0.015349999999999999,0.00011082341019959444,145.05
HTPM,1,1,30,0.015,0.0152,0.015099999999999999,7.267233569352838e-05,109.69999999999999
HTPM,1,1,31,0.013,0.015,0.013999999999999999,0.0008152660232846679,136.85
HTPM,1,1,32,0.01,0.013,0.0115,0.0012597282014906808,98.805
HTPM,1,1,33,0.008,0.01,0.009000000000000001,0.0009191145058517541,179.64999999999998
HTPM,1,1,34,0.006,0.008,0.007,0.0010325717448129476,347.95
HTPM,1,1,35,0.005,0.006,0.0055,0.0006497613538553915,598.8
HTPM,1,1,36,0.004,0.005,0.0045000000000000005,2.859660934543067e-05,990.7
HTPM,1,1,37,0.00385,0.004,0.003925,1.9839761157587736e-06,1309.5
HTPM,1,1,38,0.0037,0.00385,0.003775,8.119916107634617e-07,1339.5
HTPM,1,1,39,0.00355,0.0037,0.003625,4.1444031399159357e-08,1513.5
HTPM,1,1,40,0.0033,0.00355,0.003425,2.2393560945373317e-06,1540.5
HTPM,1,1,41,0.00307,0.0033,0.003185,5.549477200689382e-07,1971.0
HTPM,1,1,42,0.003,0.00307,0.003035,1.1476621863862466e-09,1911.0
HTPM,1,1,43,0.00259,0.003,0.0027949999999999997,1.2217482279627131e-05,2211.5
HTPM,1,1,44,0.00253,0.00259,0.0025599999999999998,1.0506474698450277e-09,1835.0
HTPM,1,1,45,0.00248,0.00253,0.0025050000000000003,2.9092219233096256e-09,1561.5
HTPM,1,1,46,0.002,0.00248,0.00224,1.2788022868711816e-06,1042.8
HTPM,1,1,47,0.0015,0.002,0.00175,1.9759545200190503e-08,1820.5
HTPM,1,1,48,0.001,0.0015,0.00125,1.9832358807481014e-11,3783.0
HTPM,1,2,1,15.0,20.0,17.5,8.046344179478569e-49,0.05932
HTPM,1,2,2,10.0,15.0,12.5,2.2997129393613347e-12,0.05315
HTPM,1,2,3,8.0,10.0,9.0,2.264474605620584e-11,0.048235
HTPM,1,2,4,6.0,8.0,7.0,1.5616641523235123e-10,0.045329999999999995
HTPM,1,2,5,5.0,6.0,5.5,2.737261072146022e-10,0.043315
HTPM,1,2,6,4.0,5.0,4.5,6.677828908983214e-10,0.042345
HTPM,1,2,7,3.0,4.0,3.5,4.5974828304136005e-05,0.042155
HTPM,1,2,8,2.0,3.0,2.5,0.010923554129410871,0.0442
HTPM,1,2,9,1.5,2.0,1.75,0.043341009854681284,0.04914
HTPM,1,2,10,1.25,1.5,1.375,0.007027997500648605,0.05549
HTPM,1,2,11,1.0,1.25,1.125,0.00937948938414442,0.06489
HTPM,1,2,12,0.8,1.0,0.9,0.018170926724106744,0.07986
HTPM,1,2,13,0.6,0.8,0.7,0.7288011944075392,0.10675
HTPM,1,2,14,0.5,0.6,0.55,0.02385648367457704,0.1431
HTPM,1,2,15,0.4,0.5,0.45,0.06340528895737635,0.19685
HTPM,1,2,16,0.3,0.4,0.35,0.013839246315769405,0.3177
HTPM,1,2,17,0.2,0.3,0.25,0.011959791672544257,0.7008000000000001
HTPM,1,2,18,0.15,0.2,0.175,0.00888905081772642,1.5062499999999999
HTPM,1,2,19,0.1,0.15,0.125,0.024720349779580437,3.7815000000000003
HTPM,1,2,20,0.088,0.1,0.094,0.003077625173775937,6.616
HTPM,1,2,21,0.08,0.088,0.08399999999999999,0.002588385369365565,2.1645
HTPM,1,2,22,0.06,0.08,0.07,0.005985049854244492,3.7199999999999998
HTPM,1,2,23,0.05,0.06,0.055,0.0023213104153119745,6.531000000000001
HTPM,1,2,24,0.04,0.05,0.045,0.003968165709430416,11.2005
HTPM,1,2,25,0.03,0.04,0.035,0.005713484153285397,22.34
HTPM,1,2,26,0.02,0.03,0.025,0.0042315640208869815,58.34
HTPM,1,2,27,0.0159,0.02,0.01795,0.0018092667983482308,120.58000000000001
HTPM,1,2,28,0.0155,0.0159,0.0157,0.00018116343533132982,138.0
HTPM,1,2,29,0.0152,0.0155,0.015349999999999999,0.00013275004846628952,145.05
HTPM,1,2,30,0.015,0.0152,0.015099999999999999,8.704838640799093e-05,109.69999999999999
HTPM,1,2,31,0.013,0.015,0.013999999999999999,0.0009491428726560132,136.85
HTPM,1,2,32,0.01,0.013,0.0115,0.0015062082362617833,98.805
HTPM,1,2,33,0.008,0.01,0.009000000000000001,0.0010976181098866686,179.64999999999998
HTPM,1,2,34,0.006,0.008,0.007,0.0012266562774221916,347.95
HTPM,1,2,35,0.005,0.006,0.0055,0.0007305762843034518,598.8
HTPM,1,2,36,0.004,0.005,0.0045000000000000005,1.817181591570581e-05,990.7
HTPM,1,2,37,0.00385,0.004,0.003925,6.245945256014797e-07,1309.5
HTPM,1,2,38,0.0037,0.00385,0.003775,9.990031389178445e-07,1339.5
HTPM,1,2,39,0.00355,0.0037,0.003625,1.972050775058962e-08,1513.5
HTPM,1,2,40,0.0033,0.00355,0.003425,1.2773199447602895e-06,1540.5
HTPM,1,2,41,0.00307,0.0033,0.003185,5.527371740977844e-07,1971.0
HTPM,1,2,42,0.003,0.00307,0.003035,1.665335626586001e-09,1911.0
HTPM,1,2,43,0.00259,0.003,0.0027949999999999997,1.077529921409865e-05,2211.5
HTPM,1,2,44,0.00253,0.00259,0.0025599999999999998,6.278456735518413e-12,1835.0
HTPM,1,2,45,0.00248,0.00253,0.0025050000000000003,3.1484239262144337e-09,1561.5
HTPM,1,2,46,0.002,0.00248,0.00224,1.1789326397738484e-06,1042.8
HTPM,1,2,47,0.0015,0.002,0.00175,2.1415191672831137e-08,1820.5
HTPM,1,2,48,0.001,0.0015,0.00125,2.729571211465213e-11,3783.0
HTPM,1,3,1,15.0,20.0,17.5,2.186778522680587e-64,0.05932
HTPM,1,3,2,10.0,15.0,12.5,2.614262408331623e-12,0.05315
HTPM,1,3,3,8.0,10.0,9.0,2.574307453791619e-11,0.048235
HTPM,1,3,4,6.0,8.0,7.0,1.7753768959644023e-10,0.045329999999999995
HTPM,1,3,5,5.0,6.0,5.5,3.112079316880084e-10,0.043315
HTPM,1,3,6,4.0,5.0,4.5,7.592705359897123e-10,0.042345
HTPM,1,3,7,3.0,4.0,3.5,3.178194802131769e-05,0.042155
HTPM,1,3,8,2.0,3.0,2.5,0.0102276341240253,0.0442
HTPM,1,3,9,1.5,2.0,1.75,0.012727820776354539,0.04914
HTPM,1,3,10,1.25,1.5,1.375,0.0085419041296477,0.05549
HTPM,1,3,11,1.0,1.25,1.125,0.010386265784726675,0.06489
HTPM,1,3,12,0.8,1.0,0.9,0.013165795839565906,0.07986
HTPM,1,3,13,0.6,0.8,0.7,0.7717209093595014,0.10675
HTPM,1,3,14,0.5,0.6,0.55,0.02491684163848619,0.1431
HTPM,1,3,15,0.4,0.5,0.45,0.04836306455582476,0.19685
HTPM,1,3,16,0.3,0.4,0.35,0.013385225770225337,0.3177
HTPM,1,3,17,0.2,0.3,0.25,0.013398160675892088,0.7008000000000001
HTPM,1,3,18,0.15,0.2,0.175,0.00983895495537452,1.5062499999999999
HTPM,1,3,19,0.1,0.15,0.125,0.024159201659008863,3.7815000000000003
HTPM,1,3,20,0.088,0.1,0.094,0.003334920354910135,6.616
HTPM,1,3,21,0.08,0.088,0.08399999999999999,0.0029293895743034135,2.1645
HTPM,1,3,22,0.06,0.08,0.07,0.006695562212137661,3.7199999999999998
HTPM,1,3,23,0.05,0.06,0.055,0.002583496714136631,6.531000000000001
HTPM,1,3,24,0.04,0.05,0.045,0.004351310692944089,11.2005
HTPM,1,3,25,0.03,0.04,0.035,0.006131650884959121,22.34
HTPM,1,3,26,0.02,0.03,0.025,0.00454259561713645,58.34
HTPM,1,3,27,0.0159,0.02,0.01795,0.0020038705299040677,120.58000000000001
HTPM,1,3,28,0.0155,0.0159,0.0157,0.00020118615208120682,138.0
HTPM,1,3,29,0.0152,0.0155,0.015349999999999999,0.00014740618497830827,145.05
HTPM,1,3,30,0.015,0.0152,0.015099999999999999,9.666222983499089e-05,109.69999999999999
HTPM,1,3,31,0.013,0.015,0.013999999999999999,0.00105032613744838,136.85
HTPM,1,3,32,0.01,0.013,0.0115,0.0016707642663879234,98.805
HTPM,1,3,33,0.008,0.01,0.009000000000000001,0.0012166985175930637,179.64999999999998
HTPM,1,3,34,0.006,0.008,0.007,0.0013576342161444842,347.95
HTPM,1,3,35,0.005,0.006,0.0055,0.0007934995827769093,598.8
HTPM,1,3,36,0.004,0.005,0.0045000000000000005,1.7162934490051628e-05,990.7
HTPM,1,3,37,0.00385,0.004,0.003925,2.2360742065749573e-07,1309.5
HTPM,1,3,38,0.0037,0.00385,0.003775,1.1071996958010363e-06,1339.5
HTPM,1,3,39,0.00355,0.0037,0.003625,1.819141749022048e-08,1513.5
HTPM,1,3,40,0.0033,0.00355,0.003425,1.367158435773049e-06,1540.5
HTPM,1,3,41,0.00307,0.0033,0.003185,4.979685039575455e-07,1971.0
HTPM,1,3,42,0.003,0.00307,0.003035,2.067626637802246e-09,1911.0
HTPM,1,3,43,0.00259,0.003,0.0027949999999999997,8.124428995922191e-06,2211.5
HTPM,1,3,44,0.00253,0.00259,0.0025599999999999998,6.6850154186962875e-12,1835.0
HTPM,1,3,45,0.00248,0.00253,0.0025050000000000003,2.9108972938567123e-09,1561.5
HTPM,1,3,46,0.002,0.00248,0.00224,9.372914096193326e-07,1042.8
HTPM,1,3,47,0.0015,0.002,0.00175,1.9841597560636116e-08,1820.5
HTPM,1,3,48,0.001,0.0015,0.00125,3.2119224633247174e-11,3783.0
HTPM,1,4,1,15.0,20.0,17.5,5.634351291192397e-80,0.05932
HTPM,1,4,2,10.0,15.0,12.5,2.8207016823928856e-12,0.05315
HTPM,1,4,3,8.0,10.0,9.0,2.7777198048611015e-11,0.048235
HTPM,1,4,4,6.0,8.0,7.0,1.9157724446136757e-10,0.045329999999999995
HTPM,1,4,5,5.0,6.0,5.5,3.3583405307154957e-10,0.043315
HTPM,1,4,6,4.0,5.0,4.5,8.193896291708951e-10,0.042345
HTPM,1,4,7,3.0,4.0,3.5,3.072726439985625e-05,0.042155
HTPM,1,4,8,2.0,3.0,2.5,0.010872457809609317,0.0442
HTPM,1,4,9,1.5,2.0,1.75,0.005153762696200525,0.04914
HTPM,1,4,10,1.25,1.5,1.375,0.009914844982909178,0.05549
HTPM,1,4,11,1.0,1.25,1.125,0.011510593816835753,0.06489
HTPM,1,4,12,0.8,1.0,0.9,0.012992679066051744,0.07986
HTPM,1,4,13,0.6,0.8,0.7,0.7780276844862843,0.10675
HTPM,1,4,14,0.5,0.6,0.55,0.027335983531182145,0.1431
HTPM,1,4,15,0.4,0.5,0.45,0.0379606989293373,0.19685
HTPM,1,4,16,0.3,0.4,0.35,0.014307839689233286,0.3177
HTPM,1,4,17,0.2,0.3,0.25,0.014684154688810102,0.7008000000000001
HTPM,1,4,18,0.15,0.2,0.175,0.010779528854322729,1.5062499999999999
HTPM,1,4,19,0.1,0.15,0.125,0.02398216041572501,3.7815000000000003
HTPM,1,4,20,0.088,0.1,0.094,0.0036311270017829866,6.616
HTPM,1,4,21,0.08,0.088,0.08399999999999999,0.003233161114234865,2.1645
HTPM,1,4,22,0.06,0.08,0.07,0.007321687653363343,3.7199999999999998
HTPM,1,4,23,0.05,0.06,0.055,0.0028187598070555796,6.531000000000001
HTPM,1,4,24,0.04,0.05,0.045,0.004705419452204439,11.2005
HTPM,1,4,25,0.03,0.04,0.035,0.006582650781570854,22.34
HTPM,1,4,26,0.02,0.03,0.025,0.004857243442392205,58.34
HTPM,1,4,27,0.0159,0.02,0.01795,0.0021739549911049764,120.58000000000001
HTPM,1,4,28,0.0155,0.0159,0.0157,0.00021888379325059473,138.0
HTPM,1,4,29,0.0152,0.0155,0.015349999999999999,0.00016036589098071403,145.05
HTPM,1,4,30,0.015,0.0152,0.015099999999999999,0.00010515600400912305,109.69999999999999
HTPM,1,4,31,0.013,0.015,0.013999999999999999,0.001141937166776669,136.85
HTPM,1,4,32,0.01,0.013,0.0115,0.0018162615539732722,98.805
HTPM,1,4,33,0.008,0.01,0.009000000000000001,0.0013218958644830416,179.64999999999998
HTPM,1,4,34,0.006,0.008,0.007,0.0014742104337033908,347.95
HTPM,1,4,35,0.005,0.006,0.0055,0.0008554931798500123,598.8
HTPM,1,4,36,0.004,0.005,0.0045000000000000005,1.8857091482732305e-05,990.7
HTPM,1,4,37,0.00385,0.004,0.003925,9.992259376290346e-08,1309.5
HTPM,1,4,38,0.0037,0.00385,0.003775,1.2076936648762695e-06,1339.5
HTPM,1,4,39,0.00355,0.0037,0.003625,2.0787417771979257e-08,1513.5
HTPM,1,4,40,0.0033,0.00355,0.003425,1.487601452723503e-06,1540.5
HTPM,1,4,41,0.00307,0.0033,0.003185,4.548160255151518e-07,1971.0
HTPM,1,4,42,0.003,0.00307,0.003035,2.4366589388092805e-09,1911.0
HTPM,1,4,43,0.00259,0.003,0.0027949999999999997,5.811468718668396e-06,2211.5
HTPM,1,4,44,0.00253,0.00259,0.0025599999999999998,7.766323959544475e-12,1835.0
HTPM,1,4,45,0.00248,0.00253,0.0025050000000000003,2.5516070229535084e-09,1561.5
HTPM,1,4,46,0.002,0.00248,0.00224,7.124057890087487e-07,1042.8
HTPM,1,4,47,0.0015,0.002,0.00175,1.7441949830670797e-08,1820.5
HTPM,1,4,48,0.001,0.0015,0.00125,3.583654282023771e-11,3783.0
HTPM,1,5,1,15.0,20.0,17.5,1.413986677991045e-95,0.05932
HTPM,1,5,2,10.0,15.0,12.5,2.9681987499172673e-12,0.05315
HTPM,1,5,3,8.0,10.0,9.0,2.922964167656363e-11,0.048235
HTPM,1,5,4,6.0,8.0,7.0,2.0161475293839827e-10,0.045329999999999995
HTPM,1,5,5,5.0,6.0,5.5,3.534527509623351e-10,0.043315
HTPM,1,5,6,4.0,5.0,4.5,8.624151498793533e-10,0.042345
HTPM,1,5,7,3.0,4.0,3.5,3.293195912070714e-05,0.042155
HTPM,1,5,8,2.0,3.0,2.5,0.011793409605737281,0.0442
HTPM,1,5,9,1.5,2.0,1.75,0.003562593113911479,0.04914
HTPM,1,5,10,1.25,1.5,1.375,0.011238723030989177,0.05549
HTPM,1,5,11,1.0,1.25,1.125,0.01267665512076961,0.06489
HTPM,1,5,12,0.8,1.0,0.9,0.014074215360974465,0.07986
HTPM,1,5,13,0.6,0.8,0.7,0.772364947056318,0.10675
HTPM,1,5,14,0.5,0.6,0.55,0.030085253226521988,0.1431
HTPM,1,5,15,0.4,0.5,0.45,0.030868844415293552,0.19685
HTPM,1,5,16,0.3,0.4,0.35,0.015506714229877436,0.3177
HTPM,1,5,17,0.2,0.3,0.25,0.015919639016564457,0.7008000000000001
HTPM,1,5,18,0.15,0.2,0.175,0.011714024211805492,1.5062499999999999
HTPM,1,5,19,0.1,0.15,0.125,0.024375541775519288,3.7815000000000003
HTPM,1,5,20,0.088,0.1,0.094,0.0039332462347894375,6.616
HTPM,1,5,21,0.08,0.088,0.08399999999999999,0.0035215095124009545,2.1645
HTPM,1,5,22,0.06,0.08,0.07,0.007930462004807683,3.7199999999999998
HTPM,1,5,23,0.05,0.06,0.055,0.0030496306570462323,6.531000000000001
HTPM,1,5,24,0.04,0.05,0.045,0.005063870522211018,11.2005
HTPM,1,5,25,0.03,0.04,0.035,0.007080814923990363,22.34
HTPM,1,5,26,0.02,0.03,0.025,0.00518993332039228,58.34
HTPM,1,5,27,0.0159,0.02,0.01795,0.0023399813785784443,120.58000000000001
HTPM,1,5,28,0.0155,0.0159,0.0157,0.0002362663868359426,138.0
HTPM,1,5,29,0.0152,0.0155,0.015349999999999999,0.00017307340979332762,145.05
HTPM,1,5,30,0.015,0.0152,0.015099999999999999,0.00011348910561457709,109.69999999999999
HTPM,1,5,31,0.013,0.015,0.013999999999999999,0.0012322206883004282,136.85
HTPM,1,5,32,0.01,0.013,0.0115,0.001959159079291505,98.805
HTPM,1,5,33,0.008,0.01,0.009000000000000001,0.0014253511649930674,179.64999999999998
HTPM,1,5,34,0.006,0.008,0.007,0.0015890842945913916,347.95
HTPM,1,5,35,0.005,0.006,0.0055,0.0009189930899499785,598.8
HTPM,1,5,36,0.004,0.005,0.0045000000000000005,2.1393307205001916e-05,990.7
HTPM,1,5,37,0.00385,0.004,0.003925,5.537019543868648e-08,1309.5
HTPM,1,5,38,0.0037,0.00385,0.003775,1.316038986777016e-06,1339.5
HTPM,1,5,39,0.00355,0.0037,0.003625,2.4304592966227778e-08,1513.5
HTPM,1,5,40,0.0033,0.00355,0.003425,1.5927049326150106e-06,1540.5
HTPM,1,5,41,0.00307,0.0033,0.003185,4.337354111374757e-07,1971.0
HTPM,1,5,42,0.003,0.00307,0.003035,2.8003021431605446e-09,1911.0
HTPM,1,5,43,0.00259,0.003,0.0027949999999999997,4.0529352611902306e-06,2211.5
HTPM,1,5,44,0.00253,0.00259,0.0025599999999999998,8.807207576596941e-12,1835.0
HTPM,1,5,45,0.00248,0.00253,0.0025050000000000003,2.178451540784173e-09,1561.5
HTPM,1,5,46,0.002,0.00248,0.00224,5.322798511112124e-07,1042.8
HTPM,1,5,47,0.0015,0.002,0.00175,1.4950382596585883e-08,1820.5
HTPM,1,5,48,0.001,0.0015,0.00125,3.8950156779307895e-11,3783.0
HTPM,1,6,1,15.0,20.0,17.5,3.475678282475096e-111,0.05932
HTPM,1,6,2,10.0,15.0,12.5,3.063816413484961e-12,0.05315
HTPM,1,6,3,8.0,10.0,9.0,3.017209520847542e-11,0.048235
HTPM,1,6,4,6.0,8.0,7.0,2.0812995275080186e-10,0.045329999999999995
HTPM,1,6,5,5.0,6.0,5.5,3.648973215411108e-10,0.043315
HTPM,1,6,6,4.0,5.0,4.5,8.904137865428351e-10,0.042345
HTPM,1,6,7,3.0,4.0,3.5,3.564330571812847e-05,0.042155
HTPM,1,6,8,2.0,3.0,2.5,0.0126618185843202,0.0442
HTPM,1,6,9,1.5,2.0,1.75,0.0033930404617465797,0.04914
HTPM,1,6,10,1.25,1.5,1.375,0.012496473088407775,0.05549
HTPM,1,6,11,1.0,1.25,1.125,0.013806191736162744,0.06489
HTPM,1,6,12,0.8,1.0,0.9,0.015396620512909716,0.07986
HTPM,1,6,13,0.6,0.8,0.7,0.7628302121261182,0.10675
HTPM,1,6,14,0.5,0.6,0.55,0.03277529134310676,0.1431
HTPM,1,6,15,0.4,0.5,0.45,0.026078693976970515,0.19685
HTPM,1,6,16,0.3,0.4,0.35,0.016694306730723443,0.3177
HTPM,1,6,17,0.2,0.3,0.25,0.01708081143240635,0.7008000000000001
HTPM,1,6,18,0.15,0.2,0.175,0.012601289698723192,1.5062499999999999
HTPM,1,6,19,0.1,0.15,0.125,0.025114423074741914,3.7815000000000003
HTPM,1,6,20,0.088,0.1,0.094,0.004222799624672703,6.616
HTPM,1,6,21,0.08,0.088,0.08399999999999999,0.0037897606789859847,2.1645
HTPM,1,6,22,0.06,0.08,0.07,0.008510717572661655,3.7199999999999998
HTPM,1,6,23,0.05,0.06,0.055,0.0032715356220380585,6.531000000000001
HTPM,1,6,24,0.04,0.05,0.045,0.005413901914449601,11.2005
HTPM,1,6,25,0.03,0.04,0.035,0.007591432939705384,22.34
HTPM,1,6,26,0.02,0.03,0.025,0.005523042515553771,58.34
HTPM,1,6,27,0.0159,0.02,0.01795,0.0024993488247389392,120.58000000000001
HTPM,1,6,28,0.0155,0.0159,0.0157,0.00025296827028661016,138.0
HTPM,1,6,29,0.0152,0.0155,0.015349999999999999,0.0001852961239648008,145.05
HTPM,1,6,30,0.015,0.0152,0.015099999999999999,0.00012150267422040406,109.69999999999999
HTPM,1,6,31,0.013,0.015,0.013999999999999999,0.0013190365335596819,136.85
HTPM,1,6,32,0.01,0.013,0.0115,0.0020966814785852964,98.805
HTPM,1,6,33,0.008,0.01,0.009000000000000001,0.0015250764410051612,179.64999999999998
HTPM,1,6,34,0.006,0.008,0.007,0.0017000897935438115,347.95
HTPM,1,6,35,0.005,0.006,0.0055,0.0009810150151860178,598.8
HTPM,1,6,36,0.004,0.005,0.0045000000000000005,2.4188851540800387e-05,990.7
HTPM,1,6,37,0.00385,0.004,0.003925,3.5102555393494893e-08,1309.5
HTPM,1,6,38,0.0037,0.00385,0.003775,1.4283605026092558e-06,1339.5
HTPM,1,6,39,0.00355,0.0037,0.003625,2.8062612900939577e-08,1513.5
HTPM,1,6,40,0.0033,0.00355,0.003425,1.6800719515344564e-06,1540.5
HTPM,1,6,41,0.00307,0.0033,0.003185,4.3149910201384247e-07,1971.0
HTPM,1,6,42,0.003,0.00307,0.003035,3.1559551386913173e-09,1911.0
HTPM,1,6,43,0.00259,0.003,0.0027949999999999997,2.7733906474192407e-06,2211.5
HTPM,1,6,44,0.00253,0.00259,0.0025599999999999998,9.802603076499645e-12,1835.0
HTPM,1,6,45,0.00248,0.00253,0.0025050000000000003,1.8217731113858592e-09,1561.5
HTPM,1,6,46,0.002,0.00248,0.00224,3.9346947030329203e-07,1042.8
HTPM,1,6,47,0.0015,0.002,0.00175,1.2570728374489275e-08,1820.5
HTPM,1,6,48,0.001,0.0015,0.00125,4.146735108196557e-11,3783.0
HTPM,1,7,1,15.0,20.0,17.5,0.0,0.05932
HTPM,1,7,2,10.0,15.0,12.5,3.1062778234071635e-12,0.05315
HTPM,1,7,3,8.0,10.0,9.0,3.0592169712538795e-11,0.048235
HTPM,1,7,4,6.0,8.0,7.0,2.110390290649509e-10,0.045329999999999995
HTPM,1,7,5,5.0,6.0,5.5,3.700241740124345e-10,0.043315
HTPM,1,7,6,4.0,5.0,4.5,9.030261746684297e-10,0.042345
HTPM,1,7,7,3.0,4.0,3.5,3.808124205646696e-05,0.042155
HTPM,1,7,8,2.0,3.0,2.5,0.013362047915578833,0.0442
HTPM,1,7,9,1.5,2.0,1.75,0.003522033541015344,0.04914
HTPM,1,7,10,1.25,1.5,1.375,0.0136414642939523,0.05549
HTPM,1,7,11,1.0,1.25,1.125,0.014831837516116542,0.06489
HTPM,1,7,12,0.8,1.0,0.9,0.016660825788597334,0.07986
HTPM,1,7,13,0.6,0.8,0.7,0.7526248593986943,0.10675
HTPM,1,7,14,0.5,0.6,0.55,0.0351975064975374,0.1431
HTPM,1,7,15,0.4,0.5,0.45,0.022905246792604892,0.19685
HTPM,1,7,16,0.3,0.4,0.35,0.017755820923590546,0.3177
HTPM,1,7,17,0.2,0.3,0.25,0.018111730012639306,0.7008000000000001
HTPM,1,7,18,0.15,0.2,0.175,0.013393160235723964,1.5062499999999999
HTPM,1,7,19,0.1,0.15,0.125,0.025955998042096987,3.7815000000000003
HTPM,1,7,20,0.088,0.1,0.094,0.004483179907726609,6.616
HTPM,1,7,21,0.08,0.088,0.08399999999999999,0.004025688498901067,2.1645
HTPM,1,7,22,0.06,0.08,0.07,0.009033717790399782,3.7199999999999998
HTPM,1,7,23,0.05,0.06,0.055,0.003473014792537003,6.531000000000001
HTPM,1,7,24,0.04,0.05,0.045,0.005732982021056223,11.2005
HTPM,1,7,25,0.03,0.04,0.035,0.008073904695598941,22.34
HTPM,1,7,26,0.02,0.03,0.025,0.005832470105168717,58.34
HTPM,1,7,27,0.0159,0.02,0.01795,0.0026436720247521085,120.58000000000001
HTPM,1,7,28,0.0155,0.0159,0.0157,0.0002681384199387949,138.0
HTPM,1,7,29,0.0152,0.0155,0.015349999999999999,0.00019640281075716597,145.05
HTPM,1,7,30,0.015,0.0152,0.015099999999999999,0.00012878515692959458,109.69999999999999
HTPM,1,7,31,0.013,0.015,0.013999999999999999,0.0013978713917619748,136.85
HTPM,1,7,32,0.01,0.013,0.0115,0.002221863553885426,98.805
HTPM,1,7,33,0.008,0.01,0.009000000000000001,0.001615858971104435,179.64999999999998
HTPM,1,7,34,0.006,0.008,0.007,0.0018011060849367163,347.95
HTPM,1,7,35,0.005,0.006,0.0055,0.0010377801727492508,598.8
HTPM,1,7,36,0.004,0.005,0.0045000000000000005,2.699732937903096e-05,990.7
HTPM,1,7,37,0.00385,0.004,0.003925,2.400626622398289e-08,1309.5
HTPM,1,7,38,0.0037,0.00385,0.003775,1.537220501177352e-06,1339.5
HTPM,1,7,39,0.00355,0.0037,0.003625,3.181922376565121e-08,1513.5
HTPM,1,7,40,0.0033,0.00355,0.003425,1.7468731494032246e-06,1540.5
HTPM,1,7,41,0.00307,0.0033,0.003185,4.4279937858243387e-07,1971.0
HTPM,1,7,42,0.003,0.00307,0.003035,3.492098019608747e-09,1911.0
HTPM,1,7,43,0.00259,0.003,0.0027949999999999997,1.86608335307248e-06,2211.5
HTPM,1,7,44,0.00253,0.00259,0.0025599999999999998,1.0720457364494726e-11,1835.0
HTPM,1,7,45,0.00248,0.00253,0.0025050000000000003,1.4939953819459094e-09,1561.5
HTPM,1,7,46,0.002,0.00248,0.00224,2.883261224856327e-07,1042.8
HTPM,1,7,47,0.0015,0.002,0.00175,1.0386322936194677e-08,1820.5
HTPM,1,7,48,0.001,0.0015,0.00125,4.3293685236348514e-11,3783.0
HTPM,1,8,1,15.0,20.0,17.5,0.0,0.05932
HTPM,1,8,2,10.0,15.0,12.5,3.096903136707518e-12,0.05315
HTPM,1,8,3,8.0,10.0,9.0,3.050218905803612e-11,0.048235
HTPM,1,8,4,6.0,8.0,7.0,2.1043842022850067e-10,0.045329999999999995
HTPM,1,8,5,5.0,6.0,5.5,3.6900674823100953e-10,0.043315
HTPM,1,8,6,4.0,5.0,4.5,9.006339132789412e-10,0.042345
HTPM,1,8,7,3.0,4.0,3.5,3.999603270911656e-05,0.042155
HTPM,1,8,8,2.0,3.0,2.5,0.013849861201584551,0.0442
HTPM,1,8,9,1.5,2.0,1.75,0.0036792418974626985,0.04914
HTPM,1,8,10,1.25,1.5,1.375,0.014633126702309164,0.05549
HTPM,1,8,11,1.0,1.25,1.125,0.015705464457472333,0.06489
HTPM,1,8,12,0.8,1.0,0.9,0.01775996355242017,0.07986
HTPM,1,8,13,0.6,0.8,0.7,0.7433644788580409,0.10675
HTPM,1,8,14,0.5,0.6,0.55,0.03722217526705996,0.1431
HTPM,1,8,15,0.4,0.5,0.45,0.0208505532363007,0.19685
HTPM,1,8,16,0.3,0.4,0.35,0.01863201474290056,0.3177
HTPM,1,8,17,0.2,0.3,0.25,0.018964640991841388,0.7008000000000001
HTPM,1,8,18,0.15,0.2,0.175,0.01405312789260175,1.5062499999999999
HTPM,1,8,19,0.1,0.15,0.125,0.026721799465282272,3.7815000000000003
HTPM,1,8,20,0.088,0.1,0.094,0.004702065405454758,6.616
HTPM,1,8,21,0.08,0.088,0.08399999999999999,0.004219053593175436,2.1645
HTPM,1,8,22,0.06,0.08,0.07,0.009475106382690415,3.7199999999999998
HTPM,1,8,23,0.05,0.06,0.055,0.0036445134919122794,6.531000000000001
HTPM,1,8,24,0.04,0.05,0.045,0.006003166488051815,11.2005
HTPM,1,8,25,0.03,0.04,0.035,0.008496406404455651,22.34
HTPM,1,8,26,0.02,0.03,0.025,0.006099766731306731,58.34
HTPM,1,8,27,0.0159,0.02,0.01795,0.0027661170605906673,120.58000000000001
HTPM,1,8,28,0.0155,0.0159,0.0157,0.00028108834146358015,138.0
HTPM,1,8,29,0.0152,0.0155,0.015349999999999999,0.00020586171438917846,145.05
HTPM,1,8,30,0.015,0.0152,0.015099999999999999,0.0001349890563043636,109.69999999999999
HTPM,1,8,31,0.013,0.015,0.013999999999999999,0.0014649223799516997,136.85
HTPM,1,8,32,0.01,0.013,0.0115,0.002328630982696509,98.805
HTPM,1,8,33,0.008,0.01,0.009000000000000001,0.0016933475182341555,179.64999999999998
HTPM,1,8,34,0.006,0.008,0.007,0.0018874310051393694,347.95
HTPM,1,8,35,0.005,0.006,0.0055,0.0010860110162856777,598.8
HTPM,1,8,36,0.004,0.005,0.0045000000000000005,2.9672521886534114e-05,990.7
HTPM,1,8,37,0.00385,0.004,0.003925,1.7319871740359237e-08,1309.5
HTPM,1,8,38,0.0037,0.00385,0.003775,1.6361299756137231e-06,1339.5
HTPM,1,8,39,0.00355,0.0037,0.003625,3.5425379837504686e-08,1513.5
HTPM,1,8,40,0.0033,0.00355,0.003425,1.791460341166362e-06,1540.5
HTPM,1,8,41,0.00307,0.0033,0.003185,4.6269447649178146e-07,1971.0
HTPM,1,8,42,0.003,0.00307,0.003035,3.797587879754754e-09,1911.0
HTPM,1,8,43,0.00259,0.003,0.0027949999999999997,1.2377937511497856e-06,2211.5
HTPM,1,8,44,0.00253,0.00259,0.0025599999999999998,1.1532069931741764e-11,1835.0
HTPM,1,8,45,0.00248,0.00253,0.0025050000000000003,1.2027514389588081e-09,1561.5
HTPM,1,8,46,0.002,0.00248,0.00224,2.0976642160759827e-07,1042.8
HTPM,1,8,47,0.0015,0.002,0.00175,8.447885532729345e-09,1820.5
HTPM,1,8,48,0.001,0.0015,0.00125,4.437297736899124e-11,3783.0
HTPM,1,9,1,15.0,20.0,17.5,0.0,0.05932
HTPM,1,9,2,10.0,15.0,12.5,3.0419581401626413e-12,0.05315
HTPM,1,9,3,8.0,10.0,9.0,2.996066426069734e-11,0.048235
HTPM,1,9,4,6.0,8.0,7.0,2.067322586045767e-10,0.045329999999999995
HTPM,1,9,5,5.0,6.0,5.5,3.6253680405867436e-10,0.043315
HTPM,1,9,6,4.0,5.0,4.5,8.849798766371583e-10,0.042345
HTPM,1,9,7,3.0,4.0,3.5,4.131734022261826e-05,0.042155
HTPM,1,9,8,2.0,3.0,2.5,0.01411762593496672,0.0442
HTPM,1,9,9,1.5,2.0,1.75,0.003801081562534045,0.04914
HTPM,1,9,10,1.25,1.5,1.375,0.015448268032793368,0.05549
HTPM,1,9,11,1.0,1.25,1.125,0.016401331096228634,0.06489
HTPM,1,9,12,0.8,1.0,0.9,0.01865012180272229,0.07986
HTPM,1,9,13,0.6,0.8,0.7,0.7359115964866875,0.10675
HTPM,1,9,14,0.5,0.6,0.55,0.03878570374612522,0.1431
HTPM,1,9,15,0.4,0.5,0.45,0.01954145591669539,0.19685
HTPM,1,9,16,0.3,0.4,0.35,0.019297538313023496,0.3177
HTPM,1,9,17,0.2,0.3,0.25,0.019616894350820716,0.7008000000000001
HTPM,1,9,18,0.15,0.2,0.175,0.01456285777021793,1.5062499999999999
HTPM,1,9,19,0.1,0.15,0.125,0.027302910196897342,3.7815000000000003
HTPM,1,9,20,0.088,0.1,0.094,0.004872754154761975,6.616
HTPM,1,9,21,0.08,0.088,0.08399999999999999,0.004364774951187905,2.1645
HTPM,1,9,22,0.06,0.08,0.07,0.009821948720799969,3.7199999999999998
HTPM,1,9,23,0.05,0.06,0.055,0.003780693842131969,6.531000000000001
HTPM,1,9,24,0.04,0.05,0.045,0.0062145311588974045,11.2005
HTPM,1,9,25,0.03,0.04,0.035,0.00884041732007651,22.34
HTPM,1,9,26,0.02,0.03,0.025,0.006314100220348718,58.34
HTPM,1,9,27,0.0159,0.02,0.01795,0.0028629219420558847,120.58000000000001
HTPM,1,9,28,0.0155,0.0159,0.0157,0.00029136135715939274,138.0
HTPM,1,9,29,0.0152,0.0155,0.015349999999999999,0.0002133800771799888,145.05
HTPM,1,9,30,0.015,0.0152,0.015099999999999999,0.00013991610866557417,109.69999999999999
HTPM,1,9,31,0.013,0.015,0.013999999999999999,0.0015181578660769157,136.85
HTPM,1,9,32,0.01,0.013,0.0115,0.0024135463123045454,98.805
HTPM,1,9,33,0.008,0.01,0.009000000000000001,0.0017549881255786747,179.64999999999998
HTPM,1,9,34,0.006,0.008,0.007,0.001956428087881536,347.95
HTPM,1,9,35,0.005,0.006,0.0055,0.0011241970855673951,598.8
HTPM,1,9,36,0.004,0.005,0.0045000000000000005,3.2127198059212036e-05,990.7
HTPM,1,9,37,0.00385,0.004,0.003925,1.3123120090733115e-08,1309.5
HTPM,1,9,38,0.0037,0.00385,0.003775,1.7211670445255253e-06,1339.5
HTPM,1,9,39,0.00355,0.0037,0.003625,3.8782149435286626e-08,1513.5
HTPM,1,9,40,0.0033,0.00355,0.003425,1.8147314967682863e-06,1540.5
HTPM,1,9,41,0.00307,0.0033,0.003185,4.872272992954573e-07,1971.0
HTPM,1,9,42,0.003,0.00307,0.003035,4.065195582476346e-09,1911.0
HTPM,1,9,43,0.00259,0.003,0.0027949999999999997,8.126932216032103e-07,2211.5
HTPM,1,9,44,0.00253,0.00259,0.0025599999999999998,1.2219695516952315e-11,1835.0
HTPM,1,9,45,0.00248,0.00253,0.0025050000000000003,9.520861357133432e-10,1561.5
HTPM,1,9,46,0.002,0.00248,0.00224,1.5185424086590723e-07,1042.8
HTPM,1,9,47,0.0015,0.002,0.00175,6.781286574249223e-09,1820.5
HTPM,1,9,48,0.001,0.0015,0.00125,4.4719033306023416e-11,3783.0
HTPM,1,10,1,15.0,20.0,17.5,0.0,0.05932
HTPM,1,10,2,10.0,15.0,12.5,2.9498362142107716e-12,0.05315
HTPM,1,10,3,8.0,10.0,9.0,2.9056134595372253e-11,0.048235
HTPM,1,10,4,6.0,8.0,7.0,2.0050849551158e-10,0.045329999999999995
HTPM,1,10,5,5.0,6.0,5.5,3.516747505890815e-10,0.043315
HTPM,1,10,6,4.0,5.0,4.5,8.585330652653053e-10,0.042345
HTPM,1,10,7,3.0,4.0,3.5,4.205681036156752e-05,0.042155
HTPM,1,10,8,2.0,3.0,2.5,0.014178522795911978,0.0442
HTPM,1,10,9,1.5,2.0,1.75,0.003875518563041743,0.04914
HTPM,1,10,10,1.25,1.5,1.375,0.016082882781951295,0.05549
HTPM,1,10,11,1.0,1.25,1.125,0.016914733985038774,0.06489
HTPM,1,10,12,0.8,1.0,0.9,0.019326293584805015,0.07986
HTPM,1,10,13,0.6,0.8,0.7,0.7306242008507878,0.10675
HTPM,1,10,14,0.5,0.6,0.55,0.039880428769750696,0.1431
HTPM,1,10,15,0.4,0.5,0.45,0.018706319162428653,0.19685
HTPM,1,10,16,0.3,0.4,0.35,0.01975276083898512,0.3177
HTPM,1,10,17,0.2,0.3,0.25,0.020066714216511735,0.7008000000000001
HTPM,1,10,18,0.15,0.2,0.175,0.014921239629183054,1.5062499999999999
HTPM,1,10,19,0.1,0.15,0.125,0.027653572930743706,3.7815000000000003
HTPM,1,10,20,0.088,0.1,0.094,0.0049946057947265615,6.616
HTPM,1,10,21,0.08,0.088,0.08399999999999999,0.004463264752734374,2.1645
HTPM,1,10,22,0.06,0.08,0.07,0.010072183789253177,3.7199999999999998
HTPM,1,10,23,0.05,0.06,0.055,0.0038805806437631663,6.531000000000001
HTPM,1,10,24,0.04,0.05,0.045,0.006365070736397336,11.2005
HTPM,1,10,25,0.03,0.04,0.035,0.009099742426748027,22.34
HTPM,1,10,26,0.02,0.03,0.025,0.00647267909152697,58.34
HTPM,1,10,27,0.0159,0.02,0.01795,0.00293340094276829,120.58000000000001
HTPM,1,10,28,0.0155,0.0159,0.0157,0.00029890995909965005,138.0
HTPM,1,10,29,0.0152,0.0155,0.015349999999999999,0.0002188947867996163,145.05
HTPM,1,10,30,0.015,0.0152,0.015099999999999999,0.00014353213636016313,109.69999999999999
HTPM,1,10,31,0.013,0.015,0.013999999999999999,0.001557162828500731,136.85
HTPM,1,10,32,0.01,0.013,0.0115,0.0024759523977266966,98.805
HTPM,1,10,33,0.008,0.01,0.009000000000000001,0.0018004996580995027,179.64999999999998
HTPM,1,10,34,0.006,0.008,0.007,0.002007130661964045,347.95
HTPM,1,10,35,0.005,0.006,0.0055,0.0011520043248378583,598.8
HTPM,1,10,36,0.004,0.005,0.0045000000000000005,3.4311826857790066e-05,990.7
HTPM,1,10,37,0.00385,0.004,0.003925,1.0430025928498521e-08,1309.5
HTPM,1,10,38,0.0037,0.00385,0.003775,1.790526837214307e-06,1339.5
HTPM,1,10,39,0.00355,0.0037,0.003625,4.183128683746824e-08,1513.5
HTPM,1,10,40,0.0033,0.00355,0.003425,1.8193426012550104e-06,1540.5
HTPM,1,10,41,0.00307,0.0033,0.003185,5.134938988314621e-07,1971.0
HTPM,1,10,42,0.003,0.00307,0.003035,4.29218969948431e-09,1911.0
HTPM,1,10,43,0.00259,0.003,0.0027949999999999997,5.31109021261389e-07,2211.5
HTPM,1,10,44,0.00253,0.00259,0.0025599999999999998,1.2780440811789892e-11,1835.0
HTPM,1,10,45,0.00248,0.00253,0.0025050000000000003,7.425812530059829e-10,1561.5
HTPM,1,10,46,0.002,0.00248,0.00224,1.0966391477004716e-07,1042.8
HTPM,1,10,47,0.0015,0.002,0.00175,5.39007224033188e-09,1820.5
HTPM,1,10,48,0.001,0.0015,0.00125,4.4402797750751614e-11,3783.0
HTPM,1,11,1,15.0,20.0,17.5,0.0,0.05932
HTPM,1,11,2,10.0,15.0,12.5,2.8314695325077243e-12,0.05315
HTPM,1,11,3,8.0,10.0,9.0,2.7890155633215046e-11,0.048235
HTPM,1,11,4,6.0,8.0,7.0,1.9249210215144727e-10,0.045329999999999995
HTPM,1,11,5,5.0,6.0,5.5,3.376497526228538e-10,0.043315
HTPM,1,11,6,4.0,5.0,4.5,8.243922393686952e-10,0.042345
HTPM,1,11,7,3.0,4.0,3.5,4.227523319334022e-05,0.042155
HTPM,1,11,8,2.0,3.0,2.5,0.014061973602865624,0.0442
HTPM,1,11,9,1.5,2.0,1.75,0.0039048865003259332,0.04914
HTPM,1,11,10,1.25,1.5,1.375,0.016547566188355147,0.05549
HTPM,1,11,11,1.0,1.25,1.125,0.0172571714370009,0.06489
HTPM,1,11,12,0.8,1.0,0.9,0.019797786235108767,0.07986
HTPM,1,11,13,0.6,0.8,0.7,0.7275211128231612,0.10675
HTPM,1,11,14,0.5,0.6,0.55,0.040536811557551324,0.1431
HTPM,1,11,15,0.4,0.5,0.45,0.018154327132438017,0.19685
HTPM,1,11,16,0.3,0.4,0.35,0.02001531694753845,0.3177
HTPM,1,11,17,0.2,0.3,0.25,0.020330524043880468,0.7008000000000001
HTPM,1,11,18,0.15,0.2,0.175,0.015139950729805222,1.5062499999999999
HTPM,1,11,19,0.1,0.15,0.125,0.027771369049272465,3.7815000000000003
HTPM,1,11,20,0.088,0.1,0.094,0.00507130179613829,6.616
HTPM,1,11,21,0.08,0.088,0.08399999999999999,0.0045183480234177115,2.1645
HTPM,1,11,22,0.06,0.08,0.07,0.010232819110972747,3.7199999999999998
HTPM,1,11,23,0.05,0.06,0.055,0.003946506294063118,6.531000000000001
HTPM,1,11,24,0.04,0.05,0.045,0.006458720198716177,11.2005
HTPM,1,11,25,0.03,0.04,0.035,0.009278922801492269,22.34
HTPM,1,11,26,0.02,0.03,0.025,0.006577751474123808,58.34
HTPM,1,11,27,0.0159,0.02,0.01795,0.002979317120743786,120.58000000000001
HTPM,1,11,28,0.0155,0.0159,0.0157,0.00030390292901833935,138.0
HTPM,1,11,29,0.0152,0.0155,0.015349999999999999,0.00022254041426172697,145.05
HTPM,1,11,30,0.015,0.0152,0.015099999999999999,0.00014591935275742933,109.69999999999999
HTPM,1,11,31,0.013,0.015,0.013999999999999999,0.0015829135363458601,136.85
HTPM,1,11,32,0.01,0.013,0.0115,0.0025173613232905697,98.805
HTPM,1,11,33,0.008,0.01,0.009000000000000001,0.0018306881138557538,179.64999999999998
HTPM,1,11,34,0.006,0.008,0.007,0.0020410827333774235,347.95
HTPM,1,11,35,0.005,0.006,0.0055,0.0011699310672715557,598.8
HTPM,1,11,36,0.004,0.005,0.0045000000000000005,3.621756230584142e-05,990.7
HTPM,1,11,37,0.00385,0.004,0.003925,8.66372007617987e-09,1309.5
HTPM,1,11,38,0.0037,0.00385,0.003775,1.8445654566258993e-06,1339.5
HTPM,1,11,39,0.00355,0.0037,0.003625,4.455514591894601e-08,1513.5
HTPM,1,11,40,0.0033,0.00355,0.003425,1.809237014125336e-06,1540.5
HTPM,1,11,41,0.00307,0.0033,0.003185,5.395741101456652e-07,1971.0
HTPM,1,11,42,0.003,0.00307,0.003035,4.479731038850266e-09,1911.0
HTPM,1,11,43,0.00259,0.003,0.0027949999999999997,3.4809288404803717e-07,2211.5
HTPM,1,11,44,0.00253,0.00259,0.0025599999999999998,1.3221809886340507e-11,1835.0
HTPM,1,11,45,0.00248,0.00253,0.0025050000000000003,5.718843279141909e-10,1561.5
HTPM,1,11,46,0.002,0.00248,0.00224,7.922664744754599e-08,1042.8
HTPM,1,11,47,0.0015,0.002,0.00175,4.258743725806571e-09,1820.5
HTPM,1,11,48,0.001,0.0015,0.00125,4.353561668513546e-11,3783.0
HTPM,1,12,1,15.0,20.0,17.5,0.0,0.05932
HTPM,1,12,2,10.0,15.0,12.5,2.6961202223485636e-12,0.05315
HTPM,1,12,3,8.0,10.0,9.0,2.6560056693144027e-11,0.048235
HTPM,1,12,4,6.0,8.0,7.0,1.8332585324640698e-10,0.045329999999999995
HTPM,1,12,5,5.0,6.0,5.5,3.216166695411594e-10,0.043315
HTPM,1,12,6,4.0,5.0,4.5,7.853584967182605e-10,0.042345
HTPM,1,12,7,3.0,4.0,3.5,4.2055417095728286e-05,0.042155
HTPM,1,12,8,2.0,3.0,2.5,0.013801986712074978,0.0442
HTPM,1,12,9,1.5,2.0,1.75,0.0038963722808737305,0.04914
HTPM,1,12,10,1.25,1.5,1.375,0.016863683054801376,0.05549
HTPM,1,12,11,1.0,1.25,1.125,0.01745009448139285,0.06489
HTPM,1,12,12,0.8,1.0,0.9,0.020091901710225426,0.07986
HTPM,1,12,13,0.6,0.8,0.7,0.7263901037580448,0.10675
HTPM,1,12,14,0.5,0.6,0.55,0.04081268700977235,0.1431
HTPM,1,12,15,0.4,0.5,0.45,0.017760190532808234,0.19685
HTPM,1,12,16,0.3,0.4,0.35,0.020114281408233955,0.3177
HTPM,1,12,17,0.2,0.3,0.25,0.0204349632444778,0.7008000000000001
HTPM,1,12,18,0.15,0.2,0.175,0.015239248921443642,1.5062499999999999
HTPM,1,12,19,0.1,0.15,0.125,0.027682560414012198,3.7815000000000003
HTPM,1,12,20,0.088,0.1,0.094,0.005109059850839487,6.616
HTPM,1,12,21,0.08,0.088,0.08399999999999999,0.004536772969500566,2.1645
HTPM,1,12,22,0.06,0.08,0.07,0.010315774006574064,3.7199999999999998
HTPM,1,12,23,0.05,0.06,0.055,0.003982952857839127,6.531000000000001
HTPM,1,12,24,0.04,0.05,0.045,0.006503096869903624,11.2005
HTPM,1,12,25,0.03,0.04,0.035,0.009387157292037668,22.34
HTPM,1,12,26,0.02,0.03,0.025,0.006635322412697217,58.34
HTPM,1,12,27,0.0159,0.02,0.01795,0.003003939831526266,120.58000000000001
HTPM,1,12,28,0.0155,0.0159,0.0157,0.0003066787137553264,138.0
HTPM,1,12,29,0.0152,0.0155,0.015349999999999999,0.00022455736199453917,145.05
HTPM,1,12,30,0.015,0.0152,0.015099999999999999,0.0001472419213576679,109.69999999999999
HTPM,1,12,31,0.013,0.015,0.013999999999999999,0.001597155064354356,136.85
HTPM,1,12,32,0.01,0.013,0.0115,0.0025404827942169046,98.805
HTPM,1,12,33,0.008,0.01,0.009000000000000001,0.001847655199830774,179.64999999999998
HTPM,1,12,34,0.006,0.008,0.007,0.002060198992143875,347.95
HTPM,1,12,35,0.005,0.006,0.0055,0.0011793772427254904,598.8
HTPM,1,12,36,0.004,0.005,0.0045000000000000005,3.785758160292255e-05,990.7
HTPM,1,12,37,0.00385,0.004,0.003925,7.471490917181859e-09,1309.5
HTPM,1,12,38,0.0037,0.00385,0.003775,1.8845811150747773e-06,1339.5
HTPM,1,12,39,0.00355,0.0037,0.003625,4.6964024994232137e-08,1513.5
HTPM,1,12,40,0.0033,0.00355,0.003425,1.7885108658484784e-06,1540.5
HTPM,1,12,41,0.00307,0.0033,0.003185,5.643769483270666e-07,1971.0
HTPM,1,12,42,0.003,0.00307,0.003035,4.631751211449825e-09,1911.0
HTPM,1,12,43,0.00259,0.003,0.0027949999999999997,2.309610052693619e-07,2211.5
HTPM,1,12,44,0.00253,0.00259,0.0025599999999999998,1.3559113033435638e-11,1835.0
HTPM,1,12,45,0.00248,0.00253,0.0025050000000000003,4.358548232954323e-10,1561.5
HTPM,1,12,46,0.002,0.00248,0.00224,5.742414688002107e-08,1042.8
HTPM,1,12,47,0.0015,0.002,0.00175,3.3592771227711816e-09,1820.5
HTPM,1,12,48,0.001,0.0015,0.00125,4.2246371751692066e-11,3783.0
HTPM,1,13,1,15.0,20.0,17.5,0.0,0.05932
HTPM,1,13,2,10.0,15.0,12.5,2.552497340974355e-12,0.05315
HTPM,1,13,3,8.0,10.0,9.0,2.5146584889674076e-11,0.048235
HTPM,1,13,4,6.0,8.0,7.0,1.7360489831647976e-10,0.045329999999999995
HTPM,1,13,5,5.0,6.0,5.5,3.04594786126334e-10,0.043315
HTPM,1,13,6,4.0,5.0,4.5,7.438995650264469e-10,0.042345
HTPM,1,13,7,3.0,4.0,3.5,4.1486590932998534e-05,0.042155
HTPM,1,13,8,2.0,3.0,2.5,0.01343248582671279,0.0442
HTPM,1,13,9,1.5,2.0,1.75,0.0038573857908573914,0.04914
HTPM,1,13,10,1.25,1.5,1.375,0.017054528676603144,0.05549
HTPM,1,13,11,1.0,1.25,1.125,0.01751926582491538,0.06489
HTPM,1,13,12,0.8,1.0,0.9,0.020237591781492308,0.07986
HTPM,1,13,13,0.6,0.8,0.7,0.7269254362444647,0.10675
HTPM,1,13,14,0.5,0.6,0.55,0.040774092095694284,0.1431
HTPM,1,13,15,0.4,0.5,0.45,0.017445857225478888,0.19685
HTPM,1,13,16,0.3,0.4,0.35,0.02007961304118453,0.3177
HTPM,1,13,17,0.2,0.3,0.25,0.020410902309485234,0.7008000000000001
HTPM,1,13,18,0.15,0.2,0.175,0.015241084829203713,1.5062499999999999
HTPM,1,13,19,0.1,0.15,0.125,0.0274227420894113,3.7815000000000003
HTPM,1,13,20,0.088,0.1,0.094,0.005114949305056924,6.616
HTPM,1,13,21,0.08,0.088,0.08399999999999999,0.004525472732138313,2.1645
HTPM,1,13,22,0.06,0.08,0.07,0.010335415652592089,3.7199999999999998
HTPM,1,13,23,0.05,0.06,0.055,0.003995243093007177,6.531000000000001
HTPM,1,13,24,0.04,0.05,0.045,0.006507203187341998,11.2005
HTPM,1,13,25,0.03,0.04,0.035,0.009435795412948134,22.34
HTPM,1,13,26,0.02,0.03,0.025,0.006654609126862096,58.34
HTPM,1,13,27,0.0159,0.02,0.01795,0.0030111454391438613,120.58000000000001
HTPM,1,13,28,0.0155,0.0159,0.0157,0.0003076300385325082,138.0
HTPM,1,13,29,0.0152,0.0155,0.015349999999999999,0.00022524013919720498,145.05
HTPM,1,13,30,0.015,0.0152,0.015099999999999999,0.00014768855956157003,109.69999999999999
HTPM,1,13,31,0.013,0.015,0.013999999999999999,0.0016019387699252616,136.85
HTPM,1,13,32,0.01,0.013,0.0115,0.0025485638175258532,98.805
HTPM,1,13,33,0.008,0.01,0.009000000000000001,0.001853716160747765,179.64999999999998
HTPM,1,13,34,0.006,0.008,0.007,0.002067289189744906,347.95
HTPM,1,13,35,0.005,0.006,0.0055,0.0011818428811801185,598.8
HTPM,1,13,36,0.004,0.005,0.0045000000000000005,3.9259802089607485e-05,990.7
HTPM,1,13,37,0.00385,0.004,0.003925,6.638274640262337e-09,1309.5
HTPM,1,13,38,0.0037,0.00385,0.003775,1.912550362810756e-06,1339.5
HTPM,1,13,39,0.00355,0.0037,0.003625,4.908625145277322e-08,1513.5
HTPM,1,13,40,0.0033,0.00355,0.003425,1.760937380749854e-06,1540.5
HTPM,1,13,41,0.00307,0.0033,0.003185,5.873716533891715e-07,1971.0
HTPM,1,13,42,0.003,0.00307,0.003035,4.753408825147505e-09,1911.0
HTPM,1,13,43,0.00259,0.003,0.0027949999999999997,1.5686015760912765e-07,2211.5
HTPM,1,13,44,0.00253,0.00259,0.0025599999999999998,1.3809500618605676e-11,1835.0
HTPM,1,13,45,0.00248,0.00253,0.0025050000000000003,3.2938938996704756e-10,1561.5
HTPM,1,13,46,0.002,0.00248,0.00224,4.187782871769117e-08,1042.8
HTPM,1,13,47,0.0015,0.002,0.00175,2.6570049385514052e-09,1820.5
HTPM,1,13,48,0.001,0.0015,0.00125,4.0647635510867174e-11,3783.0
HTPM,1,14,1,15.0,20.0,17.5,0.0,0.05932
HTPM,1,14,2,10.0,15.0,12.5,2.407133667114372e-12,0.05315
HTPM,1,14,3,8.0,10.0,9.0,2.3717687395678808e-11,0.048235
HTPM,1,14,4,6.0,8.0,7.0,1.6375158969583517e-10,0.045329999999999995
HTPM,1,14,5,5.0,6.0,5.5,2.873464060788474e-10,0.043315
HTPM,1,14,6,4.0,5.0,4.5,7.019224704454494e-10,0.042345
HTPM,1,14,7,3.0,4.0,3.5,4.065030259709927e-05,0.042155
HTPM,1,14,8,2.0,3.0,2.5,0.012986037065747738,0.0442
HTPM,1,14,9,1.5,2.0,1.75,0.003795359947640718,0.04914
HTPM,1,14,10,1.25,1.5,1.375,0.017145492701168972,0.05549
HTPM,1,14,11,1.0,1.25,1.125,0.01748930069186095,0.06489
HTPM,1,14,12,0.8,1.0,0.9,0.02026425635846598,0.07986
HTPM,1,14,13,0.6,0.8,0.7,0.728787585434657,0.10675
HTPM,1,14,14,0.5,0.6,0.55,0.04048494353385955,0.1431
HTPM,1,14,15,0.4,0.5,0.45,0.017166258130528043,0.19685
HTPM,1,14,16,0.3,0.4,0.35,0.019943475063213586,0.3177
HTPM,1,14,17,0.2,0.3,0.25,0.020286423135818608,0.7008000000000001
HTPM,1,14,18,0.15,0.2,0.175,0.01516717152008302,1.5062499999999999
HTPM,1,14,19,0.1,0.15,0.125,0.027031047331172016,3.7815000000000003
HTPM,1,14,20,0.088,0.1,0.094,0.0050961472091799985,6.616
HTPM,1,14,21,0.08,0.088,0.08399999999999999,0.004491508864352713,2.1645
HTPM,1,14,22,0.06,0.08,0.07,0.01030543670745434,3.7199999999999998
HTPM,1,14,23,0.05,0.06,0.055,0.003988656794061075,6.531000000000001
HTPM,1,14,24,0.04,0.05,0.045,0.006479884080316076,11.2005
HTPM,1,14,25,0.03,0.04,0.035,0.009438460922422313,22.34
HTPM,1,14,26,0.02,0.03,0.025,0.006643663442181238,58.34
HTPM,1,14,27,0.0159,0.02,0.01795,0.0030047373724092735,120.58000000000001
HTPM,1,14,28,0.0155,0.0159,0.0157,0.00030715224329003925,138.0
HTPM,1,14,29,0.0152,0.0155,0.015349999999999999,0.00022487668207814152,145.05
HTPM,1,14,30,0.015,0.0152,0.015099999999999999,0.0001474491989056989,109.69999999999999
HTPM,1,14,31,0.013,0.015,0.013999999999999999,0.0015993661087628465,136.85
HTPM,1,14,32,0.01,0.013,0.0115,0.0025448428604884893,98.805
HTPM,1,14,33,0.008,0.01,0.009000000000000001,0.0018512316575975544,179.64999999999998
HTPM,1,14,34,0.006,0.008,0.007,0.0020647970918156295,347.95
HTPM,1,14,35,0.005,0.006,0.0055,0.0011788559726198917,598.8
HTPM,1,14,36,0.004,0.005,0.0045000000000000005,4.0456279597627704e-05,990.7
HTPM,1,14,37,0.00385,0.004,0.003925,6.0340191001351505e-09,1309.5
HTPM,1,14,38,0.0037,0.00385,0.003775,1.930689999761314e-06,1339.5
HTPM,1,14,39,0.00355,0.0037,0.003625,5.0958650286522044e-08,1513.5
HTPM,1,14,40,0.0033,0.00355,0.003425,1.7296073912840272e-06,1540.5
HTPM,1,14,41,0.00307,0.0033,0.003185,6.084118055276445e-07,1971.0
HTPM,1,14,42,0.003,0.00307,0.003035,4.849993172581212e-09,1911.0
HTPM,1,14,43,0.00259,0.003,0.0027949999999999997,1.1032466238133441e-07,2211.5
HTPM,1,14,44,0.00253,0.00259,0.0025599999999999998,1.399040610387897e-11,1835.0
HTPM,1,14,45,0.00248,0.00253,0.0025050000000000003,2.4725178891930234e-10,1561.5
HTPM,1,14,46,0.002,0.00248,0.00224,3.0822888621396176e-08,1042.8
HTPM,1,14,47,0.0015,0.002,0.00175,2.117010044102839e-09,1820.5
HTPM,1,14,48,0.001,0.0015,0.00125,3.884600335775866e-11,3783.0
HTPM,1,15,1,15.0,20.0,17.5,0.0,0.05932
HTPM,1,15,2,10.0,15.0,12.5,2.2648678533687122e-12,0.05315
HTPM,1,15,3,8.0,10.0,9.0,2.2316828703342593e-11,0.048235
HTPM,1,15,4,6.0,8.0,7.0,1.541102504739363e-10,0.045329999999999995
HTPM,1,15,5,5.0,6.0,5.5,2.704824866486702e-10,0.043315
HTPM,1,15,6,4.0,5.0,4.5,6.608081160025122e-10,0.042345
HTPM,1,15,7,3.0,4.0,3.5,3.961929512530881e-05,0.042155
HTPM,1,15,8,2.0,3.0,2.5,0.012486813934297387,0.0442
HTPM,1,15,9,1.5,2.0,1.75,0.0037166812481285653,0.04914
HTPM,1,15,10,1.25,1.5,1.375,0.017158330092267717,0.05549
HTPM,1,15,11,1.0,1.25,1.125,0.017383717906365045,0.06489
HTPM,1,15,12,0.8,1.0,0.9,0.020198907124099233,0.07986
HTPM,1,15,13,0.6,0.8,0.7,0.731654251156061,0.10675
HTPM,1,15,14,0.5,0.6,0.55,0.04000558022567417,0.1431
HTPM,1,15,15,0.4,0.5,0.45,0.01689954539768735,0.19685
HTPM,1,15,16,0.3,0.4,0.35,0.019732258929259235,0.3177
HTPM,1,15,17,0.2,0.3,0.25,0.02008945748544035,0.7008000000000001
HTPM,1,15,18,0.15,0.2,0.175,0.015037809149912871,1.5062499999999999
HTPM,1,15,19,0.1,0.15,0.125,0.026543445767950053,3.7815000000000003
HTPM,1,15,20,0.088,0.1,0.094,0.005058768616253121,6.616
HTPM,1,15,21,0.08,0.088,0.08399999999999999,0.004440780894596049,2.1645
HTPM,1,15,22,0.06,0.08,0.07,0.010238516198181143,3.7199999999999998
HTPM,1,15,23,0.05,0.06,0.055,0.0039678389506932,6.531000000000001
HTPM,1,15,24,0.04,0.05,0.045,0.006429337107280255,11.2005
HTPM,1,15,25,0.03,0.04,0.035,0.009406404130532115,22.34
HTPM,1,15,26,0.02,0.03,0.025,0.006608962969283197,58.34
HTPM,1,15,27,0.0159,0.02,0.01795,0.0029881800573300695,120.58000000000001
HTPM,1,15,28,0.0155,0.0159,0.0157,0.0003055976843423868,138.0
HTPM,1,15,29,0.0152,0.0155,0.015349999999999999,0.00022372813062164536,145.05
HTPM,1,15,30,0.015,0.0152,0.015099999999999999,0.00014669507693879346,109.69999999999999
HTPM,1,15,31,0.013,0.015,0.013999999999999999,0.0015912577095254714,136.85
HTPM,1,15,32,0.01,0.013,0.0115,0.0025322653237473437,98.805
HTPM,1,15,33,0.008,0.01,0.009000000000000001,0.001842331179563962,179.64999999999998
HTPM,1,15,34,0.006,0.008,0.007,0.0020552209925946167,347.95
HTPM,1,15,35,0.005,0.006,0.0055,0.0011717770970598978,598.8
HTPM,1,15,36,0.004,0.005,0.0045000000000000005,4.1484255899474765e-05,990.7
HTPM,1,15,37,0.00385,0.004,0.003925,5.580638470713492e-09,1309.5
HTPM,1,15,38,0.0037,0.00385,0.003775,1.9408569124884944e-06,1339.5
HTPM,1,15,39,0.00355,0.0037,0.003625,5.2620124889070223e-08,1513.5
HTPM,1,15,40,0.0033,0.00355,0.003425,1.6971702401529022e-06,1540.5
HTPM,1,15,41,0.00307,0.0033,0.003185,6.275669998861831e-07,1971.0
HTPM,1,15,42,0.003,0.00307,0.003035,4.9267722993851776e-09,1911.0
HTPM,1,15,43,0.00259,0.003,0.0027949999999999997,8.117181885495716e-08,2211.5
HTPM,1,15,44,0.00253,0.00259,0.0025599999999999998,1.4118045242011259e-11,1835.0
HTPM,1,15,45,0.00248,0.00253,0.0025050000000000003,1.8460738676045376e-10,1561.5
HTPM,1,15,46,0.002,0.00248,0.00224,2.2967177508637766e-08,1042.8
HTPM,1,15,47,0.0015,0.002,0.00175,1.7069721423163466e-09,1820.5
HTPM,1,15,48,0.001,0.0015,0.00125,3.692411751533209e-11,3783.0
HTPM,1,16,1,15.0,20.0,17.5,0.0,0.05932
HTPM,1,16,2,10.0,15.0,12.5,2.1289690311302285e-12,0.05315
HTPM,1,16,3,8.0,10.0,9.0,2.0979487872257587e-11,0.048235
HTPM,1,16,4,6.0,8.0,7.0,1.4490014935315454e-10,0.045329999999999995
HTPM,1,16,5,5.0,6.0,5.5,2.543605839985133e-10,0.043315
HTPM,1,16,6,4.0,5.0,4.5,6.215368258809396e-10,0.042345
HTPM,1,16,7,3.0,4.0,3.5,3.8454270405260244e-05,0.042155
HTPM,1,16,8,2.0,3.0,2.5,0.011957214051522275,0.0442
HTPM,1,16,9,1.5,2.0,1.75,0.003626674067797688,0.04914
HTPM,1,16,10,1.25,1.5,1.375,0.01711251861957442,0.05549
HTPM,1,16,11,1.0,1.25,1.125,0.017221617535008844,0.06489
HTPM,1,16,12,0.8,1.0,0.9,0.020064559927642632,0.07986
HTPM,1,16,13,0.6,0.8,0.7,0.7352488347672429,0.10675
HTPM,1,16,14,0.5,0.6,0.55,0.03938433612058022,0.1431
HTPM,1,16,15,0.4,0.5,0.45,0.016632727112479307,0.19685
HTPM,1,16,16,0.3,0.4,0.35,0.01946882501218699,0.3177
HTPM,1,16,17,0.2,0.3,0.25,0.019840228456228726,0.7008000000000001
HTPM,1,16,18,0.15,0.2,0.175,0.014868662303621218,1.5062499999999999
HTPM,1,16,19,0.1,0.15,0.125,0.025991471060244773,3.7815000000000003
HTPM,1,16,20,0.088,0.1,0.094,0.005008581928594431,6.616
HTPM,1,16,21,0.08,0.088,0.08399999999999999,0.004378623194503723,2.1645
HTPM,1,16,22,0.06,0.08,0.07,0.010145474742975124,3.7199999999999998
HTPM,1,16,23,0.05,0.06,0.055,0.003936944207069156,6.531000000000001
HTPM,1,16,24,0.04,0.05,0.045,0.006362331911074399,11.2005
HTPM,1,16,25,0.03,0.04,0.035,0.009348182712389871,22.34
HTPM,1,16,26,0.02,0.03,0.025,0.006558120966883494,58.34
HTPM,1,16,27,0.0159,0.02,0.01795,0.0029643567917197865,120.58000000000001
HTPM,1,16,28,0.0155,0.0159,0.0157,0.0003032775453292864,138.0
HTPM,1,16,29,0.0152,0.0155,0.015349999999999999,0.00022201436345259203,145.05
HTPM,1,16,30,0.015,0.0152,0.015099999999999999,0.0001455717356026795,109.69999999999999
HTPM,1,16,31,0.013,0.015,0.013999999999999999,0.0015792296497398354,136.85
HTPM,1,16,32,0.01,0.013,0.0115,0.0025133546706567326,98.805
HTPM,1,16,33,0.008,0.01,0.009000000000000001,0.0018288078897195545,179.64999999999998
HTPM,1,16,34,0.006,0.008,0.007,0.002040430674564829,347.95
HTPM,1,16,35,0.005,0.006,0.0055,0.0011617954675149334,598.8
HTPM,1,16,36,0.004,0.005,0.0045000000000000005,4.237573834049055e-05,990.7
HTPM,1,16,37,0.00385,0.004,0.003925,5.230924367345935e-09,1309.5
HTPM,1,16,38,0.0037,0.00385,0.003775,1.9448751894950686e-06,1339.5
HTPM,1,16,39,0.00355,0.0037,0.003625,5.410872924096174e-08,1513.5
HTPM,1,16,40,0.0033,0.00355,0.003425,1.665406622395615e-06,1540.5
HTPM,1,16,41,0.00307,0.0033,0.003185,6.450385398615695e-07,1971.0
HTPM,1,16,42,0.003,0.00307,0.003035,4.9881586657852885e-09,1911.0
HTPM,1,16,43,0.00259,0.003,0.0027949999999999997,6.284369819334936e-08,2211.5
HTPM,1,16,44,0.00253,0.00259,0.0025599999999999998,1.4206778850596436e-11,1835.0
HTPM,1,16,45,0.00248,0.00253,0.0025050000000000003,1.3725860811727932e-10,1561.5
HTPM,1,16,46,0.002,0.00248,0.00224,1.738437835818757e-08,1042.8
HTPM,1,16,47,0.0015,0.002,0.00175,1.3987679252707055e-09,1820.5
HTPM,1,16,48,0.001,0.0015,0.00125,3.495362707961131e-11,3783.0
HTPM,1,17,1,15.0,20.0,17.5,0.0,0.05932
HTPM,1,17,2,10.0,15.0,12.5,2.0013745973388366e-12,0.05315
HTPM,1,17,3,8.0,10.0,9.0,1.9723988664742896e-11,0.048235
HTPM,1,17,4,6.0,8.0,7.0,1.3625410182037424e-10,0.045329999999999995
HTPM,1,17,5,5.0,6.0,5.5,2.392139490625676e-10,0.043315
HTPM,1,17,6,4.0,5.0,4.5,5.846750212784529e-10,0.042345
HTPM,1,17,7,3.0,4.0,3.5,3.720058460230881e-05,0.042155
HTPM,1,17,8,2.0,3.0,2.5,0.01141203141711339,0.0442
HTPM,1,17,9,1.5,2.0,1.75,0.003529288723366459,0.04914
HTPM,1,17,10,1.25,1.5,1.375,0.017022842739486566,0.05549
HTPM,1,17,11,1.0,1.25,1.125,0.017019024845764293,0.06489
HTPM,1,17,12,0.8,1.0,0.9,0.01987917563211576,0.07986
HTPM,1,17,13,0.6,0.8,0.7,0.7393469200800569,0.10675
HTPM,1,17,14,0.5,0.6,0.55,0.03866304614668683,0.1431
HTPM,1,17,15,0.4,0.5,0.45,0.016362104168660567,0.19685
HTPM,1,17,16,0.3,0.4,0.35,0.01916929729827167,0.3177
HTPM,1,17,17,0.2,0.3,0.25,0.019557334132953325,0.7008000000000001
HTPM,1,17,18,0.15,0.2,0.175,0.014673137402177685,1.5062499999999999
HTPM,1,17,19,0.1,0.15,0.125,0.025399058609274355,3.7815000000000003
HTPM,1,17,20,0.088,0.1,0.094,0.004949439675351775,6.616
HTPM,1,17,21,0.08,0.088,0.08399999999999999,0.0043086166265061294,2.1645
HTPM,1,17,22,0.06,0.08,0.07,0.010034313230119883,3.7199999999999998
HTPM,1,17,23,0.05,0.06,0.055,0.003898985784931316,6.531000000000001
HTPM,1,17,24,0.04,0.05,0.045,0.006283947635359124,11.2005
HTPM,1,17,25,0.03,0.04,0.035,0.009272497658403017,22.34
HTPM,1,17,26,0.02,0.03,0.025,0.006495556130322193,58.34
HTPM,1,17,27,0.0159,0.02,0.01795,0.002935527392694001,120.58000000000001
HTPM,1,17,28,0.0155,0.0159,0.0157,0.0003004195890350255,138.0
HTPM,1,17,29,0.0152,0.0155,0.015349999999999999,0.00021991455182949083,145.05
HTPM,1,17,30,0.015,0.0152,0.015099999999999999,0.0001441925718792164,109.69999999999999
HTPM,1,17,31,0.013,0.015,0.013999999999999999,0.0015644867712369917,136.85
HTPM,1,17,32,0.01,0.013,0.0115,0.0024900483338895552,98.805
HTPM,1,17,33,0.008,0.01,0.009000000000000001,0.0018120889798886352,179.64999999999998
HTPM,1,17,34,0.006,0.008,0.007,0.002022178647312735,347.95
HTPM,1,17,35,0.005,0.006,0.0055,0.001149796873398922,598.8
HTPM,1,17,36,0.004,0.005,0.0045000000000000005,4.3154971651561565e-05,990.7
HTPM,1,17,37,0.00385,0.004,0.003925,4.955589260894609e-09,1309.5
HTPM,1,17,38,0.0037,0.00385,0.003775,1.9439645823558106e-06,1339.5
HTPM,1,17,39,0.00355,0.0037,0.003625,5.545306678536439e-08,1513.5
HTPM,1,17,40,0.0033,0.00355,0.003425,1.6354392023341583e-06,1540.5
HTPM,1,17,41,0.00307,0.0033,0.003185,6.610348254955947e-07,1971.0
HTPM,1,17,42,0.003,0.00307,0.003035,5.037908464014218e-09,1911.0
HTPM,1,17,43,0.00259,0.003,0.0027949999999999997,5.119835604156674e-08,2211.5
HTPM,1,17,44,0.00253,0.00259,0.0025599999999999998,1.4266205464383268e-11,1835.0
HTPM,1,17,45,0.00248,0.00253,0.0025050000000000003,1.0171039640101827e-10,1561.5
HTPM,1,17,46,0.002,0.00248,0.00224,1.3412152356986332e-08,1042.8
HTPM,1,17,47,0.0015,0.002,0.00175,1.1691570653833072e-09,1820.5
HTPM,1,17,48,0.001,0.0015,0.00125,3.297514807924854e-11,3783.0
HTPM,1,18,1,15.0,20.0,17.5,0.0,0.05932
HTPM,1,18,2,10.0,15.0,12.5,1.8832110070603377e-12,0.05315
HTPM,1,18,3,8.0,10.0,9.0,1.8561242311309826e-11,0.048235
HTPM,1,18,4,6.0,8.0,7.0,1.282468967473961e-10,0.045329999999999995
HTPM,1,18,5,5.0,6.0,5.5,2.2520727528642253e-10,0.043315
HTPM,1,18,6,4.0,5.0,4.5,5.505325446725637e-10,0.042345
HTPM,1,18,7,3.0,4.0,3.5,3.589501836504732e-05,0.042155
HTPM,1,18,8,2.0,3.0,2.5,0.01086353213248053,0.0442
HTPM,1,18,9,1.5,2.0,1.75,0.003427851512915426,0.04914
HTPM,1,18,10,1.25,1.5,1.375,0.01690186848105746,0.05549
HTPM,1,18,11,1.0,1.25,1.125,0.01678853365096202,0.06489
HTPM,1,18,12,0.8,1.0,0.9,0.019658116177122955,0.07986
HTPM,1,18,13,0.6,0.8,0.7,0.7437604436599609,0.10675
HTPM,1,18,14,0.5,0.6,0.55,0.03787292944310504,0.1431
HTPM,1,18,15,0.4,0.5,0.45,0.01608893155225199,0.19685
HTPM,1,18,16,0.3,0.4,0.35,0.01885042537668833,0.3177
HTPM,1,18,17,0.2,0.3,0.25,0.019253788047908053,0.7008000000000001
HTPM,1,18,18,0.15,0.2,0.175,0.014461566913913211,1.5062499999999999
HTPM,1,18,19,0.1,0.15,0.125,0.024786004339381672,3.7815000000000003
HTPM,1,18,20,0.088,0.1,0.094,0.00488464953912122,6.616
HTPM,1,18,21,0.08,0.088,0.08399999999999999,0.004234294316912168,2.1645
HTPM,1,18,22,0.06,0.08,0.07,0.009911902903294568,3.7199999999999998
HTPM,1,18,23,0.05,0.06,0.055,0.003856791722051459,6.531000000000001
HTPM,1,18,24,0.04,0.05,0.045,0.00619879404758396,11.2005
HTPM,1,18,25,0.03,0.04,0.035,0.00918549514730672,22.34
HTPM,1,18,26,0.02,0.03,0.025,0.006425761863920409,58.34
HTPM,1,18,27,0.0159,0.02,0.01795,0.0029035856727927865,120.58000000000001
HTPM,1,18,28,0.0155,0.0159,0.0157,0.00029722893674788913,138.0
HTPM,1,18,29,0.0152,0.0155,0.015349999999999999,0.00021756309123467866,145.05
HTPM,1,18,30,0.015,0.0152,0.015099999999999999,0.0001426497978901907,109.69999999999999
HTPM,1,18,31,0.013,0.015,0.013999999999999999,0.0015479869536413073,136.85
HTPM,1,18,32,0.01,0.013,0.0115,0.002463899916170448,98.805
HTPM,1,18,33,0.008,0.01,0.009000000000000001,0.0017933325468741592,179.64999999999998
HTPM,1,18,34,0.006,0.008,0.007,0.0020014228198225845,347.95
HTPM,1,18,35,0.005,0.006,0.0055,0.0011365627081618662,598.8
HTPM,1,18,36,0.004,0.005,0.0045000000000000005,4.384556495531909e-05,990.7
HTPM,1,18,37,0.00385,0.004,0.003925,4.736332474403525e-09,1309.5
HTPM,1,18,38,0.0037,0.00385,0.003775,1.9394652628777695e-06,1339.5
HTPM,1,18,39,0.00355,0.0037,0.003625,5.668313923492079e-08,1513.5
HTPM,1,18,40,0.0033,0.00355,0.003425,1.608122918515813e-06,1540.5
HTPM,1,18,41,0.00307,0.0033,0.003185,6.757819357094381e-07,1971.0
HTPM,1,18,42,0.003,0.00307,0.003035,5.079010147503546e-09,1911.0
HTPM,1,18,43,0.00259,0.003,0.0027949999999999997,4.364830484941066e-08,2211.5
HTPM,1,18,44,0.00253,0.00259,0.0025599999999999998,1.430531605614104e-11,1835.0
HTPM,1,18,45,0.00248,0.00253,0.0025050000000000003,7.517180892060797e-11,1561.5
HTPM,1,18,46,0.002,0.00248,0.00224,1.0584145626170718e-08,1042.8
HTPM,1,18,47,0.0015,0.002,0.00175,9.9941939994716e-10,1820.5
HTPM,1,18,48,0.001,0.0015,0.00125,3.102847116333564e-11,3783.0
HTPM,1,19,1,15.0,20.0,17.5,0.0,0.05932
HTPM,1,19,2,10.0,15.0,12.5,1.7749100606911991e-12,0.05315
HTPM,1,19,3,8.0,10.0,9.0,1.749555134140016e-11,0.048235
HTPM,1,19,4,6.0,8.0,7.0,1.2090934087185328e-10,0.045329999999999995
HTPM,1,19,5,5.0,6.0,5.5,2.1236181810661022e-10,0.043315
HTPM,1,19,6,4.0,5.0,4.5,5.192435104140243e-10,0.042345
HTPM,1,19,7,3.0,4.0,3.5,3.456378255373724e-05,0.042155
HTPM,1,19,8,2.0,3.0,2.5,0.01032076929104954,0.0442
HTPM,1,19,9,1.5,2.0,1.75,0.0033245758155926878,0.04914
HTPM,1,19,10,1.25,1.5,1.375,0.016758716803786253,0.05549
HTPM,1,19,11,1.0,1.25,1.125,0.016539166815463035,0.06489
HTPM,1,19,12,0.8,1.0,0.9,0.019412493328211693,0.07986
HTPM,1,19,13,0.6,0.8,0.7,0.7483579235709105,0.10675
HTPM,1,19,14,0.5,0.6,0.55,0.037037405652667436,0.1431
HTPM,1,19,15,0.4,0.5,0.45,0.01581411937011119,0.19685
HTPM,1,19,16,0.3,0.4,0.35,0.01852029665565004,0.3177
HTPM,1,19,17,0.2,0.3,0.25,0.01893903908511983,0.7008000000000001
HTPM,1,19,18,0.15,0.2,0.175,0.014240647600966832,1.5062499999999999
HTPM,1,19,19,0.1,0.15,0.125,0.024166074774781658,3.7815000000000003
HTPM,1,19,20,0.088,0.1,0.094,0.004817120176732974,6.616
HTPM,1,19,21,0.08,0.088,0.08399999999999999,0.004157877597044796,2.1645
HTPM,1,19,22,0.06,0.08,0.07,0.009783301066871258,3.7199999999999998
HTPM,1,19,23,0.05,0.06,0.055,0.0038119615758449394,6.531000000000001
HTPM,1,19,24,0.04,0.05,0.045,0.006109959173473981,11.2005
HTPM,1,19,25,0.03,0.04,0.035,0.009091579143587943,22.34
HTPM,1,19,26,0.02,0.03,0.025,0.006351554719113402,58.34
HTPM,1,19,27,0.0159,0.02,0.01795,0.0028699225280097206,120.58000000000001
HTPM,1,19,28,0.0155,0.0159,0.0157,0.0002938396767991077,138.0
HTPM,1,19,29,0.0152,0.0155,0.015349999999999999,0.00021507205241222697,145.05
HTPM,1,19,30,0.015,0.0152,0.015099999999999999,0.00014101407774021546,109.69999999999999
HTPM,1,19,31,0.013,0.015,0.013999999999999999,0.0015305513945915734,136.85
HTPM,1,19,32,0.01,0.013,0.0115,0.002436162314253682,98.805
HTPM,1,19,33,0.008,0.01,0.009000000000000001,0.0017733669441258521,179.64999999999998
HTPM,1,19,34,0.006,0.008,0.007,0.001979521521513263,347.95
HTPM,1,19,35,0.005,0.006,0.0055,0.0011226136789506975,598.8
HTPM,1,19,36,0.004,0.005,0.0045000000000000005,4.446783792535595e-05,990.7
HTPM,1,19,37,0.00385,0.004,0.003925,4.5609186343452115e-09,1309.5
HTPM,1,19,38,0.0037,0.00385,0.003775,1.9320188876760575e-06,1339.5
HTPM,1,19,39,0.00355,0.0037,0.003625,5.781833185315749e-08,1513.5
HTPM,1,19,40,0.0033,0.00355,0.003425,1.5839642373208455e-06,1540.5
HTPM,1,19,41,0.00307,0.0033,0.003185,6.894878237519127e-07,1971.0
HTPM,1,19,42,0.003,0.00307,0.003035,5.113788031207106e-09,1911.0
HTPM,1,19,43,0.00259,0.003,0.0027949999999999997,3.859678941959125e-08,2211.5
HTPM,1,19,44,0.00253,0.00259,0.0025599999999999998,1.4331156821033474e-11,1835.0
HTPM,1,19,45,0.00248,0.00253,0.0025050000000000003,5.544262203593614e-11,1561.5
HTPM,1,19,46,0.002,0.00248,0.00224,8.56777728132924e-09,1042.8
HTPM,1,19,47,0.0015,0.002,0.00175,8.74896379800861e-10,1820.5
HTPM,1,19,48,0.001,0.0015,0.00125,2.913556213628344e-11,3783.0
HTPM,1,20,1,15.0,20.0,17.5,0.0,0.05932
HTPM,1,20,2,10.0,15.0,12.5,1.6764400500388358e-12,0.05315
HTPM,1,20,3,8.0,10.0,9.0,1.652667417127441e-11,0.048235
HTPM,1,20,4,6.0,8.0,7.0,1.1423529544512418e-10,0.045329999999999995
HTPM,1,20,5,5.0,6.0,5.5,2.0067089994468296e-10,0.043315
HTPM,1,20,6,4.0,5.0,4.5,4.907888407487884e-10,0.042345
HTPM,1,20,7,3.0,4.0,3.5,3.322691926764332e-05,0.042155
HTPM,1,20,8,2.0,3.0,2.5,0.009787906266704088,0.0442
HTPM,1,20,9,1.5,2.0,1.75,0.0032212183309912766,0.04914
HTPM,1,20,10,1.25,1.5,1.375,0.01660105960175163,0.05549
HTPM,1,20,11,1.0,1.25,1.125,0.016278363529072117,0.06489
HTPM,1,20,12,0.8,1.0,0.9,0.019150343813976844,0.07986
HTPM,1,20,13,0.6,0.8,0.7,0.753033280892626,0.10675
HTPM,1,20,14,0.5,0.6,0.55,0.03617532213115106,0.1431
HTPM,1,20,15,0.4,0.5,0.45,0.0155403401917614,0.19685
HTPM,1,20,16,0.3,0.4,0.35,0.018186713702706338,0.3177
HTPM,1,20,17,0.2,0.3,0.25,0.018622191019451336,0.7008000000000001
HTPM,1,20,18,0.15,0.2,0.175,0.014017202919159744,1.5062499999999999
HTPM,1,20,19,0.1,0.15,0.125,0.023550465670140065,3.7815000000000003
HTPM,1,20,20,0.088,0.1,0.094,0.004748167137260172,6.616
HTPM,1,20,21,0.08,0.088,0.08399999999999999,0.004080850554245901,2.1645
HTPM,1,20,22,0.06,0.08,0.07,0.009651978296107889,3.7199999999999998
HTPM,1,20,23,0.05,0.06,0.055,0.0037661111688113225,6.531000000000001
HTPM,1,20,24,0.04,0.05,0.045,0.006019772711709917,11.2005
HTPM,1,20,25,0.03,0.04,0.035,0.00899436326199412,22.34
HTPM,1,20,26,0.02,0.03,0.025,0.006275449563439522,58.34
HTPM,1,20,27,0.0159,0.02,0.01795,0.0028355175477445265,120.58000000000001
HTPM,1,20,28,0.0155,0.0159,0.0157,0.0002903613357193086,138.0
HTPM,1,20,29,0.0152,0.0155,0.015349999999999999,0.00021251515962494283,145.05
HTPM,1,20,30,0.015,0.0152,0.015099999999999999,0.0001393381270348881,109.69999999999999
HTPM,1,20,31,0.013,0.015,0.013999999999999999,0.001512721245662833,136.85
HTPM,1,20,32,0.01,0.013,0.0115,0.0024076714174026247,98.805
HTPM,1,20,33,0.008,0.01,0.009000000000000001,0.001752895104916317,179.64999999999998
HTPM,1,20,34,0.006,0.008,0.007,0.001956952394571552,347.95
HTPM,1,20,35,0.005,0.006,0.0055,0.0011083665332193094,598.8
HTPM,1,20,36,0.004,0.005,0.0045000000000000005,4.503337361203252e-05,990.7
HTPM,1,20,37,0.00385,0.004,0.003925,4.420753885714019e-09,1309.5
HTPM,1,20,38,0.0037,0.00385,0.003775,1.92233563837606e-06,1339.5
HTPM,1,20,39,0.00355,0.0037,0.003625,5.8878230847361834e-08,1513.5
HTPM,1,20,40,0.0033,0.00355,0.003425,1.5631022807244945e-06,1540.5
HTPM,1,20,41,0.00307,0.0033,0.003185,7.02308573037367e-07,1971.0
HTPM,1,20,42,0.003,0.00307,0.003035,5.144043475395244e-09,1911.0
HTPM,1,20,43,0.00259,0.003,0.0027949999999999997,3.5068210363081686e-08,2211.5
HTPM,1,20,44,0.00253,0.00259,0.0025599999999999998,1.4347569297391145e-11,1835.0
HTPM,1,20,45,0.00248,0.00253,0.0025050000000000003,4.0822229720810816e-11,1561.5
HTPM,1,20,46,0.002,0.00248,0.00224,7.1298531065046194e-09,1042.8
HTPM,1,20,47,0.0015,0.002,0.00175,7.841986948286273e-10,1820.5
HTPM,1,20,48,0.001,0.0015,0.00125,2.7312546828528623e-11,3783.0
HTPM,1,21,1,15.0,20.0,17.5,0.0,0.05932
HTPM,1,21,2,10.0,15.0,12.5,1.5874961984461276e-12,0.05315
HTPM,1,21,3,8.0,10.0,9.0,1.5651430624481393e-11,0.048235
HTPM,1,21,4,6.0,8.0,7.0,1.0820882339715554e-10,0.045329999999999995
HTPM,1,21,5,5.0,6.0,5.5,1.901255647190316e-10,0.043315
HTPM,1,21,6,4.0,5.0,4.5,4.6509031462373586e-10,0.042345
HTPM,1,21,7,3.0,4.0,3.5,3.189891483709432e-05,0.042155
HTPM,1,21,8,2.0,3.0,2.5,0.009270626348691996,0.0442
HTPM,1,21,9,1.5,2.0,1.75,0.003119083273225984,0.04914
HTPM,1,21,10,1.25,1.5,1.375,0.016433602643901694,0.05549
HTPM,1,21,11,1.0,1.25,1.125,0.01601193746003855,0.06489
HTPM,1,21,12,0.8,1.0,0.9,0.01887909549865978,0.07986
HTPM,1,21,13,0.6,0.8,0.7,0.757705676249757,0.10675
HTPM,1,21,14,0.5,0.6,0.55,0.03530077286541144,0.1431
HTPM,1,21,15,0.4,0.5,0.45,0.015270512640754335,0.19685
HTPM,1,21,16,0.3,0.4,0.35,0.01785712628153479,0.3177
HTPM,1,21,17,0.2,0.3,0.25,0.01830695254179129,0.7008000000000001
HTPM,1,21,18,0.15,0.2,0.175,0.013794722045335177,1.5062499999999999
HTPM,1,21,19,0.1,0.15,0.125,0.022946771488360225,3.7815000000000003
HTPM,1,21,20,0.088,0.1,0.094,0.004679580884512276,6.616
HTPM,1,21,21,0.08,0.088,0.08399999999999999,0.004004622213212674,2.1645
HTPM,1,21,22,0.06,0.08,0.07,0.00952099709187984,3.7199999999999998
HTPM,1,21,23,0.05,0.06,0.055,0.00372023589358981,6.531000000000001
HTPM,1,21,24,0.04,0.05,0.045,0.005929911649440134,11.2005
HTPM,1,21,25,0.03,0.04,0.035,0.008896497061780832,22.34
HTPM,1,21,26,0.02,0.03,0.025,0.006199116520519851,58.34
HTPM,1,21,27,0.0159,0.02,0.01795,0.002801149827286875,120.58000000000001
HTPM,1,21,28,0.0155,0.0159,0.0157,0.0002868768101228891,138.0
HTPM,1,21,29,0.0152,0.0155,0.015349999999999999,0.00020995303515517505,145.05
HTPM,1,21,30,0.015,0.0152,0.015099999999999999,0.00013765731906852801,109.69999999999999
HTPM,1,21,31,0.013,0.015,0.013999999999999999,0.0014948470080740313,136.85
HTPM,1,21,32,0.01,0.013,0.0115,0.002379131841458671,98.805
HTPM,1,21,33,0.008,0.01,0.009000000000000001,0.0017323522696413157,179.64999999999998
HTPM,1,21,34,0.006,0.008,0.007,0.0019343099922177786,347.95
HTPM,1,21,35,0.005,0.006,0.0055,0.001094147182364208,598.8
HTPM,1,21,36,0.004,0.005,0.0045000000000000005,4.555470890555563e-05,990.7
HTPM,1,21,37,0.00385,0.004,0.003925,4.309283005914679e-09,1309.5
HTPM,1,21,38,0.0037,0.00385,0.003775,1.9109370497733324e-06,1339.5
HTPM,1,21,39,0.00355,0.0037,0.003625,5.98761557237521e-08,1513.5
HTPM,1,21,40,0.0033,0.00355,0.003425,1.5455932677348548e-06,1540.5
HTPM,1,21,41,0.00307,0.0033,0.003185,7.144061664187441e-07,1971.0
HTPM,1,21,42,0.003,0.00307,0.003035,5.17125390351967e-09,1911.0
HTPM,1,21,43,0.00259,0.003,0.0027949999999999997,3.24705846878794e-08,2211.5
HTPM,1,21,44,0.00253,0.00259,0.0025599999999999998,1.4359259258691343e-11,1835.0
HTPM,1,21,45,0.00248,0.00253,0.0025050000000000003,3.001653987744219e-11,1561.5
HTPM,1,21,46,0.002,0.00248,0.00224,6.105347795942762e-09,1042.8
HTPM,1,21,47,0.0015,0.002,0.00175,7.187532753824704e-10,1820.5
HTPM,1,21,48,0.001,0.0015,0.00125,2.5568379960072154e-11,3783.0
HTPM,1,22,1,15.0,20.0,17.5,0.0,0.05932
HTPM,1,22,2,10.0,15.0,12.5,1.5074915089450584e-12,0.05315
HTPM,1,22,3,8.0,10.0,9.0,1.486434097050758e-11,0.048235
HTPM,1,22,4,6.0,8.0,7.0,1.0279026950508561e-10,0.045329999999999995
HTPM,1,22,5,5.0,6.0,5.5,1.8064102930404363e-10,0.043315
HTPM,1,22,6,4.0,5.0,4.5,4.4200417265868044e-10,0.042345
HTPM,1,22,7,3.0,4.0,3.5,3.0590485065381637e-05,0.042155
HTPM,1,22,8,2.0,3.0,2.5,0.008771123329269253,0.0442
HTPM,1,22,9,1.5,2.0,1.75,0.003018875189558025,0.04914
HTPM,1,22,10,1.25,1.5,1.375,0.01626046294778638,0.05549
HTPM,1,22,11,1.0,1.25,1.125,0.015742689640317248,0.06489
HTPM,1,22,12,0.8,1.0,0.9,0.018602199479347298,0.07986
HTPM,1,22,13,0.6,0.8,0.7,0.7623314272693863,0.10675
HTPM,1,22,14,0.5,0.6,0.55,0.034422366230983395,0.1431
HTPM,1,22,15,0.4,0.5,0.45,0.015003634925963787,0.19685
HTPM,1,22,16,0.3,0.4,0.35,0.01753308860755519,0.3177
HTPM,1,22,17,0.2,0.3,0.25,0.017998622865873667,0.7008000000000001
HTPM,1,22,18,0.15,0.2,0.175,0.013575589509298979,1.5062499999999999
HTPM,1,22,19,0.1,0.15,0.125,0.02235899989030418,3.7815000000000003
HTPM,1,22,20,0.088,0.1,0.094,0.00461218374158406,6.616
HTPM,1,22,21,0.08,0.088,0.08399999999999999,0.003929976102367691,2.1645
HTPM,1,22,22,0.06,0.08,0.07,0.009391794971245074,3.7199999999999998
HTPM,1,22,23,0.05,0.06,0.055,0.0036751105961857155,6.531000000000001
HTPM,1,22,24,0.04,0.05,0.045,0.005841554400216847,11.2005
HTPM,1,22,25,0.03,0.04,0.035,0.008799559077572445,22.34
HTPM,1,22,26,0.02,0.03,0.025,0.006123530789993094,58.34
HTPM,1,22,27,0.0159,0.02,0.01795,0.0027672910130433714,120.58000000000001
HTPM,1,22,28,0.0155,0.0159,0.0157,0.00028343148197014885,138.0
HTPM,1,22,29,0.0152,0.0155,0.015349999999999999,0.00020742469573668116,145.05
HTPM,1,22,30,0.015,0.0152,0.015099999999999999,0.00013599562234089632,109.69999999999999
HTPM,1,22,31,0.013,0.015,0.013999999999999999,0.0014772241504452045,136.85
HTPM,1,22,32,0.01,0.013,0.0115,0.002350899161569726,98.805
HTPM,1,22,33,0.008,0.01,0.009000000000000001,0.0017120243669227384,179.64999999999998
HTPM,1,22,34,0.006,0.008,0.007,0.001911907987684556,347.95
HTPM,1,22,35,0.005,0.006,0.0055,0.0010801188490740527,598.8
HTPM,1,22,36,0.004,0.005,0.0045000000000000005,4.603981180586673e-05,990.7
HTPM,1,22,37,0.00385,0.004,0.003925,4.221661552528081e-09,1309.5
HTPM,1,22,38,0.0037,0.00385,0.003775,1.8980984099726333e-06,1339.5
HTPM,1,22,39,0.00355,0.0037,0.003625,6.082082977584443e-08,1513.5
HTPM,1,22,40,0.0033,0.00355,0.003425,1.5313039678435058e-06,1540.5
HTPM,1,22,41,0.00307,0.0033,0.003185,7.258748900174074e-07,1971.0
HTPM,1,22,42,0.003,0.00307,0.003035,5.1961236621392704e-09,1911.0
HTPM,1,22,43,0.00259,0.003,0.0027949999999999997,3.0443070971386886e-08,2211.5
HTPM,1,22,44,0.00253,0.00259,0.0025599999999999998,1.4367638812009218e-11,1835.0
HTPM,1,22,45,0.00248,0.00253,0.0025050000000000003,2.2046221922387386e-11,1561.5
HTPM,1,22,46,0.002,0.00248,0.00224,5.376454844051712e-09,1042.8
HTPM,1,22,47,0.0015,0.002,0.00175,6.719948860281436e-10,1820.5
HTPM,1,22,48,0.001,0.0015,0.00125,2.390823684831485e-11,3783.0
HTPM,1,23,1,15.0,20.0,17.5,0.0,0.05932
HTPM,1,23,2,10.0,15.0,12.5,1.4359547632708294e-12,0.05315
HTPM,1,23,3,8.0,10.0,9.0,1.416016284980043e-11,0.048235
HTPM,1,23,4,6.0,8.0,7.0,9.794153704907086e-11,0.045329999999999995
HTPM,1,23,5,5.0,6.0,5.5,1.7215495218756003e-10,0.043315
HTPM,1,23,6,4.0,5.0,4.5,4.213487379513336e-10,0.042345
HTPM,1,23,7,3.0,4.0,3.5,2.9308912212212263e-05,0.042155
HTPM,1,23,8,2.0,3.0,2.5,0.008290135987607706,0.0442
HTPM,1,23,9,1.5,2.0,1.75,0.002921345050984071,0.04914
HTPM,1,23,10,1.25,1.5,1.375,0.016084870681292898,0.05549
HTPM,1,23,11,1.0,1.25,1.125,0.015474907596009713,0.06489
HTPM,1,23,12,0.8,1.0,0.9,0.01832371879992397,0.07986
HTPM,1,23,13,0.6,0.8,0.7,0.7668612118238616,0.10675
HTPM,1,23,14,0.5,0.6,0.55,0.03354796969057513,0.1431
HTPM,1,23,15,0.4,0.5,0.45,0.014743718996635378,0.19685
HTPM,1,23,16,0.3,0.4,0.35,0.01721998935734168,0.3177
HTPM,1,23,17,0.2,0.3,0.25,0.017699157512752146,0.7008000000000001
HTPM,1,23,18,0.15,0.2,0.175,0.013363011143909127,1.5062499999999999
HTPM,1,23,19,0.1,0.15,0.125,0.02179192303163652,3.7815000000000003
HTPM,1,23,20,0.088,0.1,0.094,0.00454671690772033,6.616
HTPM,1,23,21,0.08,0.088,0.08399999999999999,0.0038573470427371694,2.1645
HTPM,1,23,22,0.06,0.08,0.07,0.009266293882475282,3.7199999999999998
HTPM,1,23,23,0.05,0.06,0.055,0.003631124503958032,6.531000000000001
HTPM,1,23,24,0.04,0.05,0.045,0.00575564328667252,11.2005
HTPM,1,23,25,0.03,0.04,0.035,0.008705022464213435,22.34
HTPM,1,23,26,0.02,0.03,0.025,0.006049807902649284,58.34
HTPM,1,23,27,0.0159,0.02,0.01795,0.0027343719940577677,120.58000000000001
HTPM,1,23,28,0.0155,0.0159,0.0157,0.00028007623536809674,138.0
HTPM,1,23,29,0.0152,0.0155,0.015349999999999999,0.00020495689487291333,145.05
HTPM,1,23,30,0.015,0.0152,0.015099999999999999,0.0001343797957433001,109.69999999999999
HTPM,1,23,31,0.013,0.015,0.013999999999999999,0.001460086737772937,136.85
HTPM,1,23,32,0.01,0.013,0.0115,0.002323399912160163,98.805
HTPM,1,23,33,0.008,0.01,0.009000000000000001,0.0016922291418614802,179.64999999999998
HTPM,1,23,34,0.006,0.008,0.007,0.0018900549235910014,347.95
HTPM,1,23,35,0.005,0.006,0.0055,0.0010664776828159354,598.8
HTPM,1,23,36,0.004,0.005,0.0045000000000000005,4.6494808104421255e-05,990.7
HTPM,1,23,37,0.00385,0.004,0.003925,4.153796695729304e-09,1309.5
HTPM,1,23,38,0.0037,0.00385,0.003775,1.884209444023704e-06,1339.5
HTPM,1,23,39,0.00355,0.0037,0.003625,6.172249933564489e-08,1513.5
HTPM,1,23,40,0.0033,0.00355,0.003425,1.5201346280893824e-06,1540.5
HTPM,1,23,41,0.00307,0.0033,0.003185,7.368266821944183e-07,1971.0
HTPM,1,23,42,0.003,0.00307,0.003035,5.219776149043413e-09,1911.0
HTPM,1,23,43,0.00259,0.003,0.0027949999999999997,2.877275528012953e-08,2211.5
HTPM,1,23,44,0.00253,0.00259,0.0025599999999999998,1.4375689338745661e-11,1835.0
HTPM,1,23,45,0.00248,0.00253,0.0025050000000000003,1.617631865299656e-11,1561.5
HTPM,1,23,46,0.002,0.00248,0.00224,4.8598684843700845e-09,1042.8
HTPM,1,23,47,0.0015,0.002,0.00175,6.391052494568383e-10,1820.5
HTPM,1,23,48,0.001,0.0015,0.00125,2.2335093919318828e-11,3783.0
HTPM,1,24,1,15.0,20.0,17.5,0.0,0.05932
HTPM,1,24,2,10.0,15.0,12.5,1.3721210481066383e-12,0.05315
HTPM,1,24,3,8.0,10.0,9.0,1.3532318333685888e-11,0.048235
HTPM,1,24,4,6.0,8.0,7.0,9.36213311141698e-11,0.045329999999999995
HTPM,1,24,5,5.0,6.0,5.5,1.6459950101076317e-10,0.043315
HTPM,1,24,6,4.0,5.0,4.5,4.0292746673815664e-10,0.042345
HTPM,1,24,7,3.0,4.0,3.5,2.8059327151330494e-05,0.042155
HTPM,1,24,8,2.0,3.0,2.5,0.007830259457766695,0.0442
HTPM,1,24,9,1.5,2.0,1.75,0.002826732075181688,0.04914
HTPM,1,24,10,1.25,1.5,1.375,0.015908287558289665,0.05549
HTPM,1,24,11,1.0,1.25,1.125,0.015209708900873739,0.06489
HTPM,1,24,12,0.8,1.0,0.9,0.018046486925466676,0.07986
HTPM,1,24,13,0.6,0.8,0.7,0.7712710844702695,0.10675
HTPM,1,24,14,0.5,0.6,0.55,0.032684708647861146,0.1431
HTPM,1,24,15,0.4,0.5,0.45,0.014491635756337396,0.19685
HTPM,1,24,16,0.3,0.4,0.35,0.016916812839559647,0.3177
HTPM,1,24,17,0.2,0.3,0.25,0.017409834707379238,0.7008000000000001
HTPM,1,24,18,0.15,0.2,0.175,0.013158071345055615,1.5062499999999999
HTPM,1,24,19,0.1,0.15,0.125,0.021247025791182365,3.7815000000000003
HTPM,1,24,20,0.088,0.1,0.094,0.0044833735906747605,6.616
HTPM,1,24,21,0.08,0.088,0.08399999999999999,0.0037877285391432454,2.1645
HTPM,1,24,22,0.06,0.08,0.07,0.009144895350908976,3.7199999999999998
HTPM,1,24,23,0.05,0.06,0.055,0.0035887464225418755,6.531000000000001
HTPM,1,24,24,0.04,0.05,0.045,0.005672848587959726,11.2005
HTPM,1,24,25,0.03,0.04,0.035,0.008613576248714115,22.34
HTPM,1,24,26,0.02,0.03,0.025,0.005978440394932851,58.34
HTPM,1,24,27,0.0159,0.02,0.01795,0.002702614291598924,120.58000000000001
HTPM,1,24,28,0.0155,0.0159,0.0157,0.0002768343885265556,138.0
HTPM,1,24,29,0.0152,0.0155,0.015349999999999999,0.0002025712560579267,145.05
HTPM,1,24,30,0.015,0.0152,0.015099999999999999,0.00013281638094950015,109.69999999999999
HTPM,1,24,31,0.013,0.015,0.013999999999999999,0.001443585636899607,136.85
HTPM,1,24,32,0.01,0.013,0.0115,0.0022967917363097795,98.805
HTPM,1,24,33,0.008,0.01,0.009000000000000001,0.0016730892029328957,179.64999999999998
HTPM,1,24,34,0.006,0.008,0.007,0.0018689270474180695,347.95
HTPM,1,24,35,0.005,0.006,0.0055,0.0010532949997964437,598.8
HTPM,1,24,36,0.004,0.005,0.0045000000000000005,4.692448820769121e-05,990.7
HTPM,1,24,37,0.00385,0.004,0.003925,4.1026077398795844e-09,1309.5
HTPM,1,24,38,0.0037,0.00385,0.003775,1.8693475938136107e-06,1339.5
HTPM,1,24,39,0.00355,0.0037,0.003625,6.258634343887399e-08,1513.5
HTPM,1,24,40,0.0033,0.00355,0.003425,1.511878441195363e-06,1540.5
HTPM,1,24,41,0.00307,0.0033,0.003185,7.47312532734243e-07,1971.0
HTPM,1,24,42,0.003,0.00307,0.003035,5.242468795802271e-09,1911.0
HTPM,1,24,43,0.00259,0.003,0.0027949999999999997,2.73287916842616e-08,2211.5
HTPM,1,24,44,0.00253,0.00259,0.0025599999999999998,1.4383359601744057e-11,1835.0
HTPM,1,24,45,0.00248,0.00253,0.0025050000000000003,1.1860285606184035e-11,1561.5
HTPM,1,24,46,0.002,0.00248,0.00224,4.495795980951429e-09,1042.8
HTPM,1,24,47,0.0015,0.002,0.00175,6.163323595365197e-10,1820.5
HTPM,1,24,48,0.001,0.0015,0.00125,2.0848096266439955e-11,3783.0
HTPM,1,25,1,15.0,20.0,17.5,0.0,0.05932
HTPM,1,25,2,10.0,15.0,12.5,1.3154179665886079e-12,0.05315
HTPM,1,25,3,8.0,10.0,9.0,1.2974657427130955e-11,0.048235
HTPM,1,25,4,6.0,8.0,7.0,8.978215713991563e-11,0.045329999999999995
HTPM,1,25,5,5.0,6.0,5.5,1.5788490017391476e-10,0.043315
HTPM,1,25,6,4.0,5.0,4.5,3.865832271857589e-10,0.042345
HTPM,1,25,7,3.0,4.0,3.5,2.684450351782706e-05,0.042155
HTPM,1,25,8,2.0,3.0,2.5,0.007390629665795957,0.0442
HTPM,1,25,9,1.5,2.0,1.75,0.0027354350500939308,0.04914
HTPM,1,25,10,1.25,1.5,1.375,0.015732301660437358,0.05549
HTPM,1,25,11,1.0,1.25,1.125,0.01494852548000589,0.06489
HTPM,1,25,12,0.8,1.0,0.9,0.017771554122446957,0.07986
HTPM,1,25,13,0.6,0.8,0.7,0.7755475465652337,0.10675
HTPM,1,25,14,0.5,0.6,0.55,0.03183539388236601,0.1431
HTPM,1,25,15,0.4,0.5,0.45,0.014247250797169937,0.19685
HTPM,1,25,16,0.3,0.4,0.35,0.016625251077327687,0.3177
HTPM,1,25,17,0.2,0.3,0.25,0.017132229274664373,0.7008000000000001
HTPM,1,25,18,0.15,0.2,0.175,0.012960935068504523,1.5062499999999999
HTPM,1,25,19,0.1,0.15,0.125,0.020725383458554868,3.7815000000000003
HTPM,1,25,20,0.088,0.1,0.094,0.0044225201516052545,6.616
HTPM,1,25,21,0.08,0.088,0.08399999999999999,0.0037207003994719446,2.1645
HTPM,1,25,22,0.06,0.08,0.07,0.009028419465063888,3.7199999999999998
HTPM,1,25,23,0.05,0.06,0.055,0.0035481939357079446,6.531000000000001
HTPM,1,25,24,0.04,0.05,0.045,0.005593271626611809,11.2005
HTPM,1,25,25,0.03,0.04,0.035,0.008525935698775577,22.34
HTPM,1,25,26,0.02,0.03,0.025,0.005909778386149983,58.34
HTPM,1,25,27,0.0159,0.02,0.01795,0.0026721174417335676,120.58000000000001
HTPM,1,25,28,0.0155,0.0159,0.0157,0.0002737177040567646,138.0
HTPM,1,25,29,0.0152,0.0155,0.015349999999999999,0.0002002848845533627,145.05
HTPM,1,25,30,0.015,0.0152,0.015099999999999999,0.0001313133138095361,109.69999999999999
HTPM,1,25,31,0.013,0.015,0.013999999999999999,0.0014277054293838267,136.85
HTPM,1,25,32,0.01,0.013,0.0115,0.002271249573909364,98.805
HTPM,1,25,33,0.008,0.01,0.009000000000000001,0.0016546869474859853,179.64999999999998
HTPM,1,25,34,0.006,0.008,0.007,0.001848635991152431,347.95
HTPM,1,25,35,0.005,0.006,0.0055,0.001040632914846347,598.8
HTPM,1,25,36,0.004,0.005,0.0045000000000000005,4.733353090387318e-05,990.7
HTPM,1,25,37,0.00385,0.004,0.003925,4.065229617842789e-09,1309.5
HTPM,1,25,38,0.0037,0.00385,0.003775,1.8537982117785657e-06,1339.5
HTPM,1,25,39,0.00355,0.0037,0.003625,6.341753773154498e-08,1513.5
HTPM,1,25,40,0.0033,0.00355,0.003425,1.5064814898958017e-06,1540.5
HTPM,1,25,41,0.00307,0.0033,0.003185,7.57403241544349e-07,1971.0
HTPM,1,25,42,0.003,0.00307,0.003035,5.264787208329704e-09,1911.0
HTPM,1,25,43,0.00259,0.003,0.0027949999999999997,2.6034387102666304e-08,2211.5
HTPM,1,25,44,0.00253,0.00259,0.0025599999999999998,1.4391155466751588e-11,1835.0
HTPM,1,25,45,0.00248,0.00253,0.0025050000000000003,8.689045295354739e-12,1561.5
HTPM,1,25,46,0.002,0.00248,0.00224,4.24171269682268e-09,1042.8
HTPM,1,25,47,0.0015,0.002,0.00175,6.00994682281333e-10,1820.5
HTPM,1,25,48,0.001,0.0015,0.00125,1.944678157608596e-11,3783.0
HTPM,1,26,1,15.0,20.0,17.5,0.0,0.05932
HTPM,1,26,2,10.0,15.0,12.5,1.2652386957528597e-12,0.05315
HTPM,1,26,3,8.0,10.0,9.0,1.2480921945114984e-11,0.048235
HTPM,1,26,4,6.0,8.0,7.0,8.638129274026299e-11,0.045329999999999995
HTPM,1,26,5,5.0,6.0,5.5,1.5193892751282973e-10,0.043315
HTPM,1,26,6,4.0,5.0,4.5,3.721141159315056e-10,0.042345
HTPM,1,26,7,3.0,4.0,3.5,2.566662822602706e-05,0.042155
HTPM,1,26,8,2.0,3.0,2.5,0.006971548774332717,0.0442
HTPM,1,26,9,1.5,2.0,1.75,0.0026475350812592254,0.04914
HTPM,1,26,10,1.25,1.5,1.375,0.015558362876549011,0.05549
HTPM,1,26,11,1.0,1.25,1.125,0.01469288357855771,0.06489
HTPM,1,26,12,0.8,1.0,0.9,0.017500669579460868,0.07986
HTPM,1,26,13,0.6,0.8,0.7,0.7796741302762668,0.10675
HTPM,1,26,14,0.5,0.6,0.55,0.03100127469002642,0.1431
HTPM,1,26,15,0.4,0.5,0.45,0.014011463954406016,0.19685
HTPM,1,26,16,0.3,0.4,0.35,0.0163473861208838,0.3177
HTPM,1,26,17,0.2,0.3,0.25,0.01686796545982484,0.7008000000000001
HTPM,1,26,18,0.15,0.2,0.175,0.012772843591166937,1.5062499999999999
HTPM,1,26,19,0.1,0.15,0.125,0.020228156540272404,3.7815000000000003
HTPM,1,26,20,0.088,0.1,0.094,0.00436463793497305,6.616
HTPM,1,26,21,0.08,0.088,0.08399999999999999,0.0036567146220205537,2.1645
HTPM,1,26,22,0.06,0.08,0.07,0.008917084877610214,3.7199999999999998
HTPM,1,26,23,0.05,0.06,0.055,0.003509712317376659,6.531000000000001
HTPM,1,26,24,0.04,0.05,0.045,0.005517188319667113,11.2005
HTPM,1,26,25,0.03,0.04,0.035,0.008442476052874051,22.34
HTPM,1,26,26,0.02,0.03,0.025,0.00584408437167894,58.34
HTPM,1,26,27,0.0159,0.02,0.01795,0.0026430969163367276,120.58000000000001
HTPM,1,26,28,0.0155,0.0159,0.0157,0.00027074139769588335,138.0
HTPM,1,26,29,0.0152,0.0155,0.015349999999999999,0.00019809681152691783,145.05
HTPM,1,26,30,0.015,0.0152,0.015099999999999999,0.00012987789250103513,109.69999999999999
HTPM,1,26,31,0.013,0.015,0.013999999999999999,0.0014126366019415455,136.85
HTPM,1,26,32,0.01,0.013,0.0115,0.002246855304393458,98.805
HTPM,1,26,33,0.008,0.01,0.009000000000000001,0.001637150974161513,179.64999999999998
HTPM,1,26,34,0.006,0.008,0.007,0.0018292615431126562,347.95
HTPM,1,26,35,0.005,0.006,0.0055,0.0010285624017558953,598.8
HTPM,1,26,36,0.004,0.005,0.0045000000000000005,4.7722625373251246e-05,990.7
HTPM,1,26,37,0.00385,0.004,0.003925,4.0393953359484316e-09,1309.5
HTPM,1,26,38,0.0037,0.00385,0.003775,1.837547377100795e-06,1339.5
HTPM,1,26,39,0.00355,0.0037,0.003625,6.421993640610985e-08,1513.5
HTPM,1,26,40,0.0033,0.00355,0.003425,1.5034804415770672e-06,1540.5
HTPM,1,26,41,0.00307,0.0033,0.003185,7.671441860336013e-07,1971.0
HTPM,1,26,42,0.003,0.00307,0.003035,5.286783521180221e-09,1911.0
HTPM,1,26,43,0.00259,0.003,0.0027949999999999997,2.4844543995449033e-08,2211.5
HTPM,1,26,44,0.00253,0.00259,0.0025599999999999998,1.4400748792081624e-11,1835.0
HTPM,1,26,45,0.00248,0.00253,0.0025050000000000003,6.3623462929175925e-12,1561.5
HTPM,1,26,46,0.002,0.00248,0.00224,4.066946642227845e-09,1042.8
HTPM,1,26,47,0.0015,0.002,0.00175,5.910852224238529e-10,1820.5
HTPM,1,26,48,0.001,0.0015,0.00125,1.8128238952515527e-11,3783.0
HTPM,1,27,1,15.0,20.0,17.5,0.0,0.05932
HTPM,1,27,2,10.0,15.0,12.5,1.2208760702260088e-12,0.05315
HTPM,1,27,3,8.0,10.0,9.0,1.2044625647601428e-11,0.048235
HTPM,1,27,4,6.0,8.0,7.0,8.338008457487288e-11,0.045329999999999995
HTPM,1,27,5,5.0,6.0,5.5,1.4668873602387539e-10,0.043315
HTPM,1,27,6,4.0,5.0,4.5,3.5933461811814554e-10,0.042345
HTPM,1,27,7,3.0,4.0,3.5,2.4527391667226244e-05,0.042155
HTPM,1,27,8,2.0,3.0,2.5,0.006572759570009814,0.0442
HTPM,1,27,9,1.5,2.0,1.75,0.002563009998094807,0.04914
HTPM,1,27,10,1.25,1.5,1.375,0.015386823449998971,0.05549
HTPM,1,27,11,1.0,1.25,1.125,0.014443279869527672,0.06489
HTPM,1,27,12,0.8,1.0,0.9,0.017234524083730416,0.07986
HTPM,1,27,13,0.6,0.8,0.7,0.783649648751022,0.10675
HTPM,1,27,14,0.5,0.6,0.55,0.03018554669917395,0.1431
HTPM,1,27,15,0.4,0.5,0.45,0.013784352588637805,0.19685
HTPM,1,27,16,0.3,0.4,0.35,0.01608225970360054,0.3177
HTPM,1,27,17,0.2,0.3,0.25,0.0166154247730715,0.7008000000000001
HTPM,1,27,18,0.15,0.2,0.175,0.012593306621731323,1.5062499999999999
HTPM,1,27,19,0.1,0.15,0.125,0.019754983879638834,3.7815000000000003
HTPM,1,27,20,0.088,0.1,0.094,0.004309399458781888,6.616
HTPM,1,27,21,0.08,0.088,0.08399999999999999,0.0035957790227128038,2.1645
HTPM,1,27,22,0.06,0.08,0.07,0.008811366172645928,3.7199999999999998
HTPM,1,27,23,0.05,0.06,0.055,0.003473028433673428,6.531000000000001
HTPM,1,27,24,0.04,0.05,0.045,0.005444905353900794,11.2005
HTPM,1,27,25,0.03,0.04,0.035,0.00836318705935743,22.34
HTPM,1,27,26,0.02,0.03,0.025,0.0057814320826625465,58.34
HTPM,1,27,27,0.0159,0.02,0.01795,0.002615474683511102,120.58000000000001
HTPM,1,27,28,0.0155,0.0159,0.0157,0.00026791346909043825,138.0
HTPM,1,27,29,0.0152,0.0155,0.015349999999999999,0.0001960164619424968,145.05
HTPM,1,27,30,0.015,0.0152,0.015099999999999999,0.00012851642346867255,109.69999999999999
HTPM,1,27,31,0.013,0.015,0.013999999999999999,0.0013982822100392113,136.85
HTPM,1,27,32,0.01,0.013,0.0115,0.0022236613039546224,98.805
HTPM,1,27,33,0.008,0.01,0.009000000000000001,0.0016204196075514507,179.64999999999998
HTPM,1,27,34,0.006,0.008,0.007,0.001810799267224365,347.95
HTPM,1,27,35,0.005,0.006,0.0055,0.001017071637828697,598.8
HTPM,1,27,36,0.004,0.005,0.0045000000000000005,4.809668848406923e-05,990.7
HTPM,1,27,37,0.00385,0.004,0.003925,4.023117120544245e-09,1309.5
HTPM,1,27,38,0.0037,0.00385,0.003775,1.820748084911365e-06,1339.5
HTPM,1,27,39,0.00355,0.0037,0.003625,6.499545427688718e-08,1513.5
HTPM,1,27,40,0.0033,0.00355,0.003425,1.502758693032967e-06,1540.5
HTPM,1,27,41,0.00307,0.0033,0.003185,7.765472229562167e-07,1971.0
HTPM,1,27,42,0.003,0.00307,0.003035,5.308802094496922e-09,1911.0
HTPM,1,27,43,0.00259,0.003,0.0027949999999999997,2.3728898088190868e-08,2211.5
HTPM,1,27,44,0.00253,0.00259,0.0025599999999999998,1.4412467146745551e-11,1835.0
HTPM,1,27,45,0.00248,0.00253,0.0025050000000000003,4.655807807793182e-12,1561.5
HTPM,1,27,46,0.002,0.00248,0.00224,3.949249969548672e-09,1042.8
HTPM,1,27,47,0.0015,0.002,0.00175,5.851163730049656e-10,1820.5
HTPM,1,27,48,0.001,0.0015,0.00125,1.6889282942762962e-11,3783.0
HTPM,1,28,1,15.0,20.0,17.5,0.0,0.05932
HTPM,1,28,2,10.0,15.0,12.5,1.1818427144653917e-12,0.05315
HTPM,1,28,3,8.0,10.0,9.0,1.1660815021649501e-11,0.048235
HTPM,1,28,4,6.0,8.0,7.0,8.07407606540897e-11,0.045329999999999995
HTPM,1,28,5,5.0,6.0,5.5,1.4207330513265407e-10,0.043315
HTPM,1,28,6,4.0,5.0,4.5,3.480969224981296e-10,0.042345
HTPM,1,28,7,3.0,4.0,3.5,2.3429021400600698e-05,0.042155
HTPM,1,28,8,2.0,3.0,2.5,0.006194032330039663,0.0442
HTPM,1,28,9,1.5,2.0,1.75,0.0024820724036326305,0.04914
HTPM,1,28,10,1.25,1.5,1.375,0.01521908451252215,0.05549
HTPM,1,28,11,1.0,1.25,1.125,0.014200355866562377,0.06489
HTPM,1,28,12,0.8,1.0,0.9,0.01697445333547395,0.07986
HTPM,1,28,13,0.6,0.8,0.7,0.7874616062186374,0.10675
HTPM,1,28,14,0.5,0.6,0.55,0.029390648243228602,0.1431
HTPM,1,28,15,0.4,0.5,0.45,0.013566606207243995,0.19685
HTPM,1,28,16,0.3,0.4,0.35,0.015831703391675007,0.3177
HTPM,1,28,17,0.2,0.3,0.25,0.016375940948170045,0.7008000000000001
HTPM,1,28,18,0.15,0.2,0.175,0.012422813789560611,1.5062499999999999
HTPM,1,28,19,0.1,0.15,0.125,0.0193064508677587,3.7815000000000003
HTPM,1,28,20,0.088,0.1,0.094,0.00425723168318425,6.616
HTPM,1,28,21,0.08,0.088,0.08399999999999999,0.003537739374231012,2.1645
HTPM,1,28,22,0.06,0.08,0.07,0.008711143439232592,3.7199999999999998
HTPM,1,28,23,0.05,0.06,0.055,0.0034385256454005793,6.531000000000001
HTPM,1,28,24,0.04,0.05,0.045,0.005376335671731401,11.2005
HTPM,1,28,25,0.03,0.04,0.035,0.00828847819430852,22.34
HTPM,1,28,26,0.02,0.03,0.025,0.005722023321252161,58.34
HTPM,1,28,27,0.0159,0.02,0.01795,0.0025894405948480056,120.58000000000001
HTPM,1,28,28,0.0155,0.0159,0.0157,0.00026523633256804517,138.0
HTPM,1,28,29,0.0152,0.0155,0.015349999999999999,0.0001940506062362434,145.05
HTPM,1,28,30,0.015,0.0152,0.015099999999999999,0.00012722513448293565,109.69999999999999
HTPM,1,28,31,0.013,0.015,0.013999999999999999,0.0013847759759156647,136.85
HTPM,1,28,32,0.01,0.013,0.0115,0.002201726355300304,98.805
HTPM,1,28,33,0.008,0.01,0.009000000000000001,0.0016046353728642283,179.64999999999998
HTPM,1,28,34,0.006,0.008,0.007,0.001793379406442975,347.95
HTPM,1,28,35,0.005,0.006,0.0055,0.0010062024121419936,598.8
HTPM,1,28,36,0.004,0.005,0.0045000000000000005,4.845716464552127e-05,990.7
HTPM,1,28,37,0.00385,0.004,0.003925,4.0149417231555145e-09,1309.5
HTPM,1,28,38,0.0037,0.00385,0.003775,1.8035096050469963e-06,1339.5
HTPM,1,28,39,0.00355,0.0037,0.003625,6.575044124398604e-08,1513.5
HTPM,1,28,40,0.0033,0.00355,0.003425,1.5041326168020846e-06,1540.5
HTPM,1,28,41,0.00307,0.0033,0.003185,7.85694033832356e-07,1971.0
HTPM,1,28,42,0.003,0.00307,0.003035,5.331135162406457e-09,1911.0
HTPM,1,28,43,0.00259,0.003,0.0027949999999999997,2.2674248796901244e-08,2211.5
HTPM,1,28,44,0.00253,0.00259,0.0025599999999999998,1.4425561665289704e-11,1835.0
HTPM,1,28,45,0.00248,0.00253,0.0025050000000000003,3.405427595985788e-12,1561.5
HTPM,1,28,46,0.002,0.00248,0.00224,3.872924843990256e-09,1042.8
HTPM,1,28,47,0.0015,0.002,0.00175,5.820479188115811e-10,1820.5
HTPM,1,28,48,0.001,0.0015,0.00125,1.5727704211298864e-11,3783.0
HTPM,1,29,1,15.0,20.0,17.5,0.0,0.05932
HTPM,1,29,2,10.0,15.0,12.5,1.1475746825507975e-12,0.05315
HTPM,1,29,3,8.0,10.0,9.0,1.1323741199686674e-11,0.048235
HTPM,1,29,4,6.0,8.0,7.0,7.842325267430611e-11,0.045329999999999995
HTPM,1,29,5,5.0,6.0,5.5,1.3802197866667916e-10,0.043315
HTPM,1,29,6,4.0,5.0,4.5,3.382539461412938e-10,0.042345
HTPM,1,29,7,3.0,4.0,3.5,2.236931595405914e-05,0.042155
HTPM,1,29,8,2.0,3.0,2.5,0.005834582200682912,0.0442
HTPM,1,29,9,1.5,2.0,1.75,0.002404487626071172,0.04914
HTPM,1,29,10,1.25,1.5,1.375,0.015053804590236152,0.05549
HTPM,1,29,11,1.0,1.25,1.125,0.013963727906220337,0.06489
HTPM,1,29,12,0.8,1.0,0.9,0.016719714941676102,0.07986
HTPM,1,29,13,0.6,0.8,0.7,0.7911222432487374,0.10675
HTPM,1,29,14,0.5,0.6,0.55,0.028615255742514147,0.1431
HTPM,1,29,15,0.4,0.5,0.45,0.013357362550491166,0.19685
HTPM,1,29,16,0.3,0.4,0.35,0.015593256336316535,0.3177
HTPM,1,29,17,0.2,0.3,0.25,0.016148819239191654,0.7008000000000001
HTPM,1,29,18,0.15,0.2,0.175,0.012261469111165041,1.5062499999999999
HTPM,1,29,19,0.1,0.15,0.125,0.018881020348615916,3.7815000000000003
HTPM,1,29,20,0.088,0.1,0.094,0.004207728641086244,6.616
HTPM,1,29,21,0.08,0.088,0.08399999999999999,0.003482821996849058,2.1645
HTPM,1,29,22,0.06,0.08,0.07,0.008616363825874458,3.7199999999999998
HTPM,1,29,23,0.05,0.06,0.055,0.0034059906101603934,6.531000000000001
HTPM,1,29,24,0.04,0.05,0.045,0.005311308566854075,11.2005
HTPM,1,29,25,0.03,0.04,0.035,0.008217978857859158,22.34
HTPM,1,29,26,0.02,0.03,0.025,0.0056656870608814665,58.34
HTPM,1,29,27,0.0159,0.02,0.01795,0.002564808952239545,120.58000000000001
HTPM,1,29,28,0.0155,0.0159,0.0157,0.0002627003039126488,138.0
HTPM,1,29,29,0.0152,0.0155,0.015349999999999999,0.00019218715216692852,145.05
HTPM,1,29,30,0.015,0.0152,0.015099999999999999,0.00012600434459034935,109.69999999999999
HTPM,1,29,31,0.013,0.015,0.013999999999999999,0.001371990961024929,136.85
HTPM,1,29,32,0.01,0.013,0.0115,0.0021809133124664174,98.805
HTPM,1,29,33,0.008,0.01,0.009000000000000001,0.001589656455566264,179.64999999999998
HTPM,1,29,34,0.006,0.008,0.007,0.0017768438261680077,347.95
HTPM,1,29,35,0.005,0.006,0.0055,0.0009959088556728043,598.8
HTPM,1,29,36,0.004,0.005,0.0045000000000000005,4.880299552508446e-05,990.7
HTPM,1,29,37,0.00385,0.004,0.003925,4.0132213651688235e-09,1309.5
HTPM,1,29,38,0.0037,0.00385,0.003775,1.7857271414001807e-06,1339.5
HTPM,1,29,39,0.00355,0.0037,0.003625,6.648044969039281e-08,1513.5
HTPM,1,29,40,0.0033,0.00355,0.003425,1.5073363953056569e-06,1540.5
HTPM,1,29,41,0.00307,0.0033,0.003185,7.94538511521518e-07,1971.0
HTPM,1,29,42,0.003,0.00307,0.003035,5.353460876854292e-09,1911.0
HTPM,1,29,43,0.00259,0.003,0.0027949999999999997,2.166806299882625e-08,2211.5
HTPM,1,29,44,0.00253,0.00259,0.0025599999999999998,1.4440095894781422e-11,1835.0
HTPM,1,29,45,0.00248,0.00253,0.0025050000000000003,2.4896025744876417e-12,1561.5
HTPM,1,29,46,0.002,0.00248,0.00224,3.826220465514294e-09,1042.8
HTPM,1,29,47,0.0015,0.002,0.00175,5.810269000429036e-10,1820.5
HTPM,1,29,48,0.001,0.0015,0.00125,1.4638973688142068e-11,3783.0
HTPM,1,30,1,15.0,20.0,17.5,0.0,0.05932
HTPM,1,30,2,10.0,15.0,12.5,1.1176076949583736e-12,0.05315
HTPM,1,30,3,8.0,10.0,9.0,1.1029127532536503e-11,0.048235
HTPM,1,30,4,6.0,8.0,7.0,7.639846368380143e-11,0.045329999999999995
HTPM,1,30,5,5.0,6.0,5.5,1.3448207414204468e-10,0.043315
HTPM,1,30,6,4.0,5.0,4.5,3.296460316069859e-10,0.042345
HTPM,1,30,7,3.0,4.0,3.5,2.1348964317459414e-05,0.042155
HTPM,1,30,8,2.0,3.0,2.5,0.005493846640437129,0.0442
HTPM,1,30,9,1.5,2.0,1.75,0.0023303889181425673,0.04914
HTPM,1,30,10,1.25,1.5,1.375,0.014892803797015344,0.05549
HTPM,1,30,11,1.0,1.25,1.125,0.013734235771573868,0.06489
HTPM,1,30,12,0.8,1.0,0.9,0.016471029026588244,0.07986
HTPM,1,30,13,0.6,0.8,0.7,0.7946236410696308,0.10675
HTPM,1,30,14,0.5,0.6,0.55,0.027862333894528645,0.1431
HTPM,1,30,15,0.4,0.5,0.45,0.01315720288445406,0.19685
HTPM,1,30,16,0.3,0.4,0.35,0.01536689423372266,0.3177
HTPM,1,30,17,0.2,0.3,0.25,0.015934753360874764,0.7008000000000001
HTPM,1,30,18,0.15,0.2,0.175,0.012109278528586153,1.5062499999999999
HTPM,1,30,19,0.1,0.15,0.125,0.0184786945474906,3.7815000000000003
HTPM,1,30,20,0.088,0.1,0.094,0.004160838384406829,6.616
HTPM,1,30,21,0.08,0.088,0.08399999999999999,0.0034309997685260927,2.1645
HTPM,1,30,22,0.06,0.08,0.07,0.008526789855146898,3.7199999999999998
HTPM,1,30,23,0.05,0.06,0.055,0.003375503598448408,6.531000000000001
HTPM,1,30,24,0.04,0.05,0.045,0.005249963416498689,11.2005
HTPM,1,30,25,0.03,0.04,0.035,0.008151918202444519,22.34
HTPM,1,30,26,0.02,0.03,0.025,0.0056124961927869425,58.34
HTPM,1,30,27,0.0159,0.02,0.01795,0.002541674997091709,120.58000000000001
HTPM,1,30,28,0.0155,0.0159,0.0157,0.00026031339418908364,138.0
HTPM,1,30,29,0.0152,0.0155,0.015349999999999999,0.00019043060198522158,145.05
HTPM,1,30,30,0.015,0.0152,0.015099999999999999,0.00012485030320621228,109.69999999999999
HTPM,1,30,31,0.013,0.015,0.013999999999999999,0.00136001160778763,136.85
HTPM,1,30,32,0.01,0.013,0.0115,0.0021613513889959784,98.805
HTPM,1,30,33,0.008,0.01,0.009000000000000001,0.0015755678858184177,179.64999999999998
HTPM,1,30,34,0.006,0.008,0.007,0.00176130436622725,347.95
HTPM,1,30,35,0.005,0.006,0.0055,0.0009862130480408837,598.8
HTPM,1,30,36,0.004,0.005,0.0045000000000000005,4.913614785358105e-05,990.7
HTPM,1,30,37,0.00385,0.004,0.003925,4.016840819275407e-09,1309.5
HTPM,1,30,38,0.0037,0.00385,0.003775,1.7675838218508993e-06,1339.5
HTPM,1,30,39,0.00355,0.0037,0.003625,6.719080988891135e-08,1513.5
HTPM,1,30,40,0.0033,0.00355,0.003425,1.5122240887868113e-06,1540.5
HTPM,1,30,41,0.00307,0.0033,0.003185,8.031401231391315e-07,1971.0
HTPM,1,30,42,0.003,0.00307,0.003035,5.37604151407401e-09,1911.0
HTPM,1,30,43,0.00259,0.003,0.0027949999999999997,2.070648799322683e-08,2211.5
HTPM,1,30,44,0.00253,0.00259,0.0025599999999999998,1.4455733374701683e-11,1835.0
HTPM,1,30,45,0.00248,0.00253,0.0025050000000000003,1.8193419386280907e-12,1561.5
HTPM,1,30,46,0.002,0.00248,0.00224,3.800923684118214e-09,1042.8
HTPM,1,30,47,0.0015,0.002,0.00175,5.814775907499157e-10,1820.5
HTPM,1,30,48,0.001,0.0015,0.00125,1.361973302954156e-11,3783.0
HTPM,1,31,1,15.0,20.0,17.5,0.0,0.05932
HTPM,1,31,2,10.0,15.0,12.5,1.0914798978202402e-12,0.05315
HTPM,1,31,3,8.0,10.0,9.0,1.07723933564241e-11,0.048235
HTPM,1,31,4,6.0,8.0,7.0,7.46312211011131e-11,0.045329999999999995
HTPM,1,31,5,5.0,6.0,5.5,1.3139724294052178e-10,0.043315
HTPM,1,31,6,4.0,5.0,4.5,3.221371188083944e-10,0.042345
HTPM,1,31,7,3.0,4.0,3.5,2.0367904500765912e-05,0.042155
HTPM,1,31,8,2.0,3.0,2.5,0.0051711854030426965,0.0442
HTPM,1,31,9,1.5,2.0,1.75,0.0022595344668417876,0.04914
HTPM,1,31,10,1.25,1.5,1.375,0.014734978620573243,0.05549
HTPM,1,31,11,1.0,1.25,1.125,0.013511682851080512,0.06489
HTPM,1,31,12,0.8,1.0,0.9,0.016228800591072737,0.07986
HTPM,1,31,13,0.6,0.8,0.7,0.7979744523189297,0.10675
HTPM,1,31,14,0.5,0.6,0.55,0.02712892104651135,0.1431
HTPM,1,31,15,0.4,0.5,0.45,0.012965703392474945,0.19685
HTPM,1,31,16,0.3,0.4,0.35,0.015153778430896747,0.3177
HTPM,1,31,17,0.2,0.3,0.25,0.015732365423753808,0.7008000000000001
HTPM,1,31,18,0.15,0.2,0.175,0.01196530561026591,1.5062499999999999
HTPM,1,31,19,0.1,0.15,0.125,0.018098379058056932,3.7815000000000003
HTPM,1,31,20,0.088,0.1,0.094,0.0041168295080166555,6.616
HTPM,1,31,21,0.08,0.088,0.08399999999999999,0.003381685291947484,2.1645
HTPM,1,31,22,0.06,0.08,0.07,0.008442716764487284,3.7199999999999998
HTPM,1,31,23,0.05,0.06,0.055,0.0033470795625225504,6.531000000000001
HTPM,1,31,24,0.04,0.05,0.045,0.005192039854381926,11.2005
HTPM,1,31,25,0.03,0.04,0.035,0.008090038737942389,22.34
HTPM,1,31,26,0.02,0.03,0.025,0.005562270520035968,58.34
HTPM,1,31,27,0.0159,0.02,0.01795,0.0025199448047830155,120.58000000000001
HTPM,1,31,28,0.0155,0.0159,0.0157,0.00025806954125628836,138.0
HTPM,1,31,29,0.0152,0.0155,0.015349999999999999,0.00018878167881357318,145.05
HTPM,1,31,30,0.015,0.0152,0.015099999999999999,0.00012377026198305433,109.69999999999999
HTPM,1,31,31,0.013,0.015,0.013999999999999999,0.0013487269969980362,136.85
HTPM,1,31,32,0.01,0.013,0.0115,0.0021429325931807625,98.805
HTPM,1,31,33,0.008,0.01,0.009000000000000001,0.0015623080571288673,179.64999999999998
HTPM,1,31,34,0.006,0.008,0.007,0.0017466484050127648,347.95
HTPM,1,31,35,0.005,0.006,0.0055,0.0009770626947383943,598.8
HTPM,1,31,36,0.004,0.005,0.0045000000000000005,4.9458409952983676e-05,990.7
HTPM,1,31,37,0.00385,0.004,0.003925,4.025000635390717e-09,1309.5
HTPM,1,31,38,0.0037,0.00385,0.003775,1.7490118524717594e-06,1339.5
HTPM,1,31,39,0.00355,0.0037,0.003625,6.788260773602472e-08,1513.5
HTPM,1,31,40,0.0033,0.00355,0.003425,1.5186480058242881e-06,1540.5
HTPM,1,31,41,0.00307,0.0033,0.003185,8.115074686407405e-07,1971.0
HTPM,1,31,42,0.003,0.00307,0.003035,5.39898256114675e-09,1911.0
HTPM,1,31,43,0.00259,0.003,0.0027949999999999997,1.9782600971735117e-08,2211.5
HTPM,1,31,44,0.00253,0.00259,0.0025599999999999998,1.4473721444780257e-11,1835.0
HTPM,1,31,45,0.00248,0.00253,0.0025050000000000003,1.3290232186670727e-12,1561.5
HTPM,1,31,46,0.002,0.00248,0.00224,3.7908444948725596e-09,1042.8
HTPM,1,31,47,0.0015,0.002,0.00175,5.829546232318813e-10,1820.5
HTPM,1,31,48,0.001,0.0015,0.00125,1.2666641322039279e-11,3783.0
HTPM,1,32,1,15.0,20.0,17.5,0.0,0.05932
HTPM,1,32,2,10.0,15.0,12.5,1.0687984334223693e-12,0.05315
HTPM,1,32,3,8.0,10.0,9.0,1.054909628323839e-11,0.048235
HTPM,1,32,4,6.0,8.0,7.0,7.309953825212521e-11,0.045329999999999995
HTPM,1,32,5,5.0,6.0,5.5,1.2871854170886434e-10,0.043315
HTPM,1,32,6,4.0,5.0,4.5,3.156328188919388e-10,0.042345
HTPM,1,32,7,3.0,4.0,3.5,1.9424967509180288e-05,0.042155
HTPM,1,32,8,2.0,3.0,2.5,0.00486583526476201,0.0442
HTPM,1,32,9,1.5,2.0,1.75,0.0021919334677498164,0.04914
HTPM,1,32,10,1.25,1.5,1.375,0.014580825399861535,0.05549
HTPM,1,32,11,1.0,1.25,1.125,0.013296046108061895,0.06489
HTPM,1,32,12,0.8,1.0,0.9,0.015992436188127217,0.07986
HTPM,1,32,13,0.6,0.8,0.7,0.8011740367838941,0.10675
HTPM,1,32,14,0.5,0.6,0.55,0.026417941984178933,0.1431
HTPM,1,32,15,0.4,0.5,0.45,0.012782748022432268,0.19685
HTPM,1,32,16,0.3,0.4,0.35,0.0149528932651333,0.3177
HTPM,1,32,17,0.2,0.3,0.25,0.015542151965579969,0.7008000000000001
HTPM,1,32,18,0.15,0.2,0.175,0.011829943150445724,1.5062499999999999
HTPM,1,32,19,0.1,0.15,0.125,0.017739556256993364,3.7815000000000003
HTPM,1,32,20,0.088,0.1,0.094,0.004075713501755341,6.616
HTPM,1,32,21,0.08,0.088,0.08399999999999999,0.003335470439423617,2.1645
HTPM,1,32,22,0.06,0.08,0.07,0.00836360162059026,3.7199999999999998
HTPM,1,32,23,0.05,0.06,0.055,0.0033204010426782548,6.531000000000001
HTPM,1,32,24,0.04,0.05,0.045,0.005137492341213163,11.2005
HTPM,1,32,25,0.03,0.04,0.035,0.008032067978039157,22.34
HTPM,1,32,26,0.02,0.03,0.025,0.0055149878166914496,58.34
HTPM,1,32,27,0.0159,0.02,0.01795,0.002499494185717097,120.58000000000001
HTPM,1,32,28,0.0155,0.0159,0.0157,0.0002559606697292584,138.0
HTPM,1,32,29,0.0152,0.0155,0.015349999999999999,0.00018723320978154736,145.05
HTPM,1,32,30,0.015,0.0152,0.015099999999999999,0.0001227526646812268,109.69999999999999
HTPM,1,32,31,0.013,0.015,0.013999999999999999,0.0013381859391088222,136.85
HTPM,1,32,32,0.01,0.013,0.0115,0.0021256543958521135,98.805
HTPM,1,32,33,0.008,0.01,0.009000000000000001,0.0015498661942396521,179.64999999999998
HTPM,1,32,34,0.006,0.008,0.007,0.0017329045700322555,347.95
HTPM,1,32,35,0.005,0.006,0.0055,0.0009684930854369786,598.8
HTPM,1,32,36,0.004,0.005,0.0045000000000000005,4.976945705550253e-05,990.7
HTPM,1,32,37,0.00385,0.004,0.003925,4.036649400843799e-09,1309.5
HTPM,1,32,38,0.0037,0.00385,0.003775,1.7302305213094891e-06,1339.5
HTPM,1,32,39,0.00355,0.0037,0.003625,6.855451969256385e-08,1513.5
HTPM,1,32,40,0.0033,0.00355,0.003425,1.5263572093308079e-06,1540.5
HTPM,1,32,41,0.00307,0.0033,0.003185,8.196321118340869e-07,1971.0
HTPM,1,32,42,0.003,0.00307,0.003035,5.422068339932631e-09,1911.0
HTPM,1,32,43,0.00259,0.003,0.0027949999999999997,1.8897007961839928e-08,2211.5
HTPM,1,32,44,0.00253,0.00259,0.0025599999999999998,1.4492064959063831e-11,1835.0
HTPM,1,32,45,0.00248,0.00253,0.0025050000000000003,9.704369995892884e-13,1561.5
HTPM,1,32,46,0.002,0.00248,0.00224,3.791699450831458e-09,1042.8
HTPM,1,32,47,0.0015,0.002,0.00175,5.851508292187077e-10,1820.5
HTPM,1,32,48,0.001,0.0015,0.00125,1.177566704838053e-11,3783.0
HTPM,1,33,1,15.0,20.0,17.5,0.0,0.05932
HTPM,1,33,2,10.0,15.0,12.5,1.0491468812852946e-12,0.05315
HTPM,1,33,3,8.0,10.0,9.0,1.0356424487408974e-11,0.048235
HTPM,1,33,4,6.0,8.0,7.0,7.177514238302575e-11,0.045329999999999995
HTPM,1,33,5,5.0,6.0,5.5,1.2640759921851697e-10,0.043315
HTPM,1,33,6,4.0,5.0,4.5,3.100170765234093e-10,0.042345
HTPM,1,33,7,3.0,4.0,3.5,1.852001545500378e-05,0.042155
HTPM,1,33,8,2.0,3.0,2.5,0.004577103500971989,0.0442
HTPM,1,33,9,1.5,2.0,1.75,0.0021274675269942313,0.04914
HTPM,1,33,10,1.25,1.5,1.375,0.014430930894816868,0.05549
HTPM,1,33,11,1.0,1.25,1.125,0.01308734024512659,0.06489
HTPM,1,33,12,0.8,1.0,0.9,0.01576294631661195,0.07986
HTPM,1,33,13,0.6,0.8,0.7,0.8042286769380881,0.10675
HTPM,1,33,14,0.5,0.6,0.55,0.025726685998864397,0.1431
HTPM,1,33,15,0.4,0.5,0.45,0.012607937254516898,0.19685
HTPM,1,33,16,0.3,0.4,0.35,0.014764438875009942,0.3177
HTPM,1,33,17,0.2,0.3,0.25,0.0153629287879019,0.7008000000000001
HTPM,1,33,18,0.15,0.2,0.175,0.011702415731119749,1.5062499999999999
HTPM,1,33,19,0.1,0.15,0.125,0.01740125134712407,3.7815000000000003
HTPM,1,33,20,0.088,0.1,0.094,0.004036859855506816,6.616
HTPM,1,33,21,0.08,0.088,0.08399999999999999,0.0032918062576456236,2.1645
HTPM,1,33,22,0.06,0.08,0.07,0.008289399553134465,3.7199999999999998
HTPM,1,33,23,0.05,0.06,0.055,0.0032955354713385563,6.531000000000001
HTPM,1,33,24,0.04,0.05,0.045,0.005086291316301449,11.2005
HTPM,1,33,25,0.03,0.04,0.035,0.007978247650346819,22.34
HTPM,1,33,26,0.02,0.03,0.025,0.00547047365390902,58.34
HTPM,1,33,27,0.0159,0.02,0.01795,0.0024804552364845406,120.58000000000001
HTPM,1,33,28,0.0155,0.0159,0.0157,0.00025398494243247615,138.0
HTPM,1,33,29,0.0152,0.0155,0.015349999999999999,0.0001857785143908888,145.05
HTPM,1,33,30,0.015,0.0152,0.015099999999999999,0.00012179653822394593,109.69999999999999
HTPM,1,33,31,0.013,0.015,0.013999999999999999,0.001328347314131761,136.85
HTPM,1,33,32,0.01,0.013,0.0115,0.0021094429941450584,98.805
HTPM,1,33,33,0.008,0.01,0.009000000000000001,0.0015382063704603465,179.64999999999998
HTPM,1,33,34,0.006,0.008,0.007,0.001720036963948886,347.95
HTPM,1,33,35,0.005,0.006,0.0055,0.0009604488604726837,598.8
HTPM,1,33,36,0.004,0.005,0.0045000000000000005,5.006940772133015e-05,990.7
HTPM,1,33,37,0.00385,0.004,0.003925,4.0511228757616895e-09,1309.5
HTPM,1,33,38,0.0037,0.00385,0.003775,1.7110831847240717e-06,1339.5
HTPM,1,33,39,0.00355,0.0037,0.003625,6.921091514465865e-08,1513.5
HTPM,1,33,40,0.0033,0.00355,0.003425,1.5353378788416722e-06,1540.5
HTPM,1,33,41,0.00307,0.0033,0.003185,8.275579813477264e-07,1971.0
HTPM,1,33,42,0.003,0.00307,0.003035,5.445541520883776e-09,1911.0
HTPM,1,33,43,0.00259,0.003,0.0027949999999999997,1.8046302308694304e-08,2211.5
HTPM,1,33,44,0.00253,0.00259,0.0025599999999999998,1.4512367773424934e-11,1835.0
HTPM,1,33,45,0.00248,0.00253,0.0025050000000000003,7.083932623603321e-13,1561.5
HTPM,1,33,46,0.002,0.00248,0.00224,3.8002670858113495e-09,1042.8
HTPM,1,33,47,0.0015,0.002,0.00175,5.878400048737507e-10,1820.5
HTPM,1,33,48,0.001,0.0015,0.00125,1.09436534319866e-11,3783.0
HTPM,1,34,1,15.0,20.0,17.5,0.0,0.05932
HTPM,1,34,2,10.0,15.0,12.5,1.0322639688766755e-12,0.05315
HTPM,1,34,3,8.0,10.0,9.0,1.0190339964795965e-11,0.048235
HTPM,1,34,4,6.0,8.0,7.0,7.063518400633062e-11,0.045329999999999995
HTPM,1,34,5,5.0,6.0,5.5,1.2442061875746625e-10,0.043315
HTPM,1,34,6,4.0,5.0,4.5,3.052025064654834e-10,0.042345
HTPM,1,34,7,3.0,4.0,3.5,1.7652009140326326e-05,0.042155
HTPM,1,34,8,2.0,3.0,2.5,0.004304280293397393,0.0442
HTPM,1,34,9,1.5,2.0,1.75,0.0020660439639041154,0.04914
HTPM,1,34,10,1.25,1.5,1.375,0.014284403841357695,0.05549
HTPM,1,34,11,1.0,1.25,1.125,0.012885473082528668,0.06489
HTPM,1,34,12,0.8,1.0,0.9,0.015539197532492232,0.07986
HTPM,1,34,13,0.6,0.8,0.7,0.80714289959367,0.10675
HTPM,1,34,14,0.5,0.6,0.55,0.02505903086158495,0.1431
HTPM,1,34,15,0.4,0.5,0.45,0.0124411628369828,0.19685
HTPM,1,34,16,0.3,0.4,0.35,0.01458558182723923,0.3177
HTPM,1,34,17,0.2,0.3,0.25,0.015193755108650583,0.7008000000000001
HTPM,1,34,18,0.15,0.2,0.175,0.011582704215006855,1.5062499999999999
HTPM,1,34,19,0.1,0.15,0.125,0.017083058628513243,3.7815000000000003
HTPM,1,34,20,0.088,0.1,0.094,0.004000454550215336,6.616
HTPM,1,34,21,0.08,0.088,0.08399999999999999,0.0032505857083406655,2.1645
HTPM,1,34,22,0.06,0.08,0.07,0.008219999558711626,3.7199999999999998
HTPM,1,34,23,0.05,0.06,0.055,0.0032724305874805193,6.531000000000001
HTPM,1,34,24,0.04,0.05,0.045,0.00503821323247798,11.2005
HTPM,1,34,25,0.03,0.04,0.035,0.007928041127212066,22.34
HTPM,1,34,26,0.02,0.03,0.025,0.005428783876621456,58.34
HTPM,1,34,27,0.0159,0.02,0.01795,0.0024626200107078357,120.58000000000001
HTPM,1,34,28,0.0155,0.0159,0.0157,0.0002521365495203629,138.0
HTPM,1,34,29,0.0152,0.0155,0.015349999999999999,0.00018441998027741985,145.05
HTPM,1,34,30,0.015,0.0152,0.015099999999999999,0.00012090699898632572,109.69999999999999
HTPM,1,34,31,0.013,0.015,0.013999999999999999,0.0013191190332756968,136.85
HTPM,1,34,32,0.01,0.013,0.0115,0.002094305511868135,98.805
HTPM,1,34,33,0.008,0.01,0.009000000000000001,0.001527297628913356,179.64999999999998
HTPM,1,34,34,0.006,0.008,0.007,0.0017079938435156437,347.95
HTPM,1,34,35,0.005,0.006,0.0055,0.0009529141024529964,598.8
HTPM,1,34,36,0.004,0.005,0.0045000000000000005,5.035992077885001e-05,990.7
HTPM,1,34,37,0.00385,0.004,0.003925,4.0679996851057655e-09,1309.5
HTPM,1,34,38,0.0037,0.00385,0.003775,1.6917450399753276e-06,1339.5
HTPM,1,34,39,0.00355,0.0037,0.003625,6.984900986378736e-08,1513.5
HTPM,1,34,40,0.0033,0.00355,0.003425,1.5454000388461476e-06,1540.5
HTPM,1,34,41,0.00307,0.0033,0.003185,8.352818433497995e-07,1971.0
HTPM,1,34,42,0.003,0.00307,0.003035,5.46936366590677e-09,1911.0
HTPM,1,34,43,0.00259,0.003,0.0027949999999999997,1.7229030792978598e-08,2211.5
HTPM,1,34,44,0.00253,0.00259,0.0025599999999999998,1.4533994630406701e-11,1835.0
HTPM,1,34,45,0.00248,0.00253,0.0025050000000000003,5.169302074631374e-13,1561.5
HTPM,1,34,46,0.002,0.00248,0.00224,3.814304872240949e-09,1042.8
HTPM,1,34,47,0.0015,0.002,0.00175,5.90845631354446e-10,1820.5
HTPM,1,34,48,0.001,0.0015,0.00125,1.0167070726202836e-11,3783.0
HTPM,1,35,1,15.0,20.0,17.5,0.0,0.05932
HTPM,1,35,2,10.0,15.0,12.5,1.0177827296642755e-12,0.05315
HTPM,1,35,3,8.0,10.0,9.0,1.0048184552441114e-11,0.048235
HTPM,1,35,4,6.0,8.0,7.0,6.966046635186104e-11,0.045329999999999995
HTPM,1,35,5,5.0,6.0,5.5,1.2271915262927002e-10,0.043315
HTPM,1,35,6,4.0,5.0,4.5,3.0108041591566846e-10,0.042345
HTPM,1,35,7,3.0,4.0,3.5,1.6818503739614855e-05,0.042155
HTPM,1,35,8,2.0,3.0,2.5,0.0040466649876555565,0.0442
HTPM,1,35,9,1.5,2.0,1.75,0.002007496363943142,0.04914
HTPM,1,35,10,1.25,1.5,1.375,0.014141308118893057,0.05549
HTPM,1,35,11,1.0,1.25,1.125,0.012689944608370491,0.06489
HTPM,1,35,12,0.8,1.0,0.9,0.01532161580402505,0.07986
HTPM,1,35,13,0.6,0.8,0.7,0.8099237385560212,0.10675
HTPM,1,35,14,0.5,0.6,0.55,0.024411127316101622,0.1431
HTPM,1,35,15,0.4,0.5,0.45,0.012281986329797455,0.19685
HTPM,1,35,16,0.3,0.4,0.35,0.014418351424852371,0.3177
HTPM,1,35,17,0.2,0.3,0.25,0.01503542668822225,0.7008000000000001
HTPM,1,35,18,0.15,0.2,0.175,0.011470162255655277,1.5062499999999999
HTPM,1,35,19,0.1,0.15,0.125,0.016782738996841687,3.7815000000000003
HTPM,1,35,20,0.088,0.1,0.094,0.003966356236395649,6.616
HTPM,1,35,21,0.08,0.088,0.08399999999999999,0.003211695253115698,2.1645
HTPM,1,35,22,0.06,0.08,0.07,0.008154788393986995,3.7199999999999998
HTPM,1,35,23,0.05,0.06,0.055,0.0032510329114853105,6.531000000000001
HTPM,1,35,24,0.04,0.05,0.045,0.004993024992199685,11.2005
HTPM,1,35,25,0.03,0.04,0.035,0.007881392735922456,22.34
HTPM,1,35,26,0.02,0.03,0.025,0.005389533215063998,58.34
HTPM,1,35,27,0.0159,0.02,0.01795,0.0024459648150463886,120.58000000000001
HTPM,1,35,28,0.0155,0.0159,0.0157,0.00025040953333039286,138.0
HTPM,1,35,29,0.0152,0.0155,0.015349999999999999,0.0001831492192932943,145.05
HTPM,1,35,30,0.015,0.0152,0.015099999999999999,0.00012007327340023018,109.69999999999999
HTPM,1,35,31,0.013,0.015,0.013999999999999999,0.0013105554050820373,136.85
HTPM,1,35,32,0.01,0.013,0.0115,0.002080127261219656,98.805
HTPM,1,35,33,0.008,0.01,0.009000000000000001,0.0015171083603099183,179.64999999999998
HTPM,1,35,34,0.006,0.008,0.007,0.001696722101329552,347.95
HTPM,1,35,35,0.005,0.006,0.0055,0.0009458724652645341,598.8
HTPM,1,35,36,0.004,0.005,0.0045000000000000005,5.064127436041267e-05,990.7
HTPM,1,35,37,0.00385,0.004,0.003925,4.086426129049048e-09,1309.5
HTPM,1,35,38,0.0037,0.00385,0.003775,1.6721325061676719e-06,1339.5
HTPM,1,35,39,0.00355,0.0037,0.003625,7.047131178876315e-08,1513.5
HTPM,1,35,40,0.0033,0.00355,0.003425,1.5562253804654067e-06,1540.5
HTPM,1,35,41,0.00307,0.0033,0.003185,8.427918752392454e-07,1971.0
HTPM,1,35,42,0.003,0.00307,0.003035,5.493183354169599e-09,1911.0
HTPM,1,35,43,0.00259,0.003,0.0027949999999999997,1.644357535756412e-08,2211.5
HTPM,1,35,44,0.00253,0.00259,0.0025599999999999998,1.4556314364934975e-11,1835.0
HTPM,1,35,45,0.00248,0.00253,0.0025050000000000003,3.770920778148914e-13,1561.5
HTPM,1,35,46,0.002,0.00248,0.00224,3.831873686206792e-09,1042.8
HTPM,1,35,47,0.0015,0.002,0.00175,5.940408117494788e-10,1820.5
HTPM,1,35,48,0.001,0.0015,0.00125,9.442514861269044e-12,3783.0
HTPM,1,36,1,15.0,20.0,17.5,0.0,0.05932
HTPM,1,36,2,10.0,15.0,12.5,1.0054981768618402e-12,0.05315
HTPM,1,36,3,8.0,10.0,9.0,9.92760669599951e-12,0.048235
HTPM,1,36,4,6.0,8.0,7.0,6.883389144251942e-11,0.045329999999999995
HTPM,1,36,5,5.0,6.0,5.5,1.212801376878954e-10,0.043315
HTPM,1,36,6,4.0,5.0,4.5,2.975825720396377e-10,0.042345
HTPM,1,36,7,3.0,4.0,3.5,1.6021356575572347e-05,0.042155
HTPM,1,36,8,2.0,3.0,2.5,0.003803566183848713,0.0442
HTPM,1,36,9,1.5,2.0,1.75,0.0019517976485609397,0.04914
HTPM,1,36,10,1.25,1.5,1.375,0.014002370102407532,0.05549
HTPM,1,36,11,1.0,1.25,1.125,0.012501215190326565,0.06489
HTPM,1,36,12,0.8,1.0,0.9,0.015110698423178083,0.07986
HTPM,1,36,13,0.6,0.8,0.7,0.8125682141764746,0.10675
HTPM,1,36,14,0.5,0.6,0.55,0.023783982054191626,0.1431
HTPM,1,36,15,0.4,0.5,0.45,0.012130347960985829,0.19685
HTPM,1,36,16,0.3,0.4,0.35,0.014261734766064127,0.3177
HTPM,1,36,17,0.2,0.3,0.25,0.014887657381160622,0.7008000000000001
HTPM,1,36,18,0.15,0.2,0.175,0.01136464314398095,1.5062499999999999
HTPM,1,36,19,0.1,0.15,0.125,0.016501392178400943,3.7815000000000003
HTPM,1,36,20,0.088,0.1,0.094,0.0039346005516183976,6.616
HTPM,1,36,21,0.08,0.088,0.08399999999999999,0.0031754637923473777,2.1645
HTPM,1,36,22,0.06,0.08,0.07,0.008094260323737815,3.7199999999999998
HTPM,1,36,23,0.05,0.06,0.055,0.003231240212643871,6.531000000000001
HTPM,1,36,24,0.04,0.05,0.045,0.004950875514297247,11.2005
HTPM,1,36,25,0.03,0.04,0.035,0.007838361037726477,22.34
HTPM,1,36,26,0.02,0.03,0.025,0.005353020919068223,58.34
HTPM,1,36,27,0.0159,0.02,0.01795,0.0024305787128606534,120.58000000000001
HTPM,1,36,28,0.0155,0.0159,0.0157,0.0002488037008411194,138.0
HTPM,1,36,29,0.0152,0.0155,0.015349999999999999,0.00018197154080483682,145.05
HTPM,1,36,30,0.015,0.0152,0.015099999999999999,0.00011930059906284784,109.69999999999999
HTPM,1,36,31,0.013,0.015,0.013999999999999999,0.0013026228881245138,136.85
HTPM,1,36,32,0.01,0.013,0.0115,0.00206696848705817,98.805
HTPM,1,36,33,0.008,0.01,0.009000000000000001,0.0015076439663866436,179.64999999999998
HTPM,1,36,34,0.006,0.008,0.007,0.0016862707175061492,347.95
HTPM,1,36,35,0.005,0.006,0.0055,0.0009392915085128641,598.8
HTPM,1,36,36,0.004,0.005,0.0045000000000000005,5.091304107890755e-05,990.7
HTPM,1,36,37,0.00385,0.004,0.003925,4.106416848122123e-09,1309.5
HTPM,1,36,38,0.0037,0.00385,0.003775,1.6523737579849238e-06,1339.5
HTPM,1,36,39,0.00355,0.0037,0.003625,7.108005766001897e-08,1513.5
HTPM,1,36,40,0.0033,0.00355,0.003425,1.5680501671278478e-06,1540.5
HTPM,1,36,41,0.00307,0.0033,0.003185,8.501296040713255e-07,1971.0
HTPM,1,36,42,0.003,0.00307,0.003035,5.517559024750681e-09,1911.0
HTPM,1,36,43,0.00259,0.003,0.0027949999999999997,1.5690883439954574e-08,2211.5
HTPM,1,36,44,0.00253,0.00259,0.0025599999999999998,1.4579378822264616e-11,1835.0
HTPM,1,36,45,0.00248,0.00253,0.0025050000000000003,2.75014021817377e-13,1561.5
HTPM,1,36,46,0.002,0.00248,0.00224,3.852103735484785e-09,1042.8
HTPM,1,36,47,0.0015,0.002,0.00175,5.973664668736193e-10,1820.5
HTPM,1,36,48,0.001,0.0015,0.00125,8.767136112628841e-12,3783.0
HTPM,30,0,1,15.0,20.0,17.5,2.550303993890642e-19,0.05932
HTPM,30,0,2,10.0,15.0,12.5,4.8020229013839535e-11,0.05315
HTPM,30,0,3,8.0,10.0,9.0,1.0755271604604318e-06,0.048235
HTPM,30,0,4,6.0,8.0,7.0,0.0014268139655050159,0.045329999999999995
HTPM,30,0,5,5.0,6.0,5.5,0.009377150829904764,0.043315
HTPM,30,0,6,4.0,5.0,4.5,0.021321454067580653,0.042345
HTPM,30,0,7,3.0,4.0,3.5,0.05303838699760221,0.042155
HTPM,30,0,8,2.0,3.0,2.5,0.1388400781566553,0.0442
HTPM,30,0,9,1.5,2.0,1.75,0.11893877966938791,0.04914
HTPM,30,0,10,1.25,1.5,1.375,0.09850173611235609,0.05549
HTPM,30,0,11,1.0,1.25,1.125,0.09436236500300056,0.06489
HTPM,30,0,12,0.8,1.0,0.9,0.11961474073361833,0.07986
HTPM,30,0,13,0.6,0.8,0.7,0.12207489409106702,0.10675
HTPM,30,0,14,0.5,0.6,0.55,0.05287710111305871,0.1431
HTPM,30,0,15,0.4,0.5,0.45,0.040225644376019866,0.19685
HTPM,30,0,16,0.3,0.4,0.35,0.03642826532589395,0.3177
HTPM,30,0,17,0.2,0.3,0.25,0.03492652953061866,0.7008000000000001
HTPM,30,0,18,0.15,0.2,0.175,0.012737085970022887,1.5062499999999999
HTPM,30,0,19,0.1,0.15,0.125,0.018417033454938933,3.7815000000000003
HTPM,30,0,20,0.088,0.1,0.094,0.0035736243156842887,6.616
HTPM,30,0,21,0.08,0.088,0.08399999999999999,0.002169193921659479,2.1645
HTPM,30,0,22,0.06,0.08,0.07,0.006737790934074414,3.7199999999999998
HTPM,30,0,23,0.05,0.06,0.055,0.0015596967384422472,6.531000000000001
HTPM,30,0,24,0.04,0.05,0.045,0.002405116705075406,11.2005
HTPM,30,0,25,0.03,0.04,0.035,0.0029690999264526097,22.34
HTPM,30,0,26,0.02,0.03,0.025,0.002641384404841356,58.34
HTPM,30,0,27,0.0159,0.02,0.01795,0.0017413559319998365,120.58000000000001
HTPM,30,0,28,0.0155,0.0159,0.0157,0.00010141467465920708,138.0
HTPM,30,0,29,0.0152,0.0155,0.015349999999999999,6.147565577005656e-05,145.05
HTPM,30,0,30,0.015,0.0152,0.015099999999999999,4.047932285328046e-05,109.69999999999999
HTPM,30,0,31,0.013,0.015,0.013999999999999999,0.0008546187357246492,136.85
HTPM,30,0,32,0.01,0.013,0.0115,0.0006683961488926215,98.805
HTPM,30,0,33,0.008,0.01,0.009000000000000001,0.0004774197149754902,179.64999999999998
HTPM,30,0,34,0.006,0.008,0.007,0.0005185742340784857,347.95
HTPM,30,0,35,0.005,0.006,0.0055,0.00030151387609991955,598.8
HTPM,30,0,36,0.004,0.005,0.0045000000000000005,2.5187591442265566e-05,990.7
HTPM,30,0,37,0.00385,0.004,0.003925,3.356827143877153e-06,1309.5
HTPM,30,0,38,0.0037,0.00385,0.003775,7.75178126859993e-07,1339.5
HTPM,30,0,39,0.00355,0.0037,0.003625,5.818345170362888e-07,1513.5
HTPM,30,0,40,0.0033,0.00355,0.003425,3.143336295212252e-05,1540.5
HTPM,30,0,41,0.00307,0.0033,0.003185,1.1348587712096546e-07,1971.0
HTPM,30,0,42,0.003,0.00307,0.003035,2.671077878505784e-09,1911.0
HTPM,30,0,43,0.00259,0.003,0.0027949999999999997,1.7784045218830657e-06,2211.5
HTPM,30,0,44,0.00253,0.00259,0.0025599999999999998,1.1676912086047404e-06,1835.0
HTPM,30,0,45,0.00248,0.00253,0.0025050000000000003,2.0580848181174357e-09,1561.5
HTPM,30,0,46,0.002,0.00248,0.00224,4.84461707133922e-06,1042.8
HTPM,30,0,47,0.0015,0.002,0.00175,4.5199413125170846e-07,1820.5
HTPM,30,0,48,0.001,0.0015,0.00125,1.407015017195527e-08,3783.0
HTPM,30,1,1,15.0,20.0,17.5,2.046422465316784e-33,0.05932
HTPM,30,1,2,10.0,15.0,12.5,4.1456524525227805e-12,0.05315
HTPM,30,1,3,8.0,10.0,9.0,4.0806492111776855e-11,0.048235
HTPM,30,1,4,6.0,8.0,7.0,2.812096129437442e-10,0.045329999999999995
HTPM,30,1,5,5.0,6.0,5.5,4.925586554976085e-10,0.043315
HTPM,30,1,6,4.0,5.0,4.5,1.200697752728619e-09,0.042345
HTPM,30,1,7,3.0,4.0,3.5,0.00010595916359121831,0.042155
HTPM,30,1,8,2.0,3.0,2.5,0.017397168313461327,0.0442
HTPM,30,1,9,1.5,2.0,1.75,0.1425873897554574,0.04914
HTPM,30,1,10,1.25,1.5,1.375,0.006948317150054024,0.05549
HTPM,30,1,11,1.0,1.25,1.125,0.014833475708147961,0.06489
HTPM,30,1,12,0.8,1.0,0.9,0.04264485662279052,0.07986
HTPM,30,1,13,0.6,0.8,0.7,0.5547664544128489,0.10675
HTPM,30,1,14,0.5,0.6,0.55,0.03687180068193672,0.1431
HTPM,30,1,15,0.4,0.5,0.45,0.09313411555588814,0.19685
HTPM,30,1,16,0.3,0.4,0.35,0.02048603306928728,0.3177
HTPM,30,1,17,0.2,0.3,0.25,0.010217526178140401,0.7008000000000001
HTPM,30,1,18,0.15,0.2,0.175,0.007407228534967355,1.5062499999999999
HTPM,30,1,19,0.1,0.15,0.125,0.02325216158916388,3.7815000000000003
HTPM,30,1,20,0.088,0.1,0.094,0.002938515835741444,6.616
HTPM,30,1,21,0.08,0.088,0.08399999999999999,0.00225500608741623,2.1645
HTPM,30,1,22,0.06,0.08,0.07,0.0045337714529029485,3.7199999999999998
HTPM,30,1,23,0.05,0.06,0.055,0.001921788783325109,6.531000000000001
HTPM,30,1,24,0.04,0.05,0.045,0.00318043178090926,11.2005
HTPM,30,1,25,0.03,0.04,0.035,0.00484721787003779,22.34
HTPM,30,1,26,0.02,0.03,0.025,0.003616656748534708,58.34
HTPM,30,1,27,0.0159,0.02,0.01795,0.0014185125658226216,120.58000000000001
HTPM,30,1,28,0.0155,0.0159,0.0157,0.0001373748384314915,138.0
HTPM,30,1,29,0.0152,0.0155,0.015349999999999999,0.00010071469267638669,145.05
HTPM,30,1,30,0.015,0.0152,0.015099999999999999,6.604617078464036e-05,109.69999999999999
HTPM,30,1,31,0.013,0.015,0.013999999999999999,0.0007692819656967822,136.85
HTPM,30,1,32,0.01,0.013,0.0115,0.0011439590514142402,98.805
HTPM,30,1,33,0.008,0.01,0.009000000000000001,0.0008342483876380402,179.64999999999998
HTPM,30,1,34,0.006,0.008,0.007,0.00093859457811497,347.95
HTPM,30,1,35,0.005,0.006,0.0055,0.0005963978711063072,598.8
HTPM,30,1,36,0.004,0.005,0.0045000000000000005,2.5040961518087922e-05,990.7
HTPM,30,1,37,0.00385,0.004,0.003925,2.00003695552238e-06,1309.5
HTPM,30,1,38,0.0037,0.00385,0.003775,8.257909705764484e-07,1339.5
HTPM,30,1,39,0.00355,0.0037,0.003625,3.885218896260095e-08,1513.5
HTPM,30,1,40,0.0033,0.00355,0.003425,4.36793969027837e-06,1540.5
HTPM,30,1,41,0.00307,0.0033,0.003185,6.335816737518436e-07,1971.0
HTPM,30,1,42,0.003,0.00307,0.003035,7.002404004613515e-10,1911.0
HTPM,30,1,43,0.00259,0.003,0.0027949999999999997,1.4589029703484105e-05,2211.5
HTPM,30,1,44,0.00253,0.00259,0.0025599999999999998,1.068461486941997e-09,1835.0
HTPM,30,1,45,0.00248,0.00253,0.0025050000000000003,2.797202114132599e-09,1561.5
HTPM,30,1,46,0.002,0.00248,0.00224,1.4727580270448e-06,1042.8
HTPM,30,1,47,0.0015,0.002,0.00175,1.8954487482717613e-08,1820.5
HTPM,30,1,48,0.001,0.0015,0.00125,9.317433367392659e-11,3783.0
HTPM,30,2,1,15.0,20.0,17.5,6.645361707533147e-49,0.05932
HTPM,30,2,2,10.0,15.0,12.5,5.758801163102572e-12,0.05315
HTPM,30,2,3,8.0,10.0,9.0,5.6684631222280106e-11,0.048235
HTPM,30,2,4,6.0,8.0,7.0,3.906148309127567e-10,0.045329999999999995
HTPM,30,2,5,5.0,6.0,5.5,6.841636752249348e-10,0.043315
HTPM,30,2,6,4.0,5.0,4.5,1.6677382530072388e-09,0.042345
HTPM,30,2,7,3.0,4.0,3.5,5.6914784114683615e-05,0.042155
HTPM,30,2,8,2.0,3.0,2.5,0.011845990153308351,0.0442
HTPM,30,2,9,1.5,2.0,1.75,0.04477720635220716,0.04914
HTPM,30,2,10,1.25,1.5,1.375,0.009218660241018983,0.05549
HTPM,30,2,11,1.0,1.25,1.125,0.014066342126016056,0.06489
HTPM,30,2,12,0.8,1.0,0.9,0.023422602711331775,0.07986
HTPM,30,2,13,0.6,0.8,0.7,0.6946149371185029,0.10675
HTPM,30,2,14,0.5,0.6,0.55,0.03720276902493489,0.1431
HTPM,30,2,15,0.4,0.5,0.45,0.07455550976154882,0.19685
HTPM,30,2,16,0.3,0.4,0.35,0.013474378149749458,0.3177
HTPM,30,2,17,0.2,0.3,0.25,0.011506562260824615,0.7008000000000001
HTPM,30,2,18,0.15,0.2,0.175,0.00835932103426687,1.5062499999999999
HTPM,30,2,19,0.1,0.15,0.125,0.02410089566943671,3.7815000000000003
HTPM,30,2,20,0.088,0.1,0.094,0.0028831178365064714,6.616
HTPM,30,2,21,0.08,0.088,0.08399999999999999,0.002411368482752851,2.1645
HTPM,30,2,22,0.06,0.08,0.07,0.005504490009984019,3.7199999999999998
HTPM,30,2,23,0.05,0.06,0.055,0.002131737047919987,6.531000000000001
HTPM,30,2,24,0.04,0.05,0.045,0.003696135959528064,11.2005
HTPM,30,2,25,0.03,0.04,0.035,0.005122027509703237,22.34
HTPM,30,2,26,0.02,0.03,0.025,0.003964249359090982,58.34
HTPM,30,2,27,0.0159,0.02,0.01795,0.0016652427652874987,120.58000000000001
HTPM,30,2,28,0.0155,0.0159,0.0157,0.00016472375010112057,138.0
HTPM,30,2,29,0.0152,0.0155,0.015349999999999999,0.00012075212216669976,145.05
HTPM,30,2,30,0.015,0.0152,0.015099999999999999,7.918813766708928e-05,109.69999999999999
HTPM,30,2,31,0.013,0.015,0.013999999999999999,0.0008758694317048179,136.85
HTPM,30,2,32,0.01,0.013,0.0115,0.0013685871166941174,98.805
HTPM,30,2,33,0.008,0.01,0.009000000000000001,0.0009964892895588217,179.64999999999998
HTPM,30,2,34,0.006,0.008,0.007,0.0011139902207068905,347.95
HTPM,30,2,35,0.005,0.006,0.0055,0.0006680192031449366,598.8
HTPM,30,2,36,0.004,0.005,0.0045000000000000005,1.2908304209159556e-05,990.7
HTPM,30,2,37,0.00385,0.004,0.003925,6.52600777717611e-07,1309.5
HTPM,30,2,38,0.0037,0.00385,0.003775,1.0195480896450846e-06,1339.5
HTPM,30,2,39,0.00355,0.0037,0.003625,1.2442684039938961e-08,1513.5
HTPM,30,2,40,0.0033,0.00355,0.003425,2.1549112275130695e-06,1540.5
HTPM,30,2,41,0.00307,0.0033,0.003185,6.29865732960429e-07,1971.0
HTPM,30,2,42,0.003,0.00307,0.003035,1.0046460795113234e-09,1911.0
HTPM,30,2,43,0.00259,0.003,0.0027949999999999997,1.3140718366719242e-05,2211.5
HTPM,30,2,44,0.00253,0.00259,0.0025599999999999998,1.0031327246667099e-11,1835.0
HTPM,30,2,45,0.00248,0.00253,0.0025050000000000003,3.0908935987430025e-09,1561.5
HTPM,30,2,46,0.002,0.00248,0.00224,1.3759824884903548e-06,1042.8
HTPM,30,2,47,0.0015,0.002,0.00175,2.0955126451596372e-08,1820.5
HTPM,30,2,48,0.001,0.0015,0.00125,1.3098712866193161e-10,3783.0
HTPM,30,3,1,15.0,20.0,17.5,1.834377027135593e-64,0.05932
HTPM,30,3,2,10.0,15.0,12.5,6.820961417593776e-12,0.05315
HTPM,30,3,3,8.0,10.0,9.0,6.713891816620833e-11,0.048235
HTPM,30,3,4,6.0,8.0,7.0,4.626405898282336e-10,0.045329999999999995
HTPM,30,3,5,5.0,6.0,5.5,8.10301750028209e-10,0.043315
HTPM,30,3,6,4.0,5.0,4.5,1.9751505992849176e-09,0.042345
HTPM,30,3,7,3.0,4.0,3.5,4.538587672599925e-05,0.042155
HTPM,30,3,8,2.0,3.0,2.5,0.010880796303161468,0.0442
HTPM,30,3,9,1.5,2.0,1.75,0.013883943339278346,0.04914
HTPM,30,3,10,1.25,1.5,1.375,0.011276400251270828,0.05549
HTPM,30,3,11,1.0,1.25,1.125,0.014670594364081132,0.06489
HTPM,30,3,12,0.8,1.0,0.9,0.0187935503574103,0.07986
HTPM,30,3,13,0.6,0.8,0.7,0.7376179632138841,0.10675
HTPM,30,3,14,0.5,0.6,0.55,0.04051261216385118,0.1431
HTPM,30,3,15,0.4,0.5,0.45,0.05757353874511356,0.19685
HTPM,30,3,16,0.3,0.4,0.35,0.012926212734526673,0.3177
HTPM,30,3,17,0.2,0.3,0.25,0.012899040279046467,0.7008000000000001
HTPM,30,3,18,0.15,0.2,0.175,0.009280771859450102,1.5062499999999999
HTPM,30,3,19,0.1,0.15,0.125,0.023659163876193347,3.7815000000000003
HTPM,30,3,20,0.088,0.1,0.094,0.0031103201512059364,6.616
HTPM,30,3,21,0.08,0.088,0.08399999999999999,0.0027451268501656875,2.1645
HTPM,30,3,22,0.06,0.08,0.07,0.006180670351750222,3.7199999999999998
HTPM,30,3,23,0.05,0.06,0.055,0.002368588627029914,6.531000000000001
HTPM,30,3,24,0.04,0.05,0.045,0.004054805449708623,11.2005
HTPM,30,3,25,0.03,0.04,0.035,0.0054510308515512505,22.34
HTPM,30,3,26,0.02,0.03,0.025,0.004236202686665935,58.34
HTPM,30,3,27,0.0159,0.02,0.01795,0.0018470308964809278,120.58000000000001
HTPM,30,3,28,0.0155,0.0159,0.0157,0.00018325576540295267,138.0
HTPM,30,3,29,0.0152,0.0155,0.015349999999999999,0.0001343260210283148,145.05
HTPM,30,3,30,0.015,0.0152,0.015099999999999999,8.8088802580708e-05,109.69999999999999
HTPM,30,3,31,0.013,0.015,0.013999999999999999,0.0009695604679781271,136.85
HTPM,30,3,32,0.01,0.013,0.0115,0.001520234187795054,98.805
HTPM,30,3,33,0.008,0.01,0.009000000000000001,0.0011059020607429167,179.64999999999998
HTPM,30,3,34,0.006,0.008,0.007,0.0012338657610230007,347.95
HTPM,30,3,35,0.005,0.006,0.0055,0.0007252120214281794,598.8
HTPM,30,3,36,0.004,0.005,0.0045000000000000005,1.0410425909227684e-05,990.7
HTPM,30,3,37,0.00385,0.004,0.003925,2.4349310490787543e-07,1309.5
HTPM,30,3,38,0.0037,0.00385,0.003775,1.1327535662054958e-06,1339.5
HTPM,30,3,39,0.00355,0.0037,0.003625,8.165927641774309e-09,1513.5
HTPM,30,3,40,0.0033,0.00355,0.003425,2.2551948198813865e-06,1540.5
HTPM,30,3,41,0.00307,0.0033,0.003185,5.599396396510211e-07,1971.0
HTPM,30,3,42,0.003,0.00307,0.003035,1.2258595067182176e-09,1911.0
HTPM,30,3,43,0.00259,0.003,0.0027949999999999997,1.006683161612225e-05,2211.5
HTPM,30,3,44,0.00253,0.00259,0.0025599999999999998,1.1150000514266829e-11,1835.0
HTPM,30,3,45,0.00248,0.00253,0.0025050000000000003,2.902500936110251e-09,1561.5
HTPM,30,3,46,0.002,0.00248,0.00224,1.1015666195231925e-06,1042.8
HTPM,30,3,47,0.0015,0.002,0.00175,1.9694123167611472e-08,1820.5
HTPM,30,3,48,0.001,0.0015,0.00125,1.5657916504200482e-10,3783.0
HTPM,30,4,1,15.0,20.0,17.5,4.789997744796645e-80,0.05932
HTPM,30,4,2,10.0,15.0,12.5,7.666962976821586e-12,0.05315
HTPM,30,4,3,8.0,10.0,9.0,7.546494725434444e-11,0.048235
HTPM,30,4,4,6.0,8.0,7.0,5.200043431181087e-10,0.045329999999999995
HTPM,30,4,5,5.0,6.0,5.5,9.107416401148468e-10,0.043315
HTPM,30,4,6,4.0,5.0,4.5,2.21989774000067e-09,0.042345
HTPM,30,4,7,3.0,4.0,3.5,4.678131898823981e-05,0.042155
HTPM,30,4,8,2.0,3.0,2.5,0.01156622451467387,0.0442
HTPM,30,4,9,1.5,2.0,1.75,0.006191830241277984,0.04914
HTPM,30,4,10,1.25,1.5,1.375,0.013229448429697999,0.05549
HTPM,30,4,11,1.0,1.25,1.125,0.0159962212740383,0.06489
HTPM,30,4,12,0.8,1.0,0.9,0.01930935750406818,0.07986
HTPM,30,4,13,0.6,0.8,0.7,0.7427291940438661,0.10675
HTPM,30,4,14,0.5,0.6,0.55,0.045024395239320045,0.1431
HTPM,30,4,15,0.4,0.5,0.45,0.04511802592204675,0.19685
HTPM,30,4,16,0.3,0.4,0.35,0.013831478506373538,0.3177
HTPM,30,4,17,0.2,0.3,0.25,0.014167345733850346,0.7008000000000001
HTPM,30,4,18,0.15,0.2,0.175,0.010207092865004746,1.5062499999999999
HTPM,30,4,19,0.1,0.15,0.125,0.023564989590984024,3.7815000000000003
HTPM,30,4,20,0.088,0.1,0.094,0.0033890794267685174,6.616
HTPM,30,4,21,0.08,0.088,0.08399999999999999,0.0030456166348968037,2.1645
HTPM,30,4,22,0.06,0.08,0.07,0.006775362380265642,3.7199999999999998
HTPM,30,4,23,0.05,0.06,0.055,0.0025854930549990512,6.531000000000001
HTPM,30,4,24,0.04,0.05,0.045,0.004389446513905835,11.2005
HTPM,30,4,25,0.03,0.04,0.035,0.005817411237124561,22.34
HTPM,30,4,26,0.02,0.03,0.025,0.004513151039998745,58.34
HTPM,30,4,27,0.0159,0.02,0.01795,0.0020054845829752216,120.58000000000001
HTPM,30,4,28,0.0155,0.0159,0.0157,0.0001995141919243536,138.0
HTPM,30,4,29,0.0152,0.0155,0.015349999999999999,0.00014624302881722948,145.05
HTPM,30,4,30,0.015,0.0152,0.015099999999999999,9.590399974469996e-05,109.69999999999999
HTPM,30,4,31,0.013,0.015,0.013999999999999999,0.001054665968001913,136.85
HTPM,30,4,32,0.01,0.013,0.0115,0.0016534597699716846,98.805
HTPM,30,4,33,0.008,0.01,0.009000000000000001,0.001201964872932601,179.64999999999998
HTPM,30,4,34,0.006,0.008,0.007,0.0013399698607595447,347.95
HTPM,30,4,35,0.005,0.006,0.0055,0.0007816571530794425,598.8
HTPM,30,4,36,0.004,0.005,0.0045000000000000005,1.0718292881295113e-05,990.7
HTPM,30,4,37,0.00385,0.004,0.003925,1.1276346272091739e-07,1309.5
HTPM,30,4,38,0.0037,0.00385,0.003775,1.240697825671804e-06,1339.5
HTPM,30,4,39,0.00355,0.0037,0.003625,8.55998117234053e-09,1513.5
HTPM,30,4,40,0.0033,0.00355,0.003425,2.4417066836939936e-06,1540.5
HTPM,30,4,41,0.00307,0.0033,0.003185,5.015893176817691e-07,1971.0
HTPM,30,4,42,0.003,0.00307,0.003035,1.4156827149544912e-09,1911.0
HTPM,30,4,43,0.00259,0.003,0.0027949999999999997,7.301638042893708e-06,2211.5
HTPM,30,4,44,0.00253,0.00259,0.0025599999999999998,1.2818524523468189e-11,1835.0
HTPM,30,4,45,0.00248,0.00253,0.0025050000000000003,2.578503738902127e-09,1561.5
HTPM,30,4,46,0.002,0.00248,0.00224,8.404179439678619e-07,1042.8
HTPM,30,4,47,0.0015,0.002,0.00175,1.7515645333279432e-08,1820.5
HTPM,30,4,48,0.001,0.0015,0.00125,1.770788558289556e-10,3783.0
HTPM,30,5,1,15.0,20.0,17.5,1.2177271250748549e-95,0.05932
HTPM,30,5,2,10.0,15.0,12.5,8.418956876570888e-12,0.05315
HTPM,30,5,3,8.0,10.0,9.0,8.286373770759528e-11,0.048235
HTPM,30,5,4,6.0,8.0,7.0,5.709721533508301e-10,0.045329999999999995
HTPM,30,5,5,5.0,6.0,5.5,9.999800006688554e-10,0.043315
HTPM,30,5,6,4.0,5.0,4.5,2.437291429445017e-09,0.042345
HTPM,30,5,7,3.0,4.0,3.5,5.1468826225512916e-05,0.042155
HTPM,30,5,8,2.0,3.0,2.5,0.012662054868402222,0.0442
HTPM,30,5,9,1.5,2.0,1.75,0.004647649838007498,0.04914
HTPM,30,5,10,1.25,1.5,1.375,0.015180169773467153,0.05549
HTPM,30,5,11,1.0,1.25,1.125,0.017614018560629073,0.06489
HTPM,30,5,12,0.8,1.0,0.9,0.02125517137681882,0.07986
HTPM,30,5,13,0.6,0.8,0.7,0.7345522806419378,0.10675
HTPM,30,5,14,0.5,0.6,0.55,0.049992627834986085,0.1431
HTPM,30,5,15,0.4,0.5,0.45,0.03634412354315747,0.19685
HTPM,30,5,16,0.3,0.4,0.35,0.01503954693934322,0.3177
HTPM,30,5,17,0.2,0.3,0.25,0.015395893517973592,0.7008000000000001
HTPM,30,5,18,0.15,0.2,0.175,0.011131941058465796,1.5062499999999999
HTPM,30,5,19,0.1,0.15,0.125,0.024040566904812558,3.7815000000000003
HTPM,30,5,20,0.088,0.1,0.094,0.0036768445755714224,6.616
HTPM,30,5,21,0.08,0.088,0.08399999999999999,0.003332404904914422,2.1645
HTPM,30,5,22,0.06,0.08,0.07,0.007352242579337352,3.7199999999999998
HTPM,30,5,23,0.05,0.06,0.055,0.002798214405148835,6.531000000000001
HTPM,30,5,24,0.04,0.05,0.045,0.004731282873856047,11.2005
HTPM,30,5,25,0.03,0.04,0.035,0.006231430799881175,22.34
HTPM,30,5,26,0.02,0.03,0.025,0.004810182276565335,58.34
HTPM,30,5,27,0.0159,0.02,0.01795,0.0021591263467497547,120.58000000000001
HTPM,30,5,28,0.0155,0.0159,0.0157,0.00021541317844970653,138.0
HTPM,30,5,29,0.0152,0.0155,0.015349999999999999,0.0001578909043752322,145.05
HTPM,30,5,30,0.015,0.0152,0.015099999999999999,0.00010354042932269975,109.69999999999999
HTPM,30,5,31,0.013,0.015,0.013999999999999999,0.0011380514727353868,136.85
HTPM,30,5,32,0.01,0.013,0.0115,0.0017837943407305104,98.805
HTPM,30,5,33,0.008,0.01,0.009000000000000001,0.0012960306858505303,179.64999999999998
HTPM,30,5,34,0.006,0.008,0.007,0.0014441718865951254,347.95
HTPM,30,5,35,0.005,0.006,0.0055,0.0008396645906390038,598.8
HTPM,30,5,36,0.004,0.005,0.0045000000000000005,1.1884067365916361e-05,990.7
HTPM,30,5,37,0.00385,0.004,0.003925,6.367055182228684e-08,1309.5
HTPM,30,5,38,0.0037,0.00385,0.003775,1.3609534574253823e-06,1339.5
HTPM,30,5,39,0.00355,0.0037,0.003625,9.950663736121491e-09,1513.5
HTPM,30,5,40,0.0033,0.00355,0.003425,2.5959583434585396e-06,1540.5
HTPM,30,5,41,0.00307,0.0033,0.003185,4.691096066376029e-07,1971.0
HTPM,30,5,42,0.003,0.00307,0.003035,1.592630455925194e-09,1911.0
HTPM,30,5,43,0.00259,0.003,0.0027949999999999997,5.163597643905626e-06,2211.5
HTPM,30,5,44,0.00253,0.00259,0.0025599999999999998,1.4373931915303852e-11,1835.0
HTPM,30,5,45,0.00248,0.00253,0.0025050000000000003,2.230127864629e-09,1561.5
HTPM,30,5,46,0.002,0.00248,0.00224,6.294527150417852e-07,1042.8
HTPM,30,5,47,0.0015,0.002,0.00175,1.517307346154947e-08,1820.5
HTPM,30,5,48,0.001,0.0015,0.00125,1.949706527145121e-10,3783.0
HTPM,30,6,1,15.0,20.0,17.5,3.0331262180605318e-111,0.05932
HTPM,30,6,2,10.0,15.0,12.5,9.089282416380485e-12,0.05315
HTPM,30,6,3,8.0,10.0,9.0,8.94618850109653e-11,0.048235
HTPM,30,6,4,6.0,8.0,7.0,6.163993333161498e-10,0.045329999999999995
HTPM,30,6,5,5.0,6.0,5.5,1.0795260358717815e-09,0.043315
HTPM,30,6,6,4.0,5.0,4.5,2.631057253480372e-09,0.042345
HTPM,30,6,7,3.0,4.0,3.5,5.664896660852179e-05,0.042155
HTPM,30,6,8,2.0,3.0,2.5,0.013765038870402046,0.0442
HTPM,30,6,9,1.5,2.0,1.75,0.004588184569201753,0.04914
HTPM,30,6,10,1.25,1.5,1.375,0.017102279684371717,0.05549
HTPM,30,6,11,1.0,1.25,1.125,0.01930261425849377,0.06489
HTPM,30,6,12,0.8,1.0,0.9,0.023528260927797456,0.07986
HTPM,30,6,13,0.6,0.8,0.7,0.7215438146355325,0.10675
HTPM,30,6,14,0.5,0.6,0.55,0.05501590863454133,0.1431
HTPM,30,6,15,0.4,0.5,0.45,0.030278816082272786,0.19685
HTPM,30,6,16,0.3,0.4,0.35,0.016252565562081354,0.3177
HTPM,30,6,17,0.2,0.3,0.25,0.01656345788226159,0.7008000000000001
HTPM,30,6,18,0.15,0.2,0.175,0.012015881439150793,1.5062499999999999
HTPM,30,6,19,0.1,0.15,0.125,0.024883999847135237,3.7815000000000003
HTPM,30,6,20,0.088,0.1,0.094,0.003954891867301528,6.616
HTPM,30,6,21,0.08,0.088,0.08399999999999999,0.0036019728050125334,2.1645
HTPM,30,6,22,0.06,0.08,0.07,0.007903496024756715,3.7199999999999998
HTPM,30,6,23,0.05,0.06,0.055,0.0030032256348946325,6.531000000000001
HTPM,30,6,24,0.04,0.05,0.045,0.005068418111972047,11.2005
HTPM,30,6,25,0.03,0.04,0.035,0.0066638371561778655,22.34
HTPM,30,6,26,0.02,0.03,0.025,0.005111675226933454,58.34
HTPM,30,6,27,0.0159,0.02,0.01795,0.002306300241991275,120.58000000000001
HTPM,30,6,28,0.0155,0.0159,0.0157,0.00023072062349979925,138.0
HTPM,30,6,29,0.0152,0.0155,0.015349999999999999,0.00016910617091827146,145.05
HTPM,30,6,30,0.015,0.0152,0.015099999999999999,0.00011089449494130312,109.69999999999999
HTPM,30,6,31,0.013,0.015,0.013999999999999999,0.0012181273436575016,136.85
HTPM,30,6,32,0.01,0.013,0.0115,0.0019094173766110757,98.805
HTPM,30,6,33,0.008,0.01,0.009000000000000001,0.001386771872471376,179.64999999999998
HTPM,30,6,34,0.006,0.008,0.007,0.0015449718165960486,347.95
HTPM,30,6,35,0.005,0.006,0.0055,0.0008965808484598541,598.8
HTPM,30,6,36,0.004,0.005,0.0045000000000000005,1.3332564753347332e-05,990.7
HTPM,30,6,37,0.00385,0.004,0.003925,4.044428176285519e-08,1309.5
HTPM,30,6,38,0.0037,0.00385,0.003775,1.4903929426088517e-06,1339.5
HTPM,30,6,39,0.00355,0.0037,0.003625,1.1599078080432257e-08,1513.5
HTPM,30,6,40,0.0033,0.00355,0.003425,2.713394716885659e-06,1540.5
HTPM,30,6,41,0.00307,0.0033,0.003185,4.5990155375423144e-07,1971.0
HTPM,30,6,42,0.003,0.00307,0.003035,1.756420027221454e-09,1911.0
HTPM,30,6,43,0.00259,0.003,0.0027949999999999997,3.5854518473912705e-06,2211.5
HTPM,30,6,44,0.00253,0.00259,0.0025599999999999998,1.582080948596588e-11,1835.0
HTPM,30,6,45,0.00248,0.00253,0.0025050000000000003,1.88974528662469e-09,1561.5
HTPM,30,6,46,0.002,0.00248,0.00224,4.660916294393481e-07,1042.8
HTPM,30,6,47,0.0015,0.002,0.00175,1.2885293170990654e-08,1820.5
HTPM,30,6,48,0.001,0.0015,0.00125,2.1033747891844435e-10,3783.0
HTPM,30,7,1,15.0,20.0,17.5,0.0,0.05932
HTPM,30,7,2,10.0,15.0,12.5,9.662984367959687e-12,0.05315
HTPM,30,7,3,8.0,10.0,9.0,9.5104729110972e-11,0.048235
HTPM,30,7,4,6.0,8.0,7.0,6.552690519491549e-10,0.045329999999999995
HTPM,30,7,5,5.0,6.0,5.5,1.1475462981484494e-09,0.043315
HTPM,30,7,6,4.0,5.0,4.5,2.796742884311858e-09,0.042345
HTPM,30,7,7,3.0,4.0,3.5,6.144583121822708e-05,0.042155
HTPM,30,7,8,2.0,3.0,2.5,0.014728746785482782,0.0442
HTPM,30,7,9,1.5,2.0,1.75,0.004843687072849218,0.04914
HTPM,30,7,10,1.25,1.5,1.375,0.018929313929536555,0.05549
HTPM,30,7,11,1.0,1.25,1.125,0.02092835480861586,0.06489
HTPM,30,7,12,0.8,1.0,0.9,0.025764311940465502,0.07986
HTPM,30,7,13,0.6,0.8,0.7,0.7072611374189706,0.10675
HTPM,30,7,14,0.5,0.6,0.55,0.0597845357395735,0.1431
HTPM,30,7,15,0.4,0.5,0.45,0.026182231061078216,0.19685
HTPM,30,7,16,0.3,0.4,0.35,0.01735335476704441,0.3177
HTPM,30,7,17,0.2,0.3,0.25,0.017615335583304567,0.7008000000000001
HTPM,30,7,18,0.15,0.2,0.175,0.012813619020431412,1.5062499999999999
HTPM,30,7,19,0.1,0.15,0.125,0.025861536180330262,3.7815000000000003
HTPM,30,7,20,0.088,0.1,0.094,0.004207123920000565,6.616
HTPM,30,7,21,0.08,0.088,0.08399999999999999,0.003843194949029399,2.1645
HTPM,30,7,22,0.06,0.08,0.07,0.008403590009435934,3.7199999999999998
HTPM,30,7,23,0.05,0.06,0.055,0.0031904731498399626,6.531000000000001
HTPM,30,7,24,0.04,0.05,0.045,0.005379904987272122,11.2005
HTPM,30,7,25,0.03,0.04,0.035,0.007077612115803876,22.34
HTPM,30,7,26,0.02,0.03,0.025,0.005395331382162261,58.34
HTPM,30,7,27,0.0159,0.02,0.01795,0.0024398790236024614,120.58000000000001
HTPM,30,7,28,0.0155,0.0159,0.0157,0.00024469345342263097,138.0
HTPM,30,7,29,0.0152,0.0155,0.015349999999999999,0.00017934063654515873,145.05
HTPM,30,7,30,0.015,0.0152,0.015099999999999999,0.00011760532043179358,109.69999999999999
HTPM,30,7,31,0.013,0.015,0.013999999999999999,0.001290941447697784,136.85
HTPM,30,7,32,0.01,0.013,0.0115,0.0020241718381644436,98.805
HTPM,30,7,33,0.008,0.01,0.009000000000000001,0.0014697090305085944,179.64999999999998
HTPM,30,7,34,0.006,0.008,0.007,0.0016372740591140912,347.95
HTPM,30,7,35,0.005,0.006,0.0055,0.0009489521143218192,598.8
HTPM,30,7,36,0.004,0.005,0.0045000000000000005,1.4859234886977511e-05,990.7
HTPM,30,7,37,0.00385,0.004,0.003925,2.735815321917617e-08,1309.5
HTPM,30,7,38,0.0037,0.00385,0.003775,1.6212995918729362e-06,1339.5
HTPM,30,7,39,0.00355,0.0037,0.003625,1.3318995307443717e-08,1513.5
HTPM,30,7,40,0.0033,0.00355,0.003425,2.7904127044694573e-06,1540.5
HTPM,30,7,41,0.00307,0.0033,0.003185,4.6838532131039665e-07,1971.0
HTPM,30,7,42,0.003,0.00307,0.003035,1.901695973998364e-09,1911.0
HTPM,30,7,43,0.00259,0.003,0.0027949999999999997,2.451291541981351e-06,2211.5
HTPM,30,7,44,0.00253,0.00259,0.0025599999999999998,1.7115681126987407e-11,1835.0
HTPM,30,7,45,0.00248,0.00253,0.0025050000000000003,1.5711140243112392e-09,1561.5
HTPM,30,7,46,0.002,0.00248,0.00224,3.4196071306011956e-07,1042.8
HTPM,30,7,47,0.0015,0.002,0.00175,1.0744952860507505e-08,1820.5
HTPM,30,7,48,0.001,0.0015,0.00125,2.2263346315760068e-10,3783.0
HTPM,30,8,1,15.0,20.0,17.5,0.0,0.05932
HTPM,30,8,2,10.0,15.0,12.5,1.012640420960035e-11,0.05315
HTPM,30,8,3,8.0,10.0,9.0,9.966576006670742e-11,0.048235
HTPM,30,8,4,6.0,8.0,7.0,6.866736132745634e-10,0.045329999999999995
HTPM,30,8,5,5.0,6.0,5.5,1.2024758204235702e-09,0.043315
HTPM,30,8,6,4.0,5.0,4.5,2.9304779703946816e-09,0.042345
HTPM,30,8,7,3.0,4.0,3.5,6.551594362885219e-05,0.042155
HTPM,30,8,8,2.0,3.0,2.5,0.015489110797561182,0.0442
HTPM,30,8,9,1.5,2.0,1.75,0.005123922697912535,0.04914
HTPM,30,8,10,1.25,1.5,1.375,0.020597175521260055,0.05549
HTPM,30,8,11,1.0,1.25,1.125,0.022401075259942844,0.06489
HTPM,30,8,12,0.8,1.0,0.9,0.027811166609818465,0.07986
HTPM,30,8,13,0.6,0.8,0.7,0.6936473387140516,0.10675
HTPM,30,8,14,0.5,0.6,0.55,0.06406129764432245,0.1431
HTPM,30,8,15,0.4,0.5,0.45,0.023490357301804307,0.19685
HTPM,30,8,16,0.3,0.4,0.35,0.018279988152015297,0.3177
HTPM,30,8,17,0.2,0.3,0.25,0.01850370223754246,0.7008000000000001
HTPM,30,8,18,0.15,0.2,0.175,0.013487979475020171,1.5062499999999999
HTPM,30,8,19,0.1,0.15,0.125,0.026787050438135222,3.7815000000000003
HTPM,30,8,20,0.088,0.1,0.094,0.00442133184006343,6.616
HTPM,30,8,21,0.08,0.088,0.08399999999999999,0.004045255094934287,2.1645
HTPM,30,8,22,0.06,0.08,0.07,0.008829089506414265,3.7199999999999998
HTPM,30,8,23,0.05,0.06,0.055,0.0033508687683165214,6.531000000000001
HTPM,30,8,24,0.04,0.05,0.045,0.005648263620242514,11.2005
HTPM,30,8,25,0.03,0.04,0.035,0.007443878119117452,22.34
HTPM,30,8,26,0.02,0.03,0.025,0.005643799427104036,58.34
HTPM,30,8,27,0.0159,0.02,0.01795,0.0025535482364974975,120.58000000000001
HTPM,30,8,28,0.0155,0.0159,0.0157,0.0002566640176465416,138.0
HTPM,30,8,29,0.0152,0.0155,0.015349999999999999,0.0001881040617794254,145.05
HTPM,30,8,30,0.015,0.0152,0.015099999999999999,0.00012335524055963202,109.69999999999999
HTPM,30,8,31,0.013,0.015,0.013999999999999999,0.0013529733552651536,136.85
HTPM,30,8,32,0.01,0.013,0.0115,0.0021225308934059665,98.805
HTPM,30,8,33,0.008,0.01,0.009000000000000001,0.0015408503106766956,179.64999999999998
HTPM,30,8,34,0.006,0.008,0.007,0.0017165251381763948,347.95
HTPM,30,8,35,0.005,0.006,0.0055,0.00099389963727898,598.8
HTPM,30,8,36,0.004,0.005,0.0045000000000000005,1.6365051067049156e-05,990.7
HTPM,30,8,37,0.00385,0.004,0.003925,1.931672134413653e-08,1309.5
HTPM,30,8,38,0.0037,0.00385,0.003775,1.74645351774107e-06,1339.5
HTPM,30,8,39,0.00355,0.0037,0.003625,1.503071130438687e-08,1513.5
HTPM,30,8,40,0.0033,0.00355,0.003425,2.8256873418264306e-06,1540.5
HTPM,30,8,41,0.00307,0.0033,0.003185,4.891710882028414e-07,1971.0
HTPM,30,8,42,0.003,0.00307,0.003035,2.0233679225495167e-09,1911.0
HTPM,30,8,43,0.00259,0.003,0.0027949999999999997,1.6549852269052572e-06,2211.5
HTPM,30,8,44,0.00253,0.00259,0.0025599999999999998,1.821883122816115e-11,1835.0
HTPM,30,8,45,0.00248,0.00253,0.0025050000000000003,1.282800274557092e-09,1561.5
HTPM,30,8,46,0.002,0.00248,0.00224,2.489496396889485e-07,1042.8
HTPM,30,8,47,0.0015,0.002,0.00175,8.808962805145868e-09,1820.5
HTPM,30,8,48,0.001,0.0015,0.00125,2.314223851200852e-10,3783.0
HTPM,30,9,1,15.0,20.0,17.5,0.0,0.05932
HTPM,30,9,2,10.0,15.0,12.5,1.0476757082471378e-11,0.05315
HTPM,30,9,3,8.0,10.0,9.0,1.0310986895513985e-10,0.048235
HTPM,30,9,4,6.0,8.0,7.0,7.103780044514574e-10,0.045329999999999995
HTPM,30,9,5,5.0,6.0,5.5,1.2439559604652667e-09,0.043315
HTPM,30,9,6,4.0,5.0,4.5,3.031530525746107e-09,0.042345
HTPM,30,9,7,3.0,4.0,3.5,6.87162331831247e-05,0.042155
HTPM,30,9,8,2.0,3.0,2.5,0.016023564010183247,0.0442
HTPM,30,9,9,1.5,2.0,1.75,0.005356670723078967,0.04914
HTPM,30,9,10,1.25,1.5,1.375,0.02206168457204786,0.05549
HTPM,30,9,11,1.0,1.25,1.125,0.023665231951503458,0.06489
HTPM,30,9,12,0.8,1.0,0.9,0.029591470597819525,0.07986
HTPM,30,9,13,0.6,0.8,0.7,0.6818561726054194,0.10675
HTPM,30,9,14,0.5,0.6,0.55,0.06769087080618766,0.1431
HTPM,30,9,15,0.4,0.5,0.45,0.021765481228942514,0.19685
HTPM,30,9,16,0.3,0.4,0.35,0.01900213102424827,0.3177
HTPM,30,9,17,0.2,0.3,0.25,0.01919927298439454,0.7008000000000001
HTPM,30,9,18,0.15,0.2,0.175,0.014017676091594726,1.5062499999999999
HTPM,30,9,19,0.1,0.15,0.125,0.02754347808859564,3.7815000000000003
HTPM,30,9,20,0.088,0.1,0.094,0.004590557730065331,6.616
HTPM,30,9,21,0.08,0.088,0.08399999999999999,0.004202242713470177,2.1645
HTPM,30,9,22,0.06,0.08,0.07,0.009166414582761405,3.7199999999999998
HTPM,30,9,23,0.05,0.06,0.055,0.003478946095852063,6.531000000000001
HTPM,30,9,24,0.04,0.05,0.045,0.005862430225100281,11.2005
HTPM,30,9,25,0.03,0.04,0.035,0.007744148132969808,22.34
HTPM,30,9,26,0.02,0.03,0.025,0.005845252112581494,58.34
HTPM,30,9,27,0.0159,0.02,0.01795,0.002643435209643852,120.58000000000001
HTPM,30,9,28,0.0155,0.0159,0.0157,0.00026621187189073515,138.0
HTPM,30,9,29,0.0152,0.0155,0.015349999999999999,0.00019509606936370355,145.05
HTPM,30,9,30,0.015,0.0152,0.015099999999999999,0.00012793868683985915,109.69999999999999
HTPM,30,9,31,0.013,0.015,0.013999999999999999,0.0014021599314682212,136.85
HTPM,30,9,32,0.01,0.013,0.0115,0.0022010682671910514,98.805
HTPM,30,9,33,0.008,0.01,0.009000000000000001,0.0015976821609398036,179.64999999999998
HTPM,30,9,34,0.006,0.008,0.007,0.0017799663147933186,347.95
HTPM,30,9,35,0.005,0.006,0.0055,0.0010297045442042374,598.8
HTPM,30,9,36,0.004,0.005,0.0045000000000000005,1.7789434744883666e-05,990.7
HTPM,30,9,37,0.00385,0.004,0.003925,1.4193156255693656e-08,1309.5
HTPM,30,9,38,0.0037,0.00385,0.003775,1.8606859292428337e-06,1339.5
HTPM,30,9,39,0.00355,0.0037,0.003625,1.6684066639983913e-08,1513.5
HTPM,30,9,40,0.0033,0.00355,0.003425,2.821586247974698e-06,1540.5
HTPM,30,9,41,0.00307,0.0033,0.003185,5.176782117265694e-07,1971.0
HTPM,30,9,42,0.003,0.00307,0.003035,2.1186773597062667e-09,1911.0
HTPM,30,9,43,0.00259,0.003,0.0027949999999999997,1.1083678292954675e-06,2211.5
HTPM,30,9,44,0.00253,0.00259,0.0025599999999999998,1.9108383114666264e-11,1835.0
HTPM,30,9,45,0.00248,0.00253,0.0025050000000000003,1.0300806131601954e-09,1561.5
HTPM,30,9,46,0.002,0.00248,0.00224,1.8018578996215015e-07,1042.8
HTPM,30,9,47,0.0015,0.002,0.00175,7.113784263387668e-09,1820.5
HTPM,30,9,48,0.001,0.0015,0.00125,2.3658786656431156e-10,3783.0
HTPM,30,10,1,15.0,20.0,17.5,0.0,0.05932
HTPM,30,10,2,10.0,15.0,12.5,1.0721022388992165e-11,0.05315
HTPM,30,10,3,8.0,10.0,9.0,1.0551446393698954e-10,0.048235
HTPM,30,10,4,6.0,8.0,7.0,7.269080968387082e-10,0.045329999999999995
HTPM,30,10,5,5.0,6.0,5.5,1.2728661051675677e-09,0.043315
HTPM,30,10,6,4.0,5.0,4.5,3.1017911497269144e-09,0.042345
HTPM,30,10,7,3.0,4.0,3.5,7.101790529249337e-05,0.042155
HTPM,30,10,8,2.0,3.0,2.5,0.016334056860061247,0.0442
HTPM,30,10,9,1.5,2.0,1.75,0.005525523747129889,0.04914
HTPM,30,10,10,1.25,1.5,1.375,0.023302778935292617,0.05549
HTPM,30,10,11,1.0,1.25,1.125,0.02469643131452055,0.06489
HTPM,30,10,12,0.8,1.0,0.9,0.03107037191372349,0.07986
HTPM,30,10,13,0.6,0.8,0.7,0.672490385314312,0.10675
HTPM,30,10,14,0.5,0.6,0.55,0.07060435768208134,0.1431
HTPM,30,10,15,0.4,0.5,0.45,0.020674926232112457,0.19685
HTPM,30,10,16,0.3,0.4,0.35,0.01951220706040504,0.3177
HTPM,30,10,17,0.2,0.3,0.25,0.019694131194658997,0.7008000000000001
HTPM,30,10,18,0.15,0.2,0.175,0.014399003779442638,1.5062499999999999
HTPM,30,10,19,0.1,0.15,0.125,0.028072458524297402,3.7815000000000003
HTPM,30,10,20,0.088,0.1,0.094,0.004712687942427453,6.616
HTPM,30,10,21,0.08,0.088,0.08399999999999999,0.004313129776403246,2.1645
HTPM,30,10,22,0.06,0.08,0.07,0.009411214640272845,3.7199999999999998
HTPM,30,10,23,0.05,0.06,0.055,0.003572907164511214,6.531000000000001
HTPM,30,10,24,0.04,0.05,0.045,0.006018866412043529,11.2005
HTPM,30,10,25,0.03,0.04,0.035,0.007971099512085786,22.34
HTPM,30,10,26,0.02,0.03,0.025,0.005995213206729903,58.34
HTPM,30,10,27,0.0159,0.02,0.01795,0.002708469330753492,120.58000000000001
HTPM,30,10,28,0.0155,0.0159,0.0157,0.00027321829729211615,138.0
HTPM,30,10,29,0.0152,0.0155,0.015349999999999999,0.00020022432162263023,145.05
HTPM,30,10,30,0.015,0.0152,0.015099999999999999,0.00013129808369496566,109.69999999999999
HTPM,30,10,31,0.013,0.015,0.013999999999999999,0.0014379246757105443,136.85
HTPM,30,10,32,0.01,0.013,0.0115,0.0022587568590965047,98.805
HTPM,30,10,33,0.008,0.01,0.009000000000000001,0.001639470846434794,179.64999999999998
HTPM,30,10,34,0.006,0.008,0.007,0.0018267514653161946,347.95
HTPM,30,10,35,0.005,0.006,0.0055,0.001055808831192256,598.8
HTPM,30,10,36,0.004,0.005,0.0045000000000000005,1.9098352663931877e-05,990.7
HTPM,30,10,37,0.00385,0.004,0.003925,1.0867682232483632e-08,1309.5
HTPM,30,10,38,0.0037,0.00385,0.003775,1.9613875961065685e-06,1339.5
HTPM,30,10,39,0.00355,0.0037,0.003625,1.8248440229810786e-08,1513.5
HTPM,30,10,40,0.0033,0.00355,0.003425,2.783731467808779e-06,1540.5
HTPM,30,10,41,0.00307,0.0033,0.003185,5.50398322402628e-07,1971.0
HTPM,30,10,42,0.003,0.00307,0.003035,2.1875162271236257e-09,1911.0
HTPM,30,10,43,0.00259,0.003,0.0027949999999999997,7.410916140888085e-07,2211.5
HTPM,30,10,44,0.00253,0.00259,0.0025599999999999998,1.9784314025190688e-11,1835.0
HTPM,30,10,45,0.00248,0.00253,0.0025050000000000003,8.149932776773792e-10,1561.5
HTPM,30,10,46,0.002,0.00248,0.00224,1.2994279491268285e-07,1042.8
HTPM,30,10,47,0.0015,0.002,0.00175,5.672090787837862e-09,1820.5
HTPM,30,10,48,0.001,0.0015,0.00125,2.3831524711661413e-10,3783.0
HTPM,30,11,1,15.0,20.0,17.5,0.0,0.05932
HTPM,30,11,2,10.0,15.0,12.5,1.0874528503958565e-11,0.05315
HTPM,30,11,3,8.0,10.0,9.0,1.0702177486159978e-10,0.048235
HTPM,30,11,4,6.0,8.0,7.0,7.372677477870399e-10,0.045329999999999995
HTPM,30,11,5,5.0,6.0,5.5,1.2909547188187827e-09,0.043315
HTPM,30,11,6,4.0,5.0,4.5,3.1457418235602137e-09,0.042345
HTPM,30,11,7,3.0,4.0,3.5,7.247099160524896e-05,0.042155
HTPM,30,11,8,2.0,3.0,2.5,0.016440081933447863,0.0442
HTPM,30,11,9,1.5,2.0,1.75,0.005632048259396101,0.04914
HTPM,30,11,10,1.25,1.5,1.375,0.024320187667616185,0.05549
HTPM,30,11,11,1.0,1.25,1.125,0.025493774576450103,0.06489
HTPM,30,11,12,0.8,1.0,0.9,0.03224978525249435,0.07986
HTPM,30,11,13,0.6,0.8,0.7,0.6657275677391947,0.10675
HTPM,30,11,14,0.5,0.6,0.55,0.07280325850247683,0.1431
HTPM,30,11,15,0.4,0.5,0.45,0.019980780331801742,0.19685
HTPM,30,11,16,0.3,0.4,0.35,0.019823268579123858,0.3177
HTPM,30,11,17,0.2,0.3,0.25,0.019999847543968014,0.7008000000000001
HTPM,30,11,18,0.15,0.2,0.175,0.01463881069019258,1.5062499999999999
HTPM,30,11,19,0.1,0.15,0.125,0.02835916206042818,3.7815000000000003
HTPM,30,11,20,0.088,0.1,0.094,0.004790320375251539,6.616
HTPM,30,11,21,0.08,0.088,0.08399999999999999,0.004380710233403479,2.1645
HTPM,30,11,22,0.06,0.08,0.07,0.009568324989462118,3.7199999999999998
HTPM,30,11,23,0.05,0.06,0.055,0.0036343267001825133,6.531000000000001
HTPM,30,11,24,0.04,0.05,0.045,0.006119729515963564,11.2005
HTPM,30,11,25,0.03,0.04,0.035,0.008125683136777634,22.34
HTPM,30,11,26,0.02,0.03,0.025,0.006094627116642058,58.34
HTPM,30,11,27,0.0159,0.02,0.01795,0.0027498371938172697,120.58000000000001
HTPM,30,11,28,0.0155,0.0159,0.0157,0.00027779124202182646,138.0
HTPM,30,11,29,0.0152,0.0155,0.015349999999999999,0.00020356903475030484,145.05
HTPM,30,11,30,0.015,0.0152,0.015099999999999999,0.00013349237100742015,109.69999999999999
HTPM,30,11,31,0.013,0.015,0.013999999999999999,0.0014609331122165073,136.85
HTPM,30,11,32,0.01,0.013,0.0115,0.002296416898881229,98.805
HTPM,30,11,33,0.008,0.01,0.009000000000000001,0.0016668059470218485,179.64999999999998
HTPM,30,11,34,0.006,0.008,0.007,0.001857537757348721,347.95
HTPM,30,11,35,0.005,0.006,0.0055,0.0010725887149984122,598.8
HTPM,30,11,36,0.004,0.005,0.0045000000000000005,2.027623921945647e-05,990.7
HTPM,30,11,37,0.00385,0.004,0.003925,8.665292702166096e-09,1309.5
HTPM,30,11,38,0.0037,0.00385,0.003775,2.0474505065616694e-06,1339.5
HTPM,30,11,39,0.00355,0.0037,0.003625,1.9707829044595466e-08,1513.5
HTPM,30,11,40,0.0033,0.00355,0.003425,2.719308597516932e-06,1540.5
HTPM,30,11,41,0.00307,0.0033,0.003185,5.847945473745552e-07,1971.0
HTPM,30,11,42,0.003,0.00307,0.003035,2.2315288546535834e-09,1911.0
HTPM,30,11,43,0.00259,0.003,0.0027949999999999997,4.988860291861421e-07,2211.5
HTPM,30,11,44,0.00253,0.00259,0.0025599999999999998,2.0262524090844344e-11,1835.0
HTPM,30,11,45,0.00248,0.00253,0.0025050000000000003,6.36631681761031e-10,1561.5
HTPM,30,11,46,0.002,0.00248,0.00224,9.358439750009611e-08,1042.8
HTPM,30,11,47,0.0015,0.002,0.00175,4.478340991768579e-09,1820.5
HTPM,30,11,48,0.001,0.0015,0.00125,2.370137373189826e-10,3783.0
HTPM,30,12,1,15.0,20.0,17.5,0.0,0.05932
HTPM,30,12,2,10.0,15.0,12.5,1.0955564164861009e-11,0.05315
HTPM,30,12,3,8.0,10.0,9.0,1.0781615658820246e-10,0.048235
HTPM,30,12,4,6.0,8.0,7.0,7.427228841108153e-10,0.045329999999999995
HTPM,30,12,5,5.0,6.0,5.5,1.3004716575879863e-09,0.043315
HTPM,30,12,6,4.0,5.0,4.5,3.1688949398637306e-09,0.042345
HTPM,30,12,7,3.0,4.0,3.5,7.317132380964717e-05,0.042155
HTPM,30,12,8,2.0,3.0,2.5,0.016372614990085643,0.0442
HTPM,30,12,9,1.5,2.0,1.75,0.005682876414247071,0.04914
HTPM,30,12,10,1.25,1.5,1.375,0.02513161380764137,0.05549
HTPM,30,12,11,1.0,1.25,1.125,0.02607591836311547,0.06489
HTPM,30,12,12,0.8,1.0,0.9,0.033149159334667576,0.07986
HTPM,30,12,13,0.6,0.8,0.7,0.6614476168031241,0.10675
HTPM,30,12,14,0.5,0.6,0.55,0.0743449886021893,0.1431
HTPM,30,12,15,0.4,0.5,0.45,0.019517341549344525,0.19685
HTPM,30,12,16,0.3,0.4,0.35,0.019960103444944716,0.3177
HTPM,30,12,17,0.2,0.3,0.25,0.020137952936849803,0.7008000000000001
HTPM,30,12,18,0.15,0.2,0.175,0.01475379451516295,1.5062499999999999
HTPM,30,12,19,0.1,0.15,0.125,0.028421341784652377,3.7815000000000003
HTPM,30,12,20,0.088,0.1,0.094,0.004828342409387912,6.616
HTPM,30,12,21,0.08,0.088,0.08399999999999999,0.0044103127641675,2.1645
HTPM,30,12,22,0.06,0.08,0.07,0.009647776385602035,3.7199999999999998
HTPM,30,12,23,0.05,0.06,0.055,0.003666926712459751,6.531000000000001
HTPM,30,12,24,0.04,0.05,0.045,0.006171022734027829,11.2005
HTPM,30,12,25,0.03,0.04,0.035,0.008215157058684853,22.34
HTPM,30,12,26,0.02,0.03,0.025,0.00614866299232371,58.34
HTPM,30,12,27,0.0159,0.02,0.01795,0.0027703524922109844,120.58000000000001
HTPM,30,12,28,0.0155,0.0159,0.0157,0.0002802091977108319,138.0
HTPM,30,12,29,0.0152,0.0155,0.015349999999999999,0.0002053289761163041,145.05
HTPM,30,12,30,0.015,0.0152,0.015099999999999999,0.00013464586067670487,109.69999999999999
HTPM,30,12,31,0.013,0.015,0.013999999999999999,0.0014726363491835215,136.85
HTPM,30,12,32,0.01,0.013,0.0115,0.002316394767180196,98.805
HTPM,30,12,33,0.008,0.01,0.009000000000000001,0.0016813639173800824,179.64999999999998
HTPM,30,12,34,0.006,0.008,0.007,0.0018741222679884355,347.95
HTPM,30,12,35,0.005,0.006,0.0055,0.0010810997175080138,598.8
HTPM,30,12,36,0.004,0.005,0.0045000000000000005,2.1327044355309916e-05,990.7
HTPM,30,12,37,0.00385,0.004,0.003925,7.168087236729146e-09,1309.5
HTPM,30,12,38,0.0037,0.00385,0.003775,2.119772667390774e-06,1339.5
HTPM,30,12,39,0.00355,0.0037,0.003625,2.105991548237371e-08,1513.5
HTPM,30,12,40,0.0033,0.00355,0.003425,2.6362224127925584e-06,1540.5
HTPM,30,12,41,0.00307,0.0033,0.003185,6.192666467508305e-07,1971.0
HTPM,30,12,42,0.003,0.00307,0.003035,2.2542392954987673e-09,1911.0
HTPM,30,12,43,0.00259,0.003,0.0027949999999999997,3.416981150303258e-07,2211.5
HTPM,30,12,44,0.00253,0.00259,0.0025599999999999998,2.0571331188270914e-11,1835.0
HTPM,30,12,45,0.00248,0.00253,0.0025050000000000003,4.92054203297355e-10,1561.5
HTPM,30,12,46,0.002,0.00248,0.00224,6.745261329388553e-08,1042.8
HTPM,30,12,47,0.0015,0.002,0.00175,3.5117915973373602e-09,1820.5
HTPM,30,12,48,0.001,0.0015,0.00125,2.332257594244831e-10,3783.0
HTPM,30,13,1,15.0,20.0,17.5,0.0,0.05932
HTPM,30,13,2,10.0,15.0,12.5,1.0982679191877666e-11,0.05315
HTPM,30,13,3,8.0,10.0,9.0,1.0808309774361438e-10,0.048235
HTPM,30,13,4,6.0,8.0,7.0,7.44536359134575e-10,0.045329999999999995
HTPM,30,13,5,5.0,6.0,5.5,1.3035843367101382e-09,0.043315
HTPM,30,13,6,4.0,5.0,4.5,3.176376921604671e-09,0.042345
HTPM,30,13,7,3.0,4.0,3.5,7.323647121054938e-05,0.042155
HTPM,30,13,8,2.0,3.0,2.5,0.01616338331730597,0.0442
HTPM,30,13,9,1.5,2.0,1.75,0.0056870540407933205,0.04914
HTPM,30,13,10,1.25,1.5,1.375,0.025761831376976716,0.05549
HTPM,30,13,11,1.0,1.25,1.125,0.026469243742724833,0.06489
HTPM,30,13,12,0.8,1.0,0.9,0.033805109505585025,0.07986
HTPM,30,13,13,0.6,0.8,0.7,0.6593743055429917,0.10675
HTPM,30,13,14,0.5,0.6,0.55,0.07530818892340661,0.1431
HTPM,30,13,15,0.4,0.5,0.45,0.019180071989471185,0.19685
HTPM,30,13,16,0.3,0.4,0.35,0.019950974297830455,0.3177
HTPM,30,13,17,0.2,0.3,0.25,0.020135381799537465,0.7008000000000001
HTPM,30,13,18,0.15,0.2,0.175,0.014765194736575355,1.5062499999999999
HTPM,30,13,19,0.1,0.15,0.125,0.02828850551797502,3.7815000000000003
HTPM,30,13,20,0.088,0.1,0.094,0.004833108203352395,6.616
HTPM,30,13,21,0.08,0.088,0.08399999999999999,0.004408004736828135,2.1645
HTPM,30,13,22,0.06,0.08,0.07,0.009662050789744723,3.7199999999999998
HTPM,30,13,23,0.05,0.06,0.055,0.003675047890542849,6.531000000000001
HTPM,30,13,24,0.04,0.05,0.045,0.006180696568680875,11.2005
HTPM,30,13,25,0.03,0.04,0.035,0.008249350222131559,22.34
HTPM,30,13,26,0.02,0.03,0.025,0.006163740853437275,58.34
HTPM,30,13,27,0.0159,0.02,0.01795,0.002773342953888169,120.58000000000001
HTPM,30,13,28,0.0155,0.0159,0.0157,0.0002808017203582227,138.0
HTPM,30,13,29,0.0152,0.0155,0.015349999999999999,0.00020575775486437713,145.05
HTPM,30,13,30,0.015,0.0152,0.015099999999999999,0.0001349301982846891,109.69999999999999
HTPM,30,13,31,0.013,0.015,0.013999999999999999,0.0014748614979541144,136.85
HTPM,30,13,32,0.01,0.013,0.0115,0.0023214272757446667,98.805
HTPM,30,13,33,0.008,0.01,0.009000000000000001,0.0016851123669747625,179.64999999999998
HTPM,30,13,34,0.006,0.008,0.007,0.0018787233256476988,347.95
HTPM,30,13,35,0.005,0.006,0.0055,0.0010826017406023822,598.8
HTPM,30,13,36,0.004,0.005,0.0045000000000000005,2.2257477912453288e-05,990.7
HTPM,30,13,37,0.00385,0.004,0.003925,6.115625721799225e-09,1309.5
HTPM,30,13,38,0.0037,0.00385,0.003775,2.179530308669188e-06,1339.5
HTPM,30,13,39,0.00355,0.0037,0.003625,2.2307104396093096e-08,1513.5
HTPM,30,13,40,0.0033,0.00355,0.003425,2.541705890105335e-06,1540.5
HTPM,30,13,41,0.00307,0.0033,0.003185,6.528730670049828e-07,1971.0
HTPM,30,13,42,0.003,0.00307,0.003035,2.259017461069097e-09,1911.0
HTPM,30,13,43,0.00259,0.003,0.0027949999999999997,2.4089663251151335e-07,2211.5
HTPM,30,13,44,0.00253,0.00259,0.0025599999999999998,2.0741824948780086e-11,1835.0
HTPM,30,13,45,0.00248,0.00253,0.0025050000000000003,3.769926584056181e-10,1561.5
HTPM,30,13,46,0.002,0.00248,0.00224,4.876027592536639e-08,1042.8
HTPM,30,13,47,0.0015,0.002,0.00175,2.743949789161446e-09,1820.5
HTPM,30,13,48,0.001,0.0015,0.00125,2.2749701198100387e-10,3783.0
HTPM,30,14,1,15.0,20.0,17.5,0.0,0.05932
HTPM,30,14,2,10.0,15.0,12.5,1.0973442555835293e-11,0.05315
HTPM,30,14,3,8.0,10.0,9.0,1.0799149738178096e-10,0.048235
HTPM,30,14,4,6.0,8.0,7.0,7.438868114922098e-10,0.045329999999999995
HTPM,30,14,5,5.0,6.0,5.5,1.3024173273126774e-09,0.043315
HTPM,30,14,6,4.0,5.0,4.5,3.1734234174048535e-09,0.042345
HTPM,30,14,7,3.0,4.0,3.5,7.278882030594395e-05,0.042155
HTPM,30,14,8,2.0,3.0,2.5,0.015846240733410698,0.0442
HTPM,30,14,9,1.5,2.0,1.75,0.0056539497749681636,0.04914
HTPM,30,14,10,1.25,1.5,1.375,0.026239894511162907,0.05549
HTPM,30,14,11,1.0,1.25,1.125,0.026704912814403604,0.06489
HTPM,30,14,12,0.8,1.0,0.9,0.034255306170051854,0.07986
HTPM,30,14,13,0.6,0.8,0.7,0.6591426674301412,0.10675
HTPM,30,14,14,0.5,0.6,0.55,0.07579204702436272,0.1431
HTPM,30,14,15,0.4,0.5,0.45,0.01890269720654084,0.19685
HTPM,30,14,16,0.3,0.4,0.35,0.019825808008505884,0.3177
HTPM,30,14,17,0.2,0.3,0.25,0.020021511456125057,0.7008000000000001
HTPM,30,14,18,0.15,0.2,0.175,0.014693094281438284,1.5062499999999999
HTPM,30,14,19,0.1,0.15,0.125,0.027998554157993422,3.7815000000000003
HTPM,30,14,20,0.088,0.1,0.094,0.004811637387292156,6.616
HTPM,30,14,21,0.08,0.088,0.08399999999999999,0.004380876091990619,2.1645
HTPM,30,14,22,0.06,0.08,0.07,0.00962382092374046,3.7199999999999998
HTPM,30,14,23,0.05,0.06,0.055,0.0036635724970334542,6.531000000000001
HTPM,30,14,24,0.04,0.05,0.045,0.006156822546893945,11.2005
HTPM,30,14,25,0.03,0.04,0.035,0.008238937052650948,22.34
HTPM,30,14,26,0.02,0.03,0.025,0.006147640908906554,58.34
HTPM,30,14,27,0.0159,0.02,0.01795,0.002762350205542012,120.58000000000001
HTPM,30,14,28,0.0155,0.0159,0.0157,0.00027994636131438455,138.0
HTPM,30,14,29,0.0152,0.0155,0.015349999999999999,0.00020512574741949813,145.05
HTPM,30,14,30,0.015,0.0152,0.015099999999999999,0.0001345073555209011,109.69999999999999
HTPM,30,14,31,0.013,0.015,0.013999999999999999,0.001469600311933515,136.85
HTPM,30,14,32,0.01,0.013,0.0115,0.0023144890988896047,98.805
HTPM,30,14,33,0.008,0.01,0.009000000000000001,0.001680227878884777,179.64999999999998
HTPM,30,14,34,0.006,0.008,0.007,0.001873734857071619,347.95
HTPM,30,14,35,0.005,0.006,0.0055,0.0010785456433248628,598.8
HTPM,30,14,36,0.004,0.005,0.0045000000000000005,2.3086081014545782e-05,990.7
HTPM,30,14,37,0.00385,0.004,0.003925,5.348525753399672e-09,1309.5
HTPM,30,14,38,0.0037,0.00385,0.003775,2.2285923030758864e-06,1339.5
HTPM,30,14,39,0.00355,0.0037,0.003625,2.346482358152565e-08,1513.5
HTPM,30,14,40,0.0033,0.00355,0.003425,2.4416241135949667e-06,1540.5
HTPM,30,14,41,0.00307,0.0033,0.003185,6.851680400934133e-07,1971.0
HTPM,30,14,42,0.003,0.00307,0.003035,2.2498410670923085e-09,1911.0
HTPM,30,14,43,0.00259,0.003,0.0027949999999999997,1.7678488042628084e-07,2211.5
HTPM,30,14,44,0.00253,0.00259,0.0025599999999999998,2.080495846301466e-11,1835.0
HTPM,30,14,45,0.00248,0.00253,0.0025050000000000003,2.8680607386763653e-10,1561.5
HTPM,30,14,46,0.002,0.00248,0.00224,3.541845348374588e-08,1042.8
HTPM,30,14,47,0.0015,0.002,0.00175,2.1435364978105815e-09,1820.5
HTPM,30,14,48,0.001,0.0015,0.00125,2.2034447068770164e-10,3783.0
HTPM,30,15,1,15.0,20.0,17.5,0.0,0.05932
HTPM,30,15,2,10.0,15.0,12.5,1.094260717641219e-11,0.05315
HTPM,30,15,3,8.0,10.0,9.0,1.076886765531481e-10,0.048235
HTPM,30,15,4,6.0,8.0,7.0,7.417401638304494e-10,0.045329999999999995
HTPM,30,15,5,5.0,6.0,5.5,1.2986283538848421e-09,0.043315
HTPM,30,15,6,4.0,5.0,4.5,3.164035291401092e-09,0.042345
HTPM,30,15,7,3.0,4.0,3.5,7.193681971235729e-05,0.042155
HTPM,30,15,8,2.0,3.0,2.5,0.015446619916353191,0.0442
HTPM,30,15,9,1.5,2.0,1.75,0.005591976746278738,0.04914
HTPM,30,15,10,1.25,1.5,1.375,0.026593663081467232,0.05549
HTPM,30,15,11,1.0,1.25,1.125,0.02681264985862532,0.06489
HTPM,30,15,12,0.8,1.0,0.9,0.034538372865706046,0.07986
HTPM,30,15,13,0.6,0.8,0.7,0.660400738538436,0.10675
HTPM,30,15,14,0.5,0.6,0.55,0.07588034229482392,0.1431
HTPM,30,15,15,0.4,0.5,0.45,0.01864717199074125,0.19685
HTPM,30,15,16,0.3,0.4,0.35,0.019611355909086862,0.3177
HTPM,30,15,17,0.2,0.3,0.25,0.019822212886288975,0.7008000000000001
HTPM,30,15,18,0.15,0.2,0.175,0.014557002316075122,1.5062499999999999
HTPM,30,15,19,0.1,0.15,0.125,0.027587466398378564,3.7815000000000003
HTPM,30,15,20,0.088,0.1,0.094,0.004769783667826634,6.616
HTPM,30,15,21,0.08,0.088,0.08399999999999999,0.00433439093663024,2.1645
HTPM,30,15,22,0.06,0.08,0.07,0.0095458557618103,3.7199999999999998
HTPM,30,15,23,0.05,0.06,0.055,0.003637262143870313,6.531000000000001
HTPM,30,15,24,0.04,0.05,0.045,0.006107354281322252,11.2005
HTPM,30,15,25,0.03,0.04,0.035,0.008194113405308623,22.34
HTPM,30,15,26,0.02,0.03,0.025,0.006107292142723862,58.34
HTPM,30,15,27,0.0159,0.02,0.01795,0.002740731003135415,120.58000000000001
HTPM,30,15,28,0.0155,0.0159,0.0157,0.00027796761625474483,138.0
HTPM,30,15,29,0.0152,0.0155,0.015349999999999999,0.00020366760350703188,145.05
HTPM,30,15,30,0.015,0.0152,0.015099999999999999,0.00013355034694558562,109.69999999999999
HTPM,30,15,31,0.013,0.015,0.013999999999999999,0.0014585420368405306,136.85
HTPM,30,15,32,0.01,0.013,0.0115,0.0022983721208022223,98.805
HTPM,30,15,33,0.008,0.01,0.009000000000000001,0.0016686823488745502,179.64999999999998
HTPM,30,15,34,0.006,0.008,0.007,0.0018613534296146334,347.95
HTPM,30,15,35,0.005,0.006,0.0055,0.0010702172226376618,598.8
HTPM,30,15,36,0.004,0.005,0.0045000000000000005,2.3827666938483922e-05,990.7
HTPM,30,15,37,0.00385,0.004,0.003925,4.769753634170746e-09,1309.5
HTPM,30,15,38,0.0037,0.00385,0.003775,2.26879207668215e-06,1339.5
HTPM,30,15,39,0.00355,0.0037,0.003625,2.4542001909137938e-08,1513.5
HTPM,30,15,40,0.0033,0.00355,0.003425,2.3407879280629773e-06,1540.5
HTPM,30,15,41,0.00307,0.0033,0.003185,7.160303808853421e-07,1971.0
HTPM,30,15,42,0.003,0.00307,0.003035,2.2301472538289994e-09,1911.0
HTPM,30,15,43,0.00259,0.003,0.0027949999999999997,1.3613991089487466e-07,2211.5
HTPM,30,15,44,0.00253,0.00259,0.0025599999999999998,2.078789641614239e-11,1835.0
HTPM,30,15,45,0.00248,0.00253,0.0025050000000000003,2.1696536712674136e-10,1561.5
HTPM,30,15,46,0.002,0.00248,0.00224,2.5897777060675094e-08,1042.8
HTPM,30,15,47,0.0015,0.002,0.00175,1.679999858927913e-09,1820.5
HTPM,30,15,48,0.001,0.0015,0.00125,2.1221884815015184e-10,3783.0
HTPM,30,16,1,15.0,20.0,17.5,0.0,0.05932
HTPM,30,16,2,10.0,15.0,12.5,1.0900935376294318e-11,0.05315
HTPM,30,16,3,8.0,10.0,9.0,1.0727388039045826e-10,0.048235
HTPM,30,16,4,6.0,8.0,7.0,7.388700724825718e-10,0.045329999999999995
HTPM,30,16,5,5.0,6.0,5.5,1.2935805423609632e-09,0.043315
HTPM,30,16,6,4.0,5.0,4.5,3.151629140866956e-09,0.042345
HTPM,30,16,7,3.0,4.0,3.5,7.077476672702442e-05,0.042155
HTPM,30,16,8,2.0,3.0,2.5,0.014990337406534117,0.0442
HTPM,30,16,9,1.5,2.0,1.75,0.005508288023489618,0.04914
HTPM,30,16,10,1.25,1.5,1.375,0.026847606884741224,0.05549
HTPM,30,16,11,1.0,1.25,1.125,0.026818955710733342,0.06489
HTPM,30,16,12,0.8,1.0,0.9,0.03468637384805007,0.07986
HTPM,30,16,13,0.6,0.8,0.7,0.6628165832404079,0.10675
HTPM,30,16,14,0.5,0.6,0.55,0.07565809224945247,0.1431
HTPM,30,16,15,0.4,0.5,0.45,0.01839560767503996,0.19685
HTPM,30,16,16,0.3,0.4,0.35,0.01933063954814237,0.3177
HTPM,30,16,17,0.2,0.3,0.25,0.01955941728409984,0.7008000000000001
HTPM,30,16,18,0.15,0.2,0.175,0.014372961261528129,1.5062499999999999
HTPM,30,16,19,0.1,0.15,0.125,0.027087499765417383,3.7815000000000003
HTPM,30,16,20,0.088,0.1,0.094,0.00471245876959522,6.616
HTPM,30,16,21,0.08,0.088,0.08399999999999999,0.004273499042708669,2.1645
HTPM,30,16,22,0.06,0.08,0.07,0.009437642761182944,3.7199999999999998
HTPM,30,16,23,0.05,0.06,0.055,0.0035998608409013675,6.531000000000001
HTPM,30,16,24,0.04,0.05,0.045,0.006038696254623848,11.2005
HTPM,30,16,25,0.03,0.04,0.035,0.008123400999328387,22.34
HTPM,30,16,26,0.02,0.03,0.025,0.006048581179441633,58.34
HTPM,30,16,27,0.0159,0.02,0.01795,0.0027111821428686296,120.58000000000001
HTPM,30,16,28,0.0155,0.0159,0.0157,0.00027514623481888925,138.0
HTPM,30,16,29,0.0152,0.0155,0.015349999999999999,0.0002015870272172096,145.05
HTPM,30,16,30,0.015,0.0152,0.015099999999999999,0.00013219170390678763,109.69999999999999
HTPM,30,16,31,0.013,0.015,0.013999999999999999,0.0014432335558850675,136.85
HTPM,30,16,32,0.01,0.013,0.0115,0.002275270123915528,98.805
HTPM,30,16,33,0.008,0.01,0.009000000000000001,0.001652133528180574,179.64999999999998
HTPM,30,16,34,0.006,0.008,0.007,0.001843383082318908,347.95
HTPM,30,16,35,0.005,0.006,0.0055,0.0010586387572158074,598.8
HTPM,30,16,36,0.004,0.005,0.0045000000000000005,2.449821061609495e-05,990.7
HTPM,30,16,37,0.00385,0.004,0.003925,4.319829771660849e-09,1309.5
HTPM,30,16,38,0.0037,0.00385,0.003775,2.3016712904730727e-06,1339.5
HTPM,30,16,39,0.00355,0.0037,0.003625,2.555398749333076e-08,1513.5
HTPM,30,16,40,0.0033,0.00355,0.003425,2.2424707347330215e-06,1540.5
HTPM,30,16,41,0.00307,0.0033,0.003185,7.45484943306924e-07,1971.0
HTPM,30,16,42,0.003,0.00307,0.003035,2.202500242668512e-09,1911.0
HTPM,30,16,43,0.00259,0.003,0.0027949999999999997,1.1030353214901038e-07,2211.5
HTPM,30,16,44,0.00253,0.00259,0.0025599999999999998,2.071286283006474e-11,1835.0
HTPM,30,16,45,0.00248,0.00253,0.0025050000000000003,1.633842100706616e-10,1561.5
HTPM,30,16,46,0.002,0.00248,0.00224,1.9098399930218142e-08,1042.8
HTPM,30,16,47,0.0015,0.002,0.00175,1.3258748938999407e-09,1820.5
HTPM,30,16,48,0.001,0.0015,0.00125,2.0346650106651609e-10,3783.0
HTPM,30,17,1,15.0,20.0,17.5,0.0,0.05932
HTPM,30,17,2,10.0,15.0,12.5,1.0857455782617848e-11,0.05315
HTPM,30,17,3,8.0,10.0,9.0,1.0684543236036464e-10,0.048235
HTPM,30,17,4,6.0,8.0,7.0,7.359270926935265e-10,0.045329999999999995
HTPM,30,17,5,5.0,6.0,5.5,1.2883620621803382e-09,0.043315
HTPM,30,17,6,4.0,5.0,4.5,3.1388467680163755e-09,0.042345
HTPM,30,17,7,3.0,4.0,3.5,6.938709786228578e-05,0.042155
HTPM,30,17,8,2.0,3.0,2.5,0.014496776358669732,0.0442
HTPM,30,17,9,1.5,2.0,1.75,0.005409175507056428,0.04914
HTPM,30,17,10,1.25,1.5,1.375,0.027025036598485784,0.05549
HTPM,30,17,11,1.0,1.25,1.125,0.026747661657413848,0.06489
HTPM,30,17,12,0.8,1.0,0.9,0.03473121948464255,0.07986
HTPM,30,17,13,0.6,0.8,0.7,0.6660897857772204,0.10675
HTPM,30,17,14,0.5,0.6,0.55,0.07519409996125331,0.1431
HTPM,30,17,15,0.4,0.5,0.45,0.01813968247223497,0.19685
HTPM,30,17,16,0.3,0.4,0.35,0.019004469301236462,0.3177
HTPM,30,17,17,0.2,0.3,0.25,0.019250975005279385,0.7008000000000001
HTPM,30,17,18,0.15,0.2,0.175,0.014156486439043204,1.5062499999999999
HTPM,30,17,19,0.1,0.15,0.125,0.026526254715964388,3.7815000000000003
HTPM,30,17,20,0.088,0.1,0.094,0.004644839752452427,6.616
HTPM,30,17,21,0.08,0.088,0.08399999999999999,0.004203038783901025,2.1645
HTPM,30,17,22,0.06,0.08,0.07,0.009308817311382372,3.7199999999999998
HTPM,30,17,23,0.05,0.06,0.055,0.0035546122522989534,6.531000000000001
HTPM,30,17,24,0.04,0.05,0.045,0.005956608651712114,11.2005
HTPM,30,17,25,0.03,0.04,0.035,0.008034741375231792,22.34
HTPM,30,17,26,0.02,0.03,0.025,0.005977203082804428,58.34
HTPM,30,17,27,0.0159,0.02,0.01795,0.0026761858145005774,120.58000000000001
HTPM,30,17,28,0.0155,0.0159,0.0157,0.00027174008959282705,138.0
HTPM,30,17,29,0.0152,0.0155,0.015349999999999999,0.0001990862085021266,145.05
HTPM,30,17,30,0.015,0.0152,0.015099999999999999,0.00013054897266894297,109.69999999999999
HTPM,30,17,31,0.013,0.015,0.013999999999999999,0.0014250449931502475,136.85
HTPM,30,17,32,0.01,0.013,0.0115,0.00224744180490014,98.805
HTPM,30,17,33,0.008,0.01,0.009000000000000001,0.0016321277122338701,179.64999999999998
HTPM,30,17,34,0.006,0.008,0.007,0.001821574068673694,347.95
HTPM,30,17,35,0.005,0.006,0.0055,0.0010448637277267387,598.8
HTPM,30,17,36,0.004,0.005,0.0045000000000000005,2.5116017992744286e-05,990.7
HTPM,30,17,37,0.00385,0.004,0.003925,3.9626710718887705e-09,1309.5
HTPM,30,17,38,0.0037,0.00385,0.003775,2.3289354701762574e-06,1339.5
HTPM,30,17,39,0.00355,0.0037,0.003625,2.6515049911235165e-08,1513.5
HTPM,30,17,40,0.0033,0.00355,0.003425,2.149081547065122e-06,1540.5
HTPM,30,17,41,0.00307,0.0033,0.003185,7.737150053179107e-07,1971.0
HTPM,30,17,42,0.003,0.00307,0.003035,2.169619954133789e-09,1911.0
HTPM,30,17,43,0.00259,0.003,0.0027949999999999997,9.371427519248325e-08,2211.5
HTPM,30,17,44,0.00253,0.00259,0.0025599999999999998,2.0602211708717287e-11,1835.0
HTPM,30,17,45,0.00248,0.00253,0.0025050000000000003,1.2260118057840998e-10,1561.5
HTPM,30,17,46,0.002,0.00248,0.00224,1.4234010242003757e-08,1042.8
HTPM,30,17,47,0.0015,0.002,0.00175,1.0578344096812884e-09,1820.5
HTPM,30,17,48,0.001,0.0015,0.00125,1.943865548449388e-10,3783.0
HTPM,30,18,1,15.0,20.0,17.5,0.0,0.05932
HTPM,30,18,2,10.0,15.0,12.5,1.0817802496741816e-11,0.05315
HTPM,30,18,3,8.0,10.0,9.0,1.0645678156549164e-10,0.048235
HTPM,30,18,4,6.0,8.0,7.0,7.331861199132146e-10,0.045329999999999995
HTPM,30,18,5,5.0,6.0,5.5,1.2835547997018765e-09,0.043315
HTPM,30,18,6,4.0,5.0,4.5,3.12705311612428e-09,0.042345
HTPM,30,18,7,3.0,4.0,3.5,6.783100312412004e-05,0.042155
HTPM,30,18,8,2.0,3.0,2.5,0.013978287500481353,0.0442
HTPM,30,18,9,1.5,2.0,1.75,0.005298977387495752,0.04914
HTPM,30,18,10,1.25,1.5,1.375,0.027141716241235476,0.05549
HTPM,30,18,11,1.0,1.25,1.125,0.02661628343431904,0.06489
HTPM,30,18,12,0.8,1.0,0.9,0.034693251158539086,0.07986
HTPM,30,18,13,0.6,0.8,0.7,0.6700112205541927,0.10675
HTPM,30,18,14,0.5,0.6,0.55,0.0745403491195793,0.1431
HTPM,30,18,15,0.4,0.5,0.45,0.017875318053229658,0.19685
HTPM,30,18,16,0.3,0.4,0.35,0.018645527494625475,0.3177
HTPM,30,18,17,0.2,0.3,0.25,0.018913028996501907,0.7008000000000001
HTPM,30,18,18,0.15,0.2,0.175,0.013916342226412828,1.5062499999999999
HTPM,30,18,19,0.1,0.15,0.125,0.025923633188133365,3.7815000000000003
HTPM,30,18,20,0.088,0.1,0.094,0.004570178477817129,6.616
HTPM,30,18,21,0.08,0.088,0.08399999999999999,0.004125694455826718,2.1645
HTPM,30,18,22,0.06,0.08,0.07,0.009165070103925567,3.7199999999999998
HTPM,30,18,23,0.05,0.06,0.055,0.003503712863128952,6.531000000000001
HTPM,30,18,24,0.04,0.05,0.045,0.005865103831384542,11.2005
HTPM,30,18,25,0.03,0.04,0.035,0.007933240768094764,22.34
HTPM,30,18,26,0.02,0.03,0.025,0.005896633279871105,58.34
HTPM,30,18,27,0.0159,0.02,0.01795,0.002637452054182524,120.58000000000001
HTPM,30,18,28,0.0155,0.0159,0.0157,0.00026792588500499384,138.0
HTPM,30,18,29,0.0152,0.0155,0.015349999999999999,0.00019628313628223631,145.05
HTPM,30,18,30,0.015,0.0152,0.015099999999999999,0.00012871021526625795,109.69999999999999
HTPM,30,18,31,0.013,0.015,0.013999999999999999,0.0014047888932019017,136.85
HTPM,30,18,32,0.01,0.013,0.0115,0.002216193101877146,98.805
HTPM,30,18,33,0.008,0.01,0.009000000000000001,0.0016096305463126905,179.64999999999998
HTPM,30,18,34,0.006,0.008,0.007,0.0017970579212527545,347.95
HTPM,30,18,35,0.005,0.006,0.0055,0.0010295234948757015,598.8
HTPM,30,18,36,0.004,0.005,0.0045000000000000005,2.5687104323291196e-05,990.7
HTPM,30,18,37,0.00385,0.004,0.003925,3.6748929439004066e-09,1309.5
HTPM,30,18,38,0.0037,0.00385,0.003775,2.351221039084078e-06,1339.5
HTPM,30,18,39,0.00355,0.0037,0.003625,2.7430620183309742e-08,1513.5
HTPM,30,18,40,0.0033,0.00355,0.003425,2.0621883343614694e-06,1540.5
HTPM,30,18,41,0.00307,0.0033,0.003185,8.008579677638851e-07,1971.0
HTPM,30,18,42,0.003,0.00307,0.003035,2.1331050009504263e-09,1911.0
HTPM,30,18,43,0.00259,0.003,0.0027949999999999997,8.284250763544402e-08,2211.5
HTPM,30,18,44,0.00253,0.00259,0.0025599999999999998,2.046690415605749e-11,1835.0
HTPM,30,18,45,0.00248,0.00253,0.0025050000000000003,9.173218111510909e-11,1561.5
HTPM,30,18,46,0.002,0.00248,0.00224,1.0746164063307812e-08,1042.8
HTPM,30,18,47,0.0015,0.002,0.00175,8.564340148323965e-10,1820.5
HTPM,30,18,48,0.001,0.0015,0.00125,1.8516880848666688e-10,3783.0
HTPM,30,19,1,15.0,20.0,17.5,0.0,0.05932
HTPM,30,19,2,10.0,15.0,12.5,1.0787075118086518e-11,0.05315
HTPM,30,19,3,8.0,10.0,9.0,1.0614985173242353e-10,0.048235
HTPM,30,19,4,6.0,8.0,7.0,7.310647343567839e-10,0.045329999999999995
HTPM,30,19,5,5.0,6.0,5.5,1.2798042341544694e-09,0.043315
HTPM,30,19,6,4.0,5.0,4.5,3.117677395140163e-09,0.042345
HTPM,30,19,7,3.0,4.0,3.5,6.615984868815327e-05,0.042155
HTPM,30,19,8,2.0,3.0,2.5,0.013448945417984236,0.0442
HTPM,30,19,9,1.5,2.0,1.75,0.005181786166111491,0.04914
HTPM,30,19,10,1.25,1.5,1.375,0.027212546312337205,0.05549
HTPM,30,19,11,1.0,1.25,1.125,0.026440945421218984,0.06489
HTPM,30,19,12,0.8,1.0,0.9,0.03459446443935673,0.07986
HTPM,30,19,13,0.6,0.8,0.7,0.6743644405952894,0.10675
HTPM,30,19,14,0.5,0.6,0.55,0.07375040280734844,0.1431
HTPM,30,19,15,0.4,0.5,0.45,0.017604578486580803,0.19685
HTPM,30,19,16,0.3,0.4,0.35,0.018268230741499258,0.3177
HTPM,30,19,17,0.2,0.3,0.25,0.018557004426970943,0.7008000000000001
HTPM,30,19,18,0.15,0.2,0.175,0.013662590015990881,1.5062499999999999
HTPM,30,19,19,0.1,0.15,0.125,0.025298252370803742,3.7815000000000003
HTPM,30,19,20,0.088,0.1,0.094,0.0044907514557163825,6.616
HTPM,30,19,21,0.08,0.088,0.08399999999999999,0.004044576221027031,2.1645
HTPM,30,19,22,0.06,0.08,0.07,0.009012998175199929,3.7199999999999998
HTPM,30,19,23,0.05,0.06,0.055,0.0034498749742280055,6.531000000000001
HTPM,30,19,24,0.04,0.05,0.045,0.005768188464588621,11.2005
HTPM,30,19,25,0.03,0.04,0.035,0.007824305034389425,22.34
HTPM,30,19,26,0.02,0.03,0.025,0.005810701702599141,58.34
HTPM,30,19,27,0.0159,0.02,0.01795,0.002596561674554623,120.58000000000001
HTPM,30,19,28,0.0155,0.0159,0.0157,0.00026386030491736955,138.0
HTPM,30,19,29,0.0152,0.0155,0.015349999999999999,0.00019330146243232388,145.05
HTPM,30,19,30,0.015,0.0152,0.015099999999999999,0.00012675434546556295,109.69999999999999
HTPM,30,19,31,0.013,0.015,0.013999999999999999,0.0013833529659017397,136.85
HTPM,30,19,32,0.01,0.013,0.0115,0.002182973292128138,98.805
HTPM,30,19,33,0.008,0.01,0.009000000000000001,0.0015857341919439298,179.64999999999998
HTPM,30,19,34,0.006,0.008,0.007,0.0017708944411911026,347.95
HTPM,30,19,35,0.005,0.006,0.0055,0.0010132936817784848,598.8
HTPM,30,19,36,0.004,0.005,0.0045000000000000005,2.6226881442341323e-05,990.7
HTPM,30,19,37,0.00385,0.004,0.003925,3.4415089249667466e-09,1309.5
HTPM,30,19,38,0.0037,0.00385,0.003775,2.3700399269918484e-06,1339.5
HTPM,30,19,39,0.00355,0.0037,0.003625,2.8314978799134818e-08,1513.5
HTPM,30,19,40,0.0033,0.00355,0.003425,1.9826961598273935e-06,1540.5
HTPM,30,19,41,0.00307,0.0033,0.003185,8.271438853926814e-07,1971.0
HTPM,30,19,42,0.003,0.00307,0.003035,2.094554144683676e-09,1911.0
HTPM,30,19,43,0.00259,0.003,0.0027949999999999997,7.549173688828814e-08,2211.5
HTPM,30,19,44,0.00253,0.00259,0.0025599999999999998,2.032015829551413e-11,1835.0
HTPM,30,19,45,0.00248,0.00253,0.0025050000000000003,6.847899135440746e-11,1561.5
HTPM,30,19,46,0.002,0.00248,0.00224,8.24106896877125e-09,1042.8
HTPM,30,19,47,0.0015,0.002,0.00175,7.062289991751589e-10,1820.5
HTPM,30,19,48,0.001,0.0015,0.00125,1.7598419578932153e-10,3783.0
HTPM,30,20,1,15.0,20.0,17.5,0.0,0.05932
HTPM,30,20,2,10.0,15.0,12.5,1.0767020073633472e-11,0.05315
HTPM,30,20,3,8.0,10.0,9.0,1.059502942081364e-10,0.048235
HTPM,30,20,4,6.0,8.0,7.0,7.296940022594628e-10,0.045329999999999995
HTPM,30,20,5,5.0,6.0,5.5,1.277363534128322e-09,0.043315
HTPM,30,20,6,4.0,5.0,4.5,3.11184237322894e-09,0.042345
HTPM,30,20,7,3.0,4.0,3.5,6.440989414113452e-05,0.042155
HTPM,30,20,8,2.0,3.0,2.5,0.012915976693229069,0.0442
HTPM,30,20,9,1.5,2.0,1.75,0.005060209118536674,0.04914
HTPM,30,20,10,1.25,1.5,1.375,0.02724918996823455,0.05549
HTPM,30,20,11,1.0,1.25,1.125,0.026232960180778767,0.06489
HTPM,30,20,12,0.8,1.0,0.9,0.03444907794596834,0.07986
HTPM,30,20,13,0.6,0.8,0.7,0.6790184055156792,0.10675
HTPM,30,20,14,0.5,0.6,0.55,0.07285203840998675,0.1431
HTPM,30,20,15,0.4,0.5,0.45,0.017328608019051853,0.19685
HTPM,30,20,16,0.3,0.4,0.35,0.017881740434606743,0.3177
HTPM,30,20,17,0.2,0.3,0.25,0.01818984608618889,0.7008000000000001
HTPM,30,20,18,0.15,0.2,0.175,0.013401360456286909,1.5062499999999999
HTPM,30,20,19,0.1,0.15,0.125,0.024662041389472207,3.7815000000000003
HTPM,30,20,20,0.088,0.1,0.094,0.004409041783796972,6.616
HTPM,30,20,21,0.08,0.088,0.08399999999999999,0.003961122877323499,2.1645
HTPM,30,20,22,0.06,0.08,0.07,0.008855949678050137,3.7199999999999998
HTPM,30,20,23,0.05,0.06,0.055,0.003394326087305818,6.531000000000001
HTPM,30,20,24,0.04,0.05,0.045,0.005668427464340354,11.2005
HTPM,30,20,25,0.03,0.04,0.035,0.0077113384178100035,22.34
HTPM,30,20,26,0.02,0.03,0.025,0.005721573836156969,58.34
HTPM,30,20,27,0.0159,0.02,0.01795,0.0025544950624773054,120.58000000000001
HTPM,30,20,28,0.0155,0.0159,0.0157,0.0002596680828993331,138.0
HTPM,30,20,29,0.0152,0.0155,0.015349999999999999,0.00019021605335931964,145.05
HTPM,30,20,30,0.015,0.0152,0.015099999999999999,0.0001247304578747263,109.69999999999999
HTPM,30,20,31,0.013,0.015,0.013999999999999999,0.001361288351027205,136.85
HTPM,30,20,32,0.01,0.013,0.0115,0.002148603298760182,98.805
HTPM,30,20,33,0.008,0.01,0.009000000000000001,0.0015609912170639214,179.64999999999998
HTPM,30,20,34,0.006,0.008,0.007,0.001743828572453486,347.95
HTPM,30,20,35,0.005,0.006,0.0055,0.000996527827025023,598.8
HTPM,30,20,36,0.004,0.005,0.0045000000000000005,2.6739963225723886e-05,990.7
HTPM,30,20,37,0.00385,0.004,0.003925,3.252057623224617e-09,1309.5
HTPM,30,20,38,0.0037,0.00385,0.003775,2.385891595204818e-06,1339.5
HTPM,30,20,39,0.00355,0.0037,0.003625,2.917330605620244e-08,1513.5
HTPM,30,20,40,0.0033,0.00355,0.003425,1.910980212293178e-06,1540.5
HTPM,30,20,41,0.00307,0.0033,0.003185,8.526987225768188e-07,1971.0
HTPM,30,20,42,0.003,0.00307,0.003035,2.055121770957092e-09,1911.0
HTPM,30,20,43,0.00259,0.003,0.0027949999999999997,7.029844789826361e-08,2211.5
HTPM,30,20,44,0.00253,0.00259,0.0025599999999999998,2.0169747333751172e-11,1835.0
HTPM,30,20,45,0.00248,0.00253,0.0025050000000000003,5.1024519599568826e-11,1561.5
HTPM,30,20,46,0.002,0.00248,0.00224,6.438657990754726e-09,1042.8
HTPM,30,20,47,0.0015,0.002,0.00175,5.950058761017105e-10,1820.5
HTPM,30,20,48,0.001,0.0015,0.00125,1.669502716712555e-10,3783.0
HTPM,30,21,1,15.0,20.0,17.5,0.0,0.05932
HTPM,30,21,2,10.0,15.0,12.5,1.0759462687282727e-11,0.05315
HTPM,30,21,3,8.0,10.0,9.0,1.0587601238484264e-10,0.048235
HTPM,30,21,4,6.0,8.0,7.0,7.291890258832123e-10,0.045329999999999995
HTPM,30,21,5,5.0,6.0,5.5,1.2764139882776048e-09,0.043315
HTPM,30,21,6,4.0,5.0,4.5,3.1093009517930413e-09,0.042345
HTPM,30,21,7,3.0,4.0,3.5,6.261204823038121e-05,0.042155
HTPM,30,21,8,2.0,3.0,2.5,0.012384986616942295,0.0442
HTPM,30,21,9,1.5,2.0,1.75,0.004936393918263001,0.04914
HTPM,30,21,10,1.25,1.5,1.375,0.027259700563951102,0.05549
HTPM,30,21,11,1.0,1.25,1.125,0.026000879673813784,0.06489
HTPM,30,21,12,0.8,1.0,0.9,0.03426755016428732,0.07986
HTPM,30,21,13,0.6,0.8,0.7,0.6838595195862435,0.10675
HTPM,30,21,14,0.5,0.6,0.55,0.0718755761668749,0.1431
HTPM,30,21,15,0.4,0.5,0.45,0.01704976466844212,0.19685
HTPM,30,21,16,0.3,0.4,0.35,0.01749013896539292,0.3177
HTPM,30,21,17,0.2,0.3,0.25,0.01782073762034074,0.7008000000000001
HTPM,30,21,18,0.15,0.2,0.175,0.013137722975857564,1.5062499999999999
HTPM,30,21,19,0.1,0.15,0.125,0.02402550311307195,3.7815000000000003
HTPM,30,21,20,0.088,0.1,0.094,0.004326530710022087,6.616
HTPM,30,21,21,0.08,0.088,0.08399999999999999,0.0038772858493769,2.1645
HTPM,30,21,22,0.06,0.08,0.07,0.008697354212910178,3.7199999999999998
HTPM,30,21,23,0.05,0.06,0.055,0.003338059553316405,6.531000000000001
HTPM,30,21,24,0.04,0.05,0.045,0.005567349513992384,11.2005
HTPM,30,21,25,0.03,0.04,0.035,0.007596520208848282,22.34
HTPM,30,21,26,0.02,0.03,0.025,0.00563108856840839,58.34
HTPM,30,21,27,0.0159,0.02,0.01795,0.0025121245114462626,120.58000000000001
HTPM,30,21,28,0.0155,0.0159,0.0157,0.00025542289131542646,138.0
HTPM,30,21,29,0.0152,0.0155,0.015349999999999999,0.00018709744821971346,145.05
HTPM,30,21,30,0.015,0.0152,0.015099999999999999,0.00012268480985394825,109.69999999999999
HTPM,30,21,31,0.013,0.015,0.013999999999999999,0.0013390898773007168,136.85
HTPM,30,21,32,0.01,0.013,0.0115,0.002113822059942628,98.805
HTPM,30,21,33,0.008,0.01,0.009000000000000001,0.0015359942123633447,179.64999999999998
HTPM,30,21,34,0.006,0.008,0.007,0.001716396592715236,347.95
HTPM,30,21,35,0.005,0.006,0.0055,0.0009796229754406218,598.8
HTPM,30,21,36,0.004,0.005,0.0045000000000000005,2.723356653425739e-05,990.7
HTPM,30,21,37,0.00385,0.004,0.003925,3.0987456016004465e-09,1309.5
HTPM,30,21,38,0.0037,0.00385,0.003775,2.3990441546227396e-06,1339.5
HTPM,30,21,39,0.00355,0.0037,0.003625,3.001305730304471e-08,1513.5
HTPM,30,21,40,0.0033,0.00355,0.003425,1.8469789918870199e-06,1540.5
HTPM,30,21,41,0.00307,0.0033,0.003185,8.776853549719771e-07,1971.0
HTPM,30,21,42,0.003,0.00307,0.003035,2.01537955755125e-09,1911.0
HTPM,30,21,43,0.00259,0.003,0.0027949999999999997,6.641905782990475e-08,2211.5
HTPM,30,21,44,0.00253,0.00259,0.0025599999999999998,2.0019495912652402e-11,1835.0
HTPM,30,21,45,0.00248,0.00253,0.0025050000000000003,3.796057469902023e-11,1561.5
HTPM,30,21,46,0.002,0.00248,0.00224,5.140601029584177e-09,1042.8
HTPM,30,21,47,0.0015,0.002,0.00175,5.132863322028536e-10,1820.5
HTPM,30,21,48,0.001,0.0015,0.00125,1.5813313490339467e-10,3783.0
HTPM,30,22,1,15.0,20.0,17.5,0.0,0.05932
HTPM,30,22,2,10.0,15.0,12.5,1.0765674813533103e-11,0.05315
HTPM,30,22,3,8.0,10.0,9.0,1.059329849978326e-10,0.048235
HTPM,30,22,4,6.0,8.0,7.0,7.295450929262151e-10,0.045329999999999995
HTPM,30,22,5,5.0,6.0,5.5,1.2770752329569274e-09,0.043315
HTPM,30,22,6,4.0,5.0,4.5,3.110775339245871e-09,0.042345
HTPM,30,22,7,3.0,4.0,3.5,6.078749245028772e-05,0.042155
HTPM,30,22,8,2.0,3.0,2.5,0.011861069804883361,0.0442
HTPM,30,22,9,1.5,2.0,1.75,0.004811984688727119,0.04914
HTPM,30,22,10,1.25,1.5,1.375,0.027250532655132415,0.05549
HTPM,30,22,11,1.0,1.25,1.125,0.025752503517701576,0.06489
HTPM,30,22,12,0.8,1.0,0.9,0.034059906959980284,0.07986
HTPM,30,22,13,0.6,0.8,0.7,0.688799223374485,0.10675
HTPM,30,22,14,0.5,0.6,0.55,0.07084347473421362,0.1431
HTPM,30,22,15,0.4,0.5,0.45,0.01677060452978217,0.19685
HTPM,30,22,16,0.3,0.4,0.35,0.0171008181356731,0.3177
HTPM,30,22,17,0.2,0.3,0.25,0.017452055794393958,0.7008000000000001
HTPM,30,22,18,0.15,0.2,0.175,0.012874486679788574,1.5062499999999999
HTPM,30,22,19,0.1,0.15,0.125,0.02339514237016694,3.7815000000000003
HTPM,30,22,20,0.088,0.1,0.094,0.004244339969196611,6.616
HTPM,30,22,21,0.08,0.088,0.08399999999999999,0.003793912711975162,2.1645
HTPM,30,22,22,0.06,0.08,0.07,0.008539060263199501,3.7199999999999998
HTPM,30,22,23,0.05,0.06,0.055,0.0032820010829403444,6.531000000000001
HTPM,30,22,24,0.04,0.05,0.045,0.005466802871489055,11.2005
HTPM,30,22,25,0.03,0.04,0.035,0.007482340115301309,22.34
HTPM,30,22,26,0.02,0.03,0.025,0.005540910042782601,58.34
HTPM,30,22,27,0.0159,0.02,0.01795,0.002470066806267481,120.58000000000001
HTPM,30,22,28,0.0155,0.0159,0.0157,0.00025118743381884835,138.0
HTPM,30,22,29,0.0152,0.0155,0.015349999999999999,0.00018399008944077996,145.05
HTPM,30,22,30,0.015,0.0152,0.015099999999999999,0.00012064391223258745,109.69999999999999
HTPM,30,22,31,0.013,0.015,0.013999999999999999,0.0013171203007476596,136.85
HTPM,30,22,32,0.01,0.013,0.0115,0.002079158538010276,98.805
HTPM,30,22,33,0.008,0.01,0.009000000000000001,0.001511048883580121,179.64999999999998
HTPM,30,22,34,0.006,0.008,0.007,0.0016891048295123764,347.95
HTPM,30,22,35,0.005,0.006,0.0055,0.0009627970223328589,598.8
HTPM,30,22,36,0.004,0.005,0.0045000000000000005,2.7711741276759064e-05,990.7
HTPM,30,22,37,0.00385,0.004,0.003925,2.9758304688087117e-09,1309.5
HTPM,30,22,38,0.0037,0.00385,0.003775,2.4103906598934024e-06,1339.5
HTPM,30,22,39,0.00355,0.0037,0.003625,3.083560435038476e-08,1513.5
HTPM,30,22,40,0.0033,0.00355,0.003425,1.7908163991263792e-06,1540.5
HTPM,30,22,41,0.00307,0.0033,0.003185,9.022160572075099e-07,1971.0
HTPM,30,22,42,0.003,0.00307,0.003035,1.9761432940755815e-09,1911.0
HTPM,30,22,43,0.00259,0.003,0.0027949999999999997,6.334626611587861e-08,2211.5
HTPM,30,22,44,0.00253,0.00259,0.0025599999999999998,1.9875156331001268e-11,1835.0
HTPM,30,22,45,0.00248,0.00253,0.0025050000000000003,2.8204731781233338e-11,1561.5
HTPM,30,22,46,0.002,0.00248,0.00224,4.205998791060601e-09,1042.8
HTPM,30,22,47,0.0015,0.002,0.00175,4.5379659703131927e-10,1820.5
HTPM,30,22,48,0.001,0.0015,0.00125,1.495871818577025e-10,3783.0
HTPM,30,23,1,15.0,20.0,17.5,0.0,0.05932
HTPM,30,23,2,10.0,15.0,12.5,1.0784952286363966e-11,0.05315
HTPM,30,23,3,8.0,10.0,9.0,1.061232859787605e-10,0.048235
HTPM,30,23,4,6.0,8.0,7.0,7.308470181585677e-10,0.045329999999999995
HTPM,30,23,5,5.0,6.0,5.5,1.2793085695520933e-09,0.043315
HTPM,30,23,6,4.0,5.0,4.5,3.1161690947530264e-09,0.042345
HTPM,30,23,7,3.0,4.0,3.5,5.895388995439797e-05,0.042155
HTPM,30,23,8,2.0,3.0,2.5,0.011347429441836808,0.0442
HTPM,30,23,9,1.5,2.0,1.75,0.004688057092017964,0.04914
HTPM,30,23,10,1.25,1.5,1.375,0.027227439179720703,0.05549
HTPM,30,23,11,1.0,1.25,1.125,0.02549274298216672,0.06489
HTPM,30,23,12,0.8,1.0,0.9,0.03383241680629246,0.07986
HTPM,30,23,13,0.6,0.8,0.7,0.6937764301702788,0.10675
HTPM,30,23,14,0.5,0.6,0.55,0.06976865124733032,0.1431
HTPM,30,23,15,0.4,0.5,0.45,0.016492759380109908,0.19685
HTPM,30,23,16,0.3,0.4,0.35,0.01671672975378589,0.3177
HTPM,30,23,17,0.2,0.3,0.25,0.017089154351164617,0.7008000000000001
HTPM,30,23,18,0.15,0.2,0.175,0.012614715045406318,1.5062499999999999
HTPM,30,23,19,0.1,0.15,0.125,0.0227756923158996,3.7815000000000003
HTPM,30,23,20,0.088,0.1,0.094,0.0041633364002340925,6.616
HTPM,30,23,21,0.08,0.088,0.08399999999999999,0.0037119012853734034,2.1645
HTPM,30,23,22,0.06,0.08,0.07,0.008382990876012957,3.7199999999999998
HTPM,30,23,23,0.05,0.06,0.055,0.0032269995182735048,6.531000000000001
HTPM,30,23,24,0.04,0.05,0.045,0.005367554739492377,11.2005
HTPM,30,23,25,0.03,0.04,0.035,0.0073701291717487545,22.34
HTPM,30,23,26,0.02,0.03,0.025,0.005451825606710032,58.34
HTPM,30,23,27,0.0159,0.02,0.01795,0.0024287433257298577,120.58000000000001
HTPM,30,23,28,0.0155,0.0159,0.0157,0.00024702041627215697,138.0
HTPM,30,23,29,0.0152,0.0155,0.015349999999999999,0.00018093320419098325,145.05
HTPM,30,23,30,0.015,0.0152,0.015099999999999999,0.00011863597902781247,109.69999999999999
HTPM,30,23,31,0.013,0.015,0.013999999999999999,0.0012955155384385987,136.85
HTPM,30,23,32,0.01,0.013,0.0115,0.0020450240689074113,98.805
HTPM,30,23,33,0.008,0.01,0.009000000000000001,0.0014864704232180304,179.64999999999998
HTPM,30,23,34,0.006,0.008,0.007,0.0016621609482375779,347.95
HTPM,30,23,35,0.005,0.006,0.0055,0.0009462103768749417,598.8
HTPM,30,23,36,0.004,0.005,0.0045000000000000005,2.8181595939517796e-05,990.7
HTPM,30,23,37,0.00385,0.004,0.003925,2.8786302520962515e-09,1309.5
HTPM,30,23,38,0.0037,0.00385,0.003775,2.419880382993133e-06,1339.5
HTPM,30,23,39,0.00355,0.0037,0.003625,3.1648235701136345e-08,1513.5
HTPM,30,23,40,0.0033,0.00355,0.003425,1.7419943017206738e-06,1540.5
HTPM,30,23,41,0.00307,0.0033,0.003185,9.263913620411739e-07,1971.0
HTPM,30,23,42,0.003,0.00307,0.003035,1.9376952637350878e-09,1911.0
HTPM,30,23,43,0.00259,0.003,0.0027949999999999997,6.076826482086042e-08,2211.5
HTPM,30,23,44,0.00253,0.00259,0.0025599999999999998,1.9739126696164597e-11,1835.0
HTPM,30,23,45,0.00248,0.00253,0.0025050000000000003,2.093360044432072e-11,1561.5
HTPM,30,23,46,0.002,0.00248,0.00224,3.534233161035211e-09,1042.8
HTPM,30,23,47,0.0015,0.002,0.00175,4.109910066876065e-10,1820.5
HTPM,30,23,48,0.001,0.0015,0.00125,1.4135108655198388e-10,3783.0
HTPM,30,24,1,15.0,20.0,17.5,0.0,0.05932
HTPM,30,24,2,10.0,15.0,12.5,1.0817443954494162e-11,0.05315
HTPM,30,24,3,8.0,10.0,9.0,1.064429872318993e-10,0.048235
HTPM,30,24,4,6.0,8.0,7.0,7.33034748991731e-10,0.045329999999999995
HTPM,30,24,5,5.0,6.0,5.5,1.2830877218708902e-09,0.043315
HTPM,30,24,6,4.0,5.0,4.5,3.1255414478400403e-09,0.042345
HTPM,30,24,7,3.0,4.0,3.5,5.712139432231518e-05,0.042155
HTPM,30,24,8,2.0,3.0,2.5,0.01084609943516832,0.0442
HTPM,30,24,9,1.5,2.0,1.75,0.0045655069050632175,0.04914
HTPM,30,24,10,1.25,1.5,1.375,0.02719219130886559,0.05549
HTPM,30,24,11,1.0,1.25,1.125,0.025225157880665542,0.06489
HTPM,30,24,12,0.8,1.0,0.9,0.033589899339552906,0.07986
HTPM,30,24,13,0.6,0.8,0.7,0.69874185356187,0.10675
HTPM,30,24,14,0.5,0.6,0.55,0.06866734876625617,0.1431
HTPM,30,24,15,0.4,0.5,0.45,0.016217899927700622,0.19685
HTPM,30,24,16,0.3,0.4,0.35,0.016340622534357058,0.3177
HTPM,30,24,17,0.2,0.3,0.25,0.016734525180239504,0.7008000000000001
HTPM,30,24,18,0.15,0.2,0.175,0.012360293608676283,1.5062499999999999
HTPM,30,24,19,0.1,0.15,0.125,0.022171489337958712,3.7815000000000003
HTPM,30,24,20,0.088,0.1,0.094,0.0040840386209099085,6.616
HTPM,30,24,21,0.08,0.088,0.08399999999999999,0.0036316523432392517,2.1645
HTPM,30,24,22,0.06,0.08,0.07,0.008230680650021874,3.7199999999999998
HTPM,30,24,23,0.05,0.06,0.055,0.003173318951194836,6.531000000000001
HTPM,30,24,24,0.04,0.05,0.045,0.0052708174765027024,11.2005
HTPM,30,24,25,0.03,0.04,0.035,0.007260527309120857,22.34
HTPM,30,24,26,0.02,0.03,0.025,0.005364636622363763,58.34
HTPM,30,24,27,0.0159,0.02,0.01795,0.0023885370881745346,120.58000000000001
HTPM,30,24,28,0.0155,0.0159,0.0157,0.00024294116515550068,138.0
HTPM,30,24,29,0.0152,0.0155,0.015349999999999999,0.0001779324875443579,145.05
HTPM,30,24,30,0.015,0.0152,0.015099999999999999,0.00011667861471532087,109.69999999999999
HTPM,30,24,31,0.013,0.015,0.013999999999999999,0.0012744304603056783,136.85
HTPM,30,24,32,0.01,0.013,0.0115,0.0020116395413379237,98.805
HTPM,30,24,33,0.008,0.01,0.009000000000000001,0.001462437966874949,179.64999999999998
HTPM,30,24,34,0.006,0.008,0.007,0.0016358752636552822,347.95
HTPM,30,24,35,0.005,0.006,0.0055,0.000930021891283797,598.8
HTPM,30,24,36,0.004,0.005,0.0045000000000000005,2.864170400075569e-05,990.7
HTPM,30,24,37,0.00385,0.004,0.003925,2.8029509964833802e-09,1309.5
HTPM,30,24,38,0.0037,0.00385,0.003775,2.427684056710517e-06,1339.5
HTPM,30,24,39,0.00355,0.0037,0.003625,3.245129861297741e-08,1513.5
HTPM,30,24,40,0.0033,0.00355,0.003425,1.7001926277951612e-06,1540.5
HTPM,30,24,41,0.00307,0.0033,0.003185,9.502723337293683e-07,1971.0
HTPM,30,24,42,0.003,0.00307,0.003035,1.900448285851623e-09,1911.0
HTPM,30,24,43,0.00259,0.003,0.0027949999999999997,5.8498014635240376e-08,2211.5
HTPM,30,24,44,0.00253,0.00259,0.0025599999999999998,1.9611987314812392e-11,1835.0
HTPM,30,24,45,0.00248,0.00253,0.0025050000000000003,1.5522852977944913e-11,1561.5
HTPM,30,24,46,0.002,0.00248,0.00224,3.0530166305214935e-09,1042.8
HTPM,30,24,47,0.0015,0.002,0.00175,3.8065499674000957e-10,1820.5
HTPM,30,24,48,0.001,0.0015,0.00125,1.334408585624433e-10,3783.0
HTPM,30,25,1,15.0,20.0,17.5,0.0,0.05932
HTPM,30,25,2,10.0,15.0,12.5,1.086217021676941e-11,0.05315
HTPM,30,25,3,8.0,10.0,9.0,1.0688341597567748e-10,0.048235
HTPM,30,25,4,6.0,8.0,7.0,7.360514990056447e-10,0.045329999999999995
HTPM,30,25,5,5.0,6.0,5.5,1.288362701448909e-09,0.043315
HTPM,30,25,6,4.0,5.0,4.5,3.1383212116348073e-09,0.042345
HTPM,30,25,7,3.0,4.0,3.5,5.530173635547433e-05,0.042155
HTPM,30,25,8,2.0,3.0,2.5,0.010358536112062612,0.0442
HTPM,30,25,9,1.5,2.0,1.75,0.004444959362648792,0.04914
HTPM,30,25,10,1.25,1.5,1.375,0.02714914070803136,0.05549
HTPM,30,25,11,1.0,1.25,1.125,0.024953403347998674,0.06489
HTPM,30,25,12,0.8,1.0,0.9,0.03333611479336537,0.07986
HTPM,30,25,13,0.6,0.8,0.7,0.7036641257887735,0.10675
HTPM,30,25,14,0.5,0.6,0.55,0.06754544017074118,0.1431
HTPM,30,25,15,0.4,0.5,0.45,0.015947603584307392,0.19685
HTPM,30,25,16,0.3,0.4,0.35,0.015974014009876702,0.3177
HTPM,30,25,17,0.2,0.3,0.25,0.016388587075203773,0.7008000000000001
HTPM,30,25,18,0.15,0.2,0.175,0.012112640312976358,1.5062499999999999
HTPM,30,25,19,0.1,0.15,0.125,0.021584520533465983,3.7815000000000003
HTPM,30,25,20,0.088,0.1,0.094,0.0040070168839628825,6.616
HTPM,30,25,21,0.08,0.088,0.08399999999999999,0.0035536896968378466,2.1645
HTPM,30,25,22,0.06,0.08,0.07,0.008082607096210375,3.7199999999999998
HTPM,30,25,23,0.05,0.06,0.055,0.0031214015914037717,6.531000000000001
HTPM,30,25,24,0.04,0.05,0.045,0.005176641136696605,11.2005
HTPM,30,25,25,0.03,0.04,0.035,0.007154683149282559,22.34
HTPM,30,25,26,0.02,0.03,0.025,0.0052799666305282066,58.34
HTPM,30,25,27,0.0159,0.02,0.01795,0.0023495477240461434,120.58000000000001
HTPM,30,25,28,0.0155,0.0159,0.0157,0.00023898554002893624,138.0
HTPM,30,25,29,0.0152,0.0155,0.015349999999999999,0.00017502875413384227,145.05
HTPM,30,25,30,0.015,0.0152,0.015099999999999999,0.00011476835445356265,109.69999999999999
HTPM,30,25,31,0.013,0.015,0.013999999999999999,0.0012540517453643687,136.85
HTPM,30,25,32,0.01,0.013,0.0115,0.001979214240031008,98.805
HTPM,30,25,33,0.008,0.01,0.009000000000000001,0.0014391280987496678,179.64999999999998
HTPM,30,25,34,0.006,0.008,0.007,0.0016103128507499519,347.95
HTPM,30,25,35,0.005,0.006,0.0055,0.0009142978621207185,598.8
HTPM,30,25,36,0.004,0.005,0.0045000000000000005,2.909525011515624e-05,990.7
HTPM,30,25,37,0.00385,0.004,0.003925,2.74596115023042e-09,1309.5
HTPM,30,25,38,0.0037,0.00385,0.003775,2.434157123779107e-06,1339.5
HTPM,30,25,39,0.00355,0.0037,0.003625,3.324917223732009e-08,1513.5
HTPM,30,25,40,0.0033,0.00355,0.003425,1.6650041814406638e-06,1540.5
HTPM,30,25,41,0.00307,0.0033,0.003185,9.739063056164363e-07,1971.0
HTPM,30,25,42,0.003,0.00307,0.003035,1.864583106804628e-09,1911.0
HTPM,30,25,43,0.00259,0.003,0.0027949999999999997,5.642471612461486e-08,2211.5
HTPM,30,25,44,0.00253,0.00259,0.0025599999999999998,1.9496464269000497e-11,1835.0
HTPM,30,25,45,0.00248,0.00253,0.0025050000000000003,1.1500615562017542e-11,1561.5
HTPM,30,25,46,0.002,0.00248,0.00224,2.7104474605408088e-09,1042.8
HTPM,30,25,47,0.0015,0.002,0.00175,3.59642204787344e-10,1820.5
HTPM,30,25,48,0.001,0.0015,0.00125,1.2586615651001036e-10,3783.0
HTPM,30,26,1,15.0,20.0,17.5,0.0,0.05932
HTPM,30,26,2,10.0,15.0,12.5,1.0918818773218355e-11,0.05315
HTPM,30,26,3,8.0,10.0,9.0,1.0743874614472156e-10,0.048235
HTPM,30,26,4,6.0,8.0,7.0,7.398696926028463e-10,0.045329999999999995
HTPM,30,26,5,5.0,6.0,5.5,1.2950613172629635e-09,0.043315
HTPM,30,26,6,4.0,5.0,4.5,3.1544636708624502e-09,0.042345
HTPM,30,26,7,3.0,4.0,3.5,5.3501199245542e-05,0.042155
HTPM,30,26,8,2.0,3.0,2.5,0.009886110035928935,0.0442
HTPM,30,26,9,1.5,2.0,1.75,0.004326844167045008,0.04914
HTPM,30,26,10,1.25,1.5,1.375,0.027100068375211825,0.05549
HTPM,30,26,11,1.0,1.25,1.125,0.024678671656012556,0.06489
HTPM,30,26,12,0.8,1.0,0.9,0.03307434195114461,0.07986
HTPM,30,26,13,0.6,0.8,0.7,0.7085151622658663,0.10675
HTPM,30,26,14,0.5,0.6,0.55,0.0664113605600957,0.1431
HTPM,30,26,15,0.4,0.5,0.45,0.01568273398192088,0.19685
HTPM,30,26,16,0.3,0.4,0.35,0.015618728609915157,0.3177
HTPM,30,26,17,0.2,0.3,0.25,0.016054873714907127,0.7008000000000001
HTPM,30,26,18,0.15,0.2,0.175,0.011872388861124572,1.5062499999999999
HTPM,30,26,19,0.1,0.15,0.125,0.021016592143786466,3.7815000000000003
HTPM,30,26,20,0.088,0.1,0.094,0.003932487741189864,6.616
HTPM,30,26,21,0.08,0.088,0.08399999999999999,0.0034782625653823167,2.1645
HTPM,30,26,22,0.06,0.08,0.07,0.007939096712456519,3.7199999999999998
HTPM,30,26,23,0.05,0.06,0.055,0.0030711554129322183,6.531000000000001
HTPM,30,26,24,0.04,0.05,0.045,0.005085736071020621,11.2005
HTPM,30,26,25,0.03,0.04,0.035,0.007052946388010216,22.34
HTPM,30,26,26,0.02,0.03,0.025,0.00519797695619702,58.34
HTPM,30,26,27,0.0159,0.02,0.01795,0.002312024212199603,120.58000000000001
HTPM,30,26,28,0.0155,0.0159,0.0157,0.00023516655863379927,138.0
HTPM,30,26,29,0.0152,0.0155,0.015349999999999999,0.00017221869310669131,145.05
HTPM,30,26,30,0.015,0.0152,0.015099999999999999,0.00011292798805327373,109.69999999999999
HTPM,30,26,31,0.013,0.015,0.013999999999999999,0.001234493485128074,136.85
HTPM,30,26,32,0.01,0.013,0.0115,0.0019479681956587596,98.805
HTPM,30,26,33,0.008,0.01,0.009000000000000001,0.001416631014344717,179.64999999999998
HTPM,30,26,34,0.006,0.008,0.007,0.0015856723268480736,347.95
HTPM,30,26,35,0.005,0.006,0.0055,0.0008991394797326351,598.8
HTPM,30,26,36,0.004,0.005,0.0045000000000000005,2.95446135110497e-05,990.7
HTPM,30,26,37,0.00385,0.004,0.003925,2.7046016822360698e-09,1309.5
HTPM,30,26,38,0.0037,0.00385,0.003775,2.439359890510823e-06,1339.5
HTPM,30,26,39,0.00355,0.0037,0.003625,3.403931263424533e-08,1513.5
HTPM,30,26,40,0.0033,0.00355,0.003425,1.6360114523807834e-06,1540.5
HTPM,30,26,41,0.00307,0.0033,0.003185,9.973699882871683e-07,1971.0
HTPM,30,26,42,0.003,0.00307,0.003035,1.830329967787864e-09,1911.0
HTPM,30,26,43,0.00259,0.003,0.0027949999999999997,5.447886972872108e-08,2211.5
HTPM,30,26,44,0.00253,0.00259,0.0025599999999999998,1.9389854525821516e-11,1835.0
HTPM,30,26,45,0.00248,0.00253,0.0025050000000000003,8.514344414647524e-12,1561.5
HTPM,30,26,46,0.002,0.00248,0.00224,2.4690841936060295e-09,1042.8
HTPM,30,26,47,0.0015,0.002,0.00175,3.4556824423721976e-10,1820.5
HTPM,30,26,48,0.001,0.0015,0.00125,1.1863563527281108e-10,3783.0
HTPM,30,27,1,15.0,20.0,17.5,0.0,0.05932
HTPM,30,27,2,10.0,15.0,12.5,1.098693698881886e-11,0.05315
HTPM,30,27,3,8.0,10.0,9.0,1.0810683888027616e-10,0.048235
HTPM,30,27,4,6.0,8.0,7.0,7.444516264243793e-10,0.045329999999999995
HTPM,30,27,5,5.0,6.0,5.5,1.3030910132969548e-09,0.043315
HTPM,30,27,6,4.0,5.0,4.5,3.173888820887023e-09,0.042345
HTPM,30,27,7,3.0,4.0,3.5,5.1727174733392483e-05,0.042155
HTPM,30,27,8,2.0,3.0,2.5,0.009429392780482123,0.0442
HTPM,30,27,9,1.5,2.0,1.75,0.004211723360848638,0.04914
HTPM,30,27,10,1.25,1.5,1.375,0.027046852931588043,0.05549
HTPM,30,27,11,1.0,1.25,1.125,0.024405352153385157,0.06489
HTPM,30,27,12,0.8,1.0,0.9,0.03280795953787123,0.07986
HTPM,30,27,13,0.6,0.8,0.7,0.7132651954137875,0.10675
HTPM,30,27,14,0.5,0.6,0.55,0.06527348447991949,0.1431
HTPM,30,27,15,0.4,0.5,0.45,0.015424486486454397,0.19685
HTPM,30,27,16,0.3,0.4,0.35,0.015275752567282492,0.3177
HTPM,30,27,17,0.2,0.3,0.25,0.015732440643736037,0.7008000000000001
HTPM,30,27,18,0.15,0.2,0.175,0.01164203569873455,1.5062499999999999
HTPM,30,27,19,0.1,0.15,0.125,0.020469798146935975,3.7815000000000003
HTPM,30,27,20,0.088,0.1,0.094,0.003860880159111264,6.616
HTPM,30,27,21,0.08,0.088,0.08399999999999999,0.0034056080319380235,2.1645
HTPM,30,27,22,0.06,0.08,0.07,0.007801584310787937,3.7199999999999998
HTPM,30,27,23,0.05,0.06,0.055,0.003023232409909849,6.531000000000001
HTPM,30,27,24,0.04,0.05,0.045,0.004998241714740857,11.2005
HTPM,30,27,25,0.03,0.04,0.035,0.006955984140168301,22.34
HTPM,30,27,26,0.02,0.03,0.025,0.0051193379628139,58.34
HTPM,30,27,27,0.0159,0.02,0.01795,0.002276087221392201,120.58000000000001
HTPM,30,27,28,0.0155,0.0159,0.0157,0.00023150314548508967,138.0
HTPM,30,27,29,0.0152,0.0155,0.015349999999999999,0.00016953160733105226,145.05
HTPM,30,27,30,0.015,0.0152,0.015099999999999999,0.00011116244557822882,109.69999999999999
HTPM,30,27,31,0.013,0.015,0.013999999999999999,0.0012157731535990812,136.85
HTPM,30,27,32,0.01,0.013,0.0115,0.0019179684693883833,98.805
HTPM,30,27,33,0.008,0.01,0.009000000000000001,0.0013950714340140796,179.64999999999998
HTPM,30,27,34,0.006,0.008,0.007,0.001562058657506583,347.95
HTPM,30,27,35,0.005,0.006,0.0055,0.000884606907278781,598.8
HTPM,30,27,36,0.004,0.005,0.0045000000000000005,2.9989983491103004e-05,990.7
HTPM,30,27,37,0.00385,0.004,0.003925,2.6769498682393345e-09,1309.5
HTPM,30,27,38,0.0037,0.00385,0.003775,2.44336415166214e-06,1339.5
HTPM,30,27,39,0.00355,0.0037,0.003625,3.482798299597323e-08,1513.5
HTPM,30,27,40,0.0033,0.00355,0.003425,1.6127746726440918e-06,1540.5
HTPM,30,27,41,0.00307,0.0033,0.003185,1.0206862685270529e-06,1971.0
HTPM,30,27,42,0.003,0.00307,0.003035,1.7976103515280328e-09,1911.0
HTPM,30,27,43,0.00259,0.003,0.0027949999999999997,5.2625855228601667e-08,2211.5
HTPM,30,27,44,0.00253,0.00259,0.0025599999999999998,1.9295016428778056e-11,1835.0
HTPM,30,27,45,0.00248,0.00253,0.0025050000000000003,6.29932907093907e-12,1561.5
HTPM,30,27,46,0.002,0.00248,0.00224,2.3016913167987405e-09,1042.8
HTPM,30,27,47,0.0015,0.002,0.00175,3.3665379034073343e-10,1820.5
HTPM,30,27,48,0.001,0.0015,0.00125,1.1175039037562456e-10,3783.0
HTPM,30,28,1,15.0,20.0,17.5,0.0,0.05932
HTPM,30,28,2,10.0,15.0,12.5,1.106460510709292e-11,0.05315
HTPM,30,28,3,8.0,10.0,9.0,1.0887135023534618e-10,0.048235
HTPM,30,28,4,6.0,8.0,7.0,7.49744430529758e-10,0.045329999999999995
HTPM,30,28,5,5.0,6.0,5.5,1.312281561338768e-09,0.043315
HTPM,30,28,6,4.0,5.0,4.5,3.1963707621205076e-09,0.042345
HTPM,30,28,7,3.0,4.0,3.5,4.998013350484154e-05,0.042155
HTPM,30,28,8,2.0,3.0,2.5,0.008988211190597518,0.0442
HTPM,30,28,9,1.5,2.0,1.75,0.004099389218368242,0.04914
HTPM,30,28,10,1.25,1.5,1.375,0.026989863053445952,0.05549
HTPM,30,28,11,1.0,1.25,1.125,0.02413097638464943,0.06489
HTPM,30,28,12,0.8,1.0,0.9,0.032535939540219404,0.07986
HTPM,30,28,13,0.6,0.8,0.7,0.7179234626786279,0.10675
HTPM,30,28,14,0.5,0.6,0.55,0.06413228166400411,0.1431
HTPM,30,28,15,0.4,0.5,0.45,0.015172328388469793,0.19685
HTPM,30,28,16,0.3,0.4,0.35,0.014944823621176048,0.3177
HTPM,30,28,17,0.2,0.3,0.25,0.015421047134330958,0.7008000000000001
HTPM,30,28,18,0.15,0.2,0.175,0.01141948466284219,1.5062499999999999
HTPM,30,28,19,0.1,0.15,0.125,0.019943412779649887,3.7815000000000003
HTPM,30,28,20,0.088,0.1,0.094,0.003791950179832458,6.616
HTPM,30,28,21,0.08,0.088,0.08399999999999999,0.003335702961123976,2.1645
HTPM,30,28,22,0.06,0.08,0.07,0.0076692775316936825,3.7199999999999998
HTPM,30,28,23,0.05,0.06,0.055,0.0029773606779588306,6.531000000000001
HTPM,30,28,24,0.04,0.05,0.045,0.004914430274928519,11.2005
HTPM,30,28,25,0.03,0.04,0.035,0.0068633584859173966,22.34
HTPM,30,28,26,0.02,0.03,0.025,0.005043623404404107,58.34
HTPM,30,28,27,0.0159,0.02,0.01795,0.002241661719581725,120.58000000000001
HTPM,30,28,28,0.0155,0.0159,0.0157,0.00022798396076390004,138.0
HTPM,30,28,29,0.0152,0.0155,0.015349999999999999,0.00016694819263433124,145.05
HTPM,30,28,30,0.015,0.0152,0.015099999999999999,0.00010946170495319382,109.69999999999999
HTPM,30,28,31,0.013,0.015,0.013999999999999999,0.001197910941745073,136.85
HTPM,30,28,32,0.01,0.013,0.0115,0.0018891623722277204,98.805
HTPM,30,28,33,0.008,0.01,0.009000000000000001,0.0013743385097852053,179.64999999999998
HTPM,30,28,34,0.006,0.008,0.007,0.0015393711407662655,347.95
HTPM,30,28,35,0.005,0.006,0.0055,0.0008706428943854845,598.8
HTPM,30,28,36,0.004,0.005,0.0045000000000000005,3.0430846141290648e-05,990.7
HTPM,30,28,37,0.00385,0.004,0.003925,2.660431414582492e-09,1309.5
HTPM,30,28,38,0.0037,0.00385,0.003775,2.4461853838933847e-06,1339.5
HTPM,30,28,39,0.00355,0.0037,0.003625,3.560940560222538e-08,1513.5
HTPM,30,28,40,0.0033,0.00355,0.003425,1.5948196318321145e-06,1540.5
HTPM,30,28,41,0.00307,0.0033,0.003185,1.0438448466787566e-06,1971.0
HTPM,30,28,42,0.003,0.00307,0.003035,1.7665430607362885e-09,1911.0
HTPM,30,28,43,0.00259,0.003,0.0027949999999999997,5.083787830025803e-08,2211.5
HTPM,30,28,44,0.00253,0.00259,0.0025599999999999998,1.921099107790461e-11,1835.0
HTPM,30,28,45,0.00248,0.00253,0.0025050000000000003,4.657582332480318e-12,1561.5
HTPM,30,28,46,0.002,0.00248,0.00224,2.1881964324550927e-09,1042.8
HTPM,30,28,47,0.0015,0.002,0.00175,3.3155327103020733e-10,1820.5
HTPM,30,28,48,0.001,0.0015,0.00125,1.0519860443165243e-10,3783.0
HTPM,30,29,1,15.0,20.0,17.5,0.0,0.05932
HTPM,30,29,2,10.0,15.0,12.5,1.1152070046133822e-11,0.05315
HTPM,30,29,3,8.0,10.0,9.0,1.0972781695795032e-10,0.048235
HTPM,30,29,4,6.0,8.0,7.0,7.556139441205404e-10,0.045329999999999995
HTPM,30,29,5,5.0,6.0,5.5,1.3225413082690813e-09,0.043315
HTPM,30,29,6,4.0,5.0,4.5,3.2213338425285524e-09,0.042345
HTPM,30,29,7,3.0,4.0,3.5,4.826376699571175e-05,0.042155
HTPM,30,29,8,2.0,3.0,2.5,0.008562986376490278,0.0442
HTPM,30,29,9,1.5,2.0,1.75,0.0039902038454591405,0.04914
HTPM,30,29,10,1.25,1.5,1.375,0.02692904205041075,0.05549
HTPM,30,29,11,1.0,1.25,1.125,0.02385881426395325,0.06489
HTPM,30,29,12,0.8,1.0,0.9,0.03226074789227798,0.07986
HTPM,30,29,13,0.6,0.8,0.7,0.7224706984374486,0.10675
HTPM,30,29,14,0.5,0.6,0.55,0.06299292780629595,0.1431
HTPM,30,29,15,0.4,0.5,0.45,0.01492728900140103,0.19685
HTPM,30,29,16,0.3,0.4,0.35,0.014626843124303743,0.3177
HTPM,30,29,17,0.2,0.3,0.25,0.015122690373201308,0.7008000000000001
HTPM,30,29,18,0.15,0.2,0.175,0.011205366963275667,1.5062499999999999
HTPM,30,29,19,0.1,0.15,0.125,0.01943865613140011,3.7815000000000003
HTPM,30,29,20,0.088,0.1,0.094,0.003725916827984622,6.616
HTPM,30,29,21,0.08,0.088,0.08399999999999999,0.0032686354762235348,2.1645
HTPM,30,29,22,0.06,0.08,0.07,0.007542257453484739,3.7199999999999998
HTPM,30,29,23,0.05,0.06,0.055,0.002933682324203282,6.531000000000001
HTPM,30,29,24,0.04,0.05,0.045,0.0048340923579248485,11.2005
HTPM,30,29,25,0.03,0.04,0.035,0.006775494537976038,22.34
HTPM,30,29,26,0.02,0.03,0.025,0.004971331919565101,58.34
HTPM,30,29,27,0.0159,0.02,0.01795,0.002208928844436857,120.58000000000001
HTPM,30,29,28,0.0155,0.0159,0.0157,0.00022462184043541054,138.0
HTPM,30,29,29,0.0152,0.0155,0.015349999999999999,0.00016447769482350573,145.05
HTPM,30,29,30,0.015,0.0152,0.015099999999999999,0.00010785034009188962,109.69999999999999
HTPM,30,29,31,0.013,0.015,0.013999999999999999,0.0011808365804892127,136.85
HTPM,30,29,32,0.01,0.013,0.0115,0.0018616923023443948,98.805
HTPM,30,29,33,0.008,0.01,0.009000000000000001,0.0013545721357397357,179.64999999999998
HTPM,30,29,34,0.006,0.008,0.007,0.0015177350699851432,347.95
HTPM,30,29,35,0.005,0.006,0.0055,0.0008572778135686105,598.8
HTPM,30,29,36,0.004,0.005,0.0045000000000000005,3.087192938861664e-05,990.7
HTPM,30,29,37,0.00385,0.004,0.003925,2.653799141417232e-09,1309.5
HTPM,30,29,38,0.0037,0.00385,0.003775,2.4480389560120024e-06,1339.5
HTPM,30,29,39,0.00355,0.0037,0.003625,3.638924484308832e-08,1513.5
HTPM,30,29,40,0.0033,0.00355,0.003425,1.581725920591761e-06,1540.5
HTPM,30,29,41,0.00307,0.0033,0.003185,1.066883030693248e-06,1971.0
HTPM,30,29,42,0.003,0.00307,0.003035,1.7371857460482864e-09,1911.0
HTPM,30,29,43,0.00259,0.003,0.0027949999999999997,4.910471488176073e-08,2211.5
HTPM,30,29,44,0.00253,0.00259,0.0025599999999999998,1.9136518387049368e-11,1835.0
HTPM,30,29,45,0.00248,0.00253,0.0025050000000000003,3.441732088199951e-12,1561.5
HTPM,30,29,46,0.002,0.00248,0.00224,2.1143655497347482e-09,1042.8
HTPM,30,29,47,0.0015,0.002,0.00175,3.2928508685537726e-10,1820.5
HTPM,30,29,48,0.001,0.0015,0.00125,9.897113566921764e-11,3783.0
HTPM,30,30,1,15.0,20.0,17.5,0.0,0.05932
HTPM,30,30,2,10.0,15.0,12.5,1.1246703478358443e-11,0.05315
HTPM,30,30,3,8.0,10.0,9.0,1.1066623228674699e-10,0.048235
HTPM,30,30,4,6.0,8.0,7.0,7.620557919621997e-10,0.045329999999999995
HTPM,30,30,5,5.0,6.0,5.5,1.3338129596014862e-09,0.043315
HTPM,30,30,6,4.0,5.0,4.5,3.248854161693746e-09,0.042345
HTPM,30,30,7,3.0,4.0,3.5,4.6583375578468856e-05,0.042155
HTPM,30,30,8,2.0,3.0,2.5,0.008153800649475046,0.0442
HTPM,30,30,9,1.5,2.0,1.75,0.0038843123031837086,0.04914
HTPM,30,30,10,1.25,1.5,1.375,0.026866614813794074,0.05549
HTPM,30,30,11,1.0,1.25,1.125,0.023588391137139595,0.06489
HTPM,30,30,12,0.8,1.0,0.9,0.03198297431142477,0.07986
HTPM,30,30,13,0.6,0.8,0.7,0.7269010366959971,0.10675
HTPM,30,30,14,0.5,0.6,0.55,0.06185773992521557,0.1431
HTPM,30,30,15,0.4,0.5,0.45,0.014689380606170392,0.19685
HTPM,30,30,16,0.3,0.4,0.35,0.014321683778435618,0.3177
HTPM,30,30,17,0.2,0.3,0.25,0.014836908983746719,0.7008000000000001
HTPM,30,30,18,0.15,0.2,0.175,0.011000712020706222,1.5062499999999999
HTPM,30,30,19,0.1,0.15,0.125,0.01895481580107092,3.7815000000000003
HTPM,30,30,20,0.088,0.1,0.094,0.003662862043897919,6.616
HTPM,30,30,21,0.08,0.088,0.08399999999999999,0.003204411356693547,2.1645
HTPM,30,30,22,0.06,0.08,0.07,0.007421510188039086,3.7199999999999998
HTPM,30,30,23,0.05,0.06,0.055,0.0028922211706460662,6.531000000000001
HTPM,30,30,24,0.04,0.05,0.045,0.004757576436431175,11.2005
HTPM,30,30,25,0.03,0.04,0.035,0.006692481246862916,22.34
HTPM,30,30,26,0.02,0.03,0.025,0.004902254941935842,58.34
HTPM,30,30,27,0.0159,0.02,0.01795,0.002177733860041773,120.58000000000001
HTPM,30,30,28,0.0155,0.0159,0.0157,0.00022141815072711522,138.0
HTPM,30,30,29,0.0152,0.0155,0.015349999999999999,0.00016212095752779677,145.05
HTPM,30,30,30,0.015,0.0152,0.015099999999999999,0.00010630124156080975,109.69999999999999
HTPM,30,30,31,0.013,0.015,0.013999999999999999,0.001164761714835069,136.85
HTPM,30,30,32,0.01,0.013,0.0115,0.0018354632742779077,98.805
HTPM,30,30,33,0.008,0.01,0.009000000000000001,0.001335735039987596,179.64999999999998
HTPM,30,30,34,0.006,0.008,0.007,0.001497113795832196,347.95
HTPM,30,30,35,0.005,0.006,0.0055,0.0008445659214858392,598.8
HTPM,30,30,36,0.004,0.005,0.0045000000000000005,3.1305844707198075e-05,990.7
HTPM,30,30,37,0.00385,0.004,0.003925,2.65524797483839e-09,1309.5
HTPM,30,30,38,0.0037,0.00385,0.003775,2.4485815852505703e-06,1339.5
HTPM,30,30,39,0.00355,0.0037,0.003625,3.7165577502098974e-08,1513.5
HTPM,30,30,40,0.0033,0.00355,0.003425,1.5731175090900067e-06,1540.5
HTPM,30,30,41,0.00307,0.0033,0.003185,1.089785887103016e-06,1971.0
HTPM,30,30,42,0.003,0.00307,0.003035,1.70951751620944e-09,1911.0
HTPM,30,30,43,0.00259,0.003,0.0027949999999999997,4.741709615345976e-08,2211.5
HTPM,30,30,44,0.00253,0.00259,0.0025599999999999998,1.9070887924025154e-11,1835.0
HTPM,30,30,45,0.00248,0.00253,0.0025050000000000003,2.54177620182332e-12,1561.5
HTPM,30,30,46,0.002,0.00248,0.00224,2.0697417577156013e-09,1042.8
HTPM,30,30,47,0.0015,0.002,0.00175,3.2910481009769526e-10,1820.5
HTPM,30,30,48,0.001,0.0015,0.00125,9.305623945104773e-11,3783.0
HTPM,30,31,1,15.0,20.0,17.5,0.0,0.05932
HTPM,30,31,2,10.0,15.0,12.5,1.1350160176903386e-11,0.05315
HTPM,30,31,3,8.0,10.0,9.0,1.1168033648567863e-10,0.048235
HTPM,30,31,4,6.0,8.0,7.0,7.690067062708279e-10,0.045329999999999995
HTPM,30,31,5,5.0,6.0,5.5,1.3460188671940284e-09,0.043315
HTPM,30,31,6,4.0,5.0,4.5,3.278568601986651e-09,0.042345
HTPM,30,31,7,3.0,4.0,3.5,4.4939098253458346e-05,0.042155
HTPM,30,31,8,2.0,3.0,2.5,0.007760673031693618,0.0442
HTPM,30,31,9,1.5,2.0,1.75,0.0037817533763748377,0.04914
HTPM,30,31,10,1.25,1.5,1.375,0.0268043933746724,0.05549
HTPM,30,31,11,1.0,1.25,1.125,0.023323014544319936,0.06489
HTPM,30,31,12,0.8,1.0,0.9,0.03170573489553281,0.07986
HTPM,30,31,13,0.6,0.8,0.7,0.7311970966767549,0.10675
HTPM,30,31,14,0.5,0.6,0.55,0.060731483263294125,0.1431
HTPM,30,31,15,0.4,0.5,0.45,0.014459701388181204,0.19685
HTPM,30,31,16,0.3,0.4,0.35,0.014030082017575498,0.3177
HTPM,30,31,17,0.2,0.3,0.25,0.0145646238633935,0.7008000000000001
HTPM,30,31,18,0.15,0.2,0.175,0.010805624174229466,1.5062499999999999
HTPM,30,31,19,0.1,0.15,0.125,0.018492424538418498,3.7815000000000003
HTPM,30,31,20,0.088,0.1,0.094,0.0036029304182052173,6.616
HTPM,30,31,21,0.08,0.088,0.08399999999999999,0.003143241896318571,2.1645
HTPM,30,31,22,0.06,0.08,0.07,0.0073065372504187015,3.7199999999999998
HTPM,30,31,23,0.05,0.06,0.055,0.0028531344867115454,6.531000000000001
HTPM,30,31,24,0.04,0.05,0.045,0.004684833799198541,11.2005
HTPM,30,31,25,0.03,0.04,0.035,0.006614417630484084,22.34
HTPM,30,31,26,0.02,0.03,0.025,0.004836654421469352,58.34
HTPM,30,31,27,0.0159,0.02,0.01795,0.002148329079715348,120.58000000000001
HTPM,30,31,28,0.0155,0.0159,0.0157,0.00021839192749293135,138.0
HTPM,30,31,29,0.0152,0.0155,0.015349999999999999,0.00015989425148935896,145.05
HTPM,30,31,30,0.015,0.0152,0.015099999999999999,0.00010483728230239686,109.69999999999999
HTPM,30,31,31,0.013,0.015,0.013999999999999999,0.0011495026935989658,136.85
HTPM,30,31,32,0.01,0.013,0.0115,0.001810656599055084,98.805
HTPM,30,31,33,0.008,0.01,0.009000000000000001,0.0013179479004132792,179.64999999999998
HTPM,30,31,34,0.006,0.008,0.007,0.0014776538800998602,347.95
HTPM,30,31,35,0.005,0.006,0.0055,0.0008325229691629071,598.8
HTPM,30,31,36,0.004,0.005,0.0045000000000000005,3.1743576848676584e-05,990.7
HTPM,30,31,37,0.00385,0.004,0.003925,2.6638859087330684e-09,1309.5
HTPM,30,31,38,0.0037,0.00385,0.003775,2.448287040817644e-06,1339.5
HTPM,30,31,39,0.00355,0.0037,0.003625,3.794060097033987e-08,1513.5
HTPM,30,31,40,0.0033,0.00355,0.003425,1.568708249791455e-06,1540.5
HTPM,30,31,41,0.00307,0.0033,0.003185,1.112635833791418e-06,1971.0
HTPM,30,31,42,0.003,0.00307,0.003035,1.6836076427476803e-09,1911.0
HTPM,30,31,43,0.00259,0.003,0.0027949999999999997,4.577324810317093e-08,2211.5
HTPM,30,31,44,0.00253,0.00259,0.0025599999999999998,1.901407424532786e-11,1835.0
HTPM,30,31,45,0.00248,0.00253,0.0025050000000000003,1.876274869241876e-12,1561.5
HTPM,30,31,46,0.002,0.00248,0.00224,2.04641002652778e-09,1042.8
HTPM,30,31,47,0.0015,0.002,0.00175,3.3047183619154856e-10,1820.5
HTPM,30,31,48,0.001,0.0015,0.00125,8.745695837670943e-11,3783.0
HTPM,30,32,1,15.0,20.0,17.5,0.0,0.05932
HTPM,30,32,2,10.0,15.0,12.5,1.1459313040203685e-11,0.05315
HTPM,30,32,3,8.0,10.0,9.0,1.1275330062938118e-10,0.048235
HTPM,30,32,4,6.0,8.0,7.0,7.764266548121756e-10,0.045329999999999995
HTPM,30,32,5,5.0,6.0,5.5,1.3589909879944886e-09,0.043315
HTPM,30,32,6,4.0,5.0,4.5,3.3099105540299606e-09,0.042345
HTPM,30,32,7,3.0,4.0,3.5,4.3333076102699067e-05,0.042155
HTPM,30,32,8,2.0,3.0,2.5,0.007382927817963818,0.0442
HTPM,30,32,9,1.5,2.0,1.75,0.003682548725230706,0.04914
HTPM,30,32,10,1.25,1.5,1.375,0.026738699769800155,0.05549
HTPM,30,32,11,1.0,1.25,1.125,0.023059865704465783,0.06489
HTPM,30,32,12,0.8,1.0,0.9,0.031427211414157344,0.07986
HTPM,30,32,13,0.6,0.8,0.7,0.7353771865177476,0.10675
HTPM,30,32,14,0.5,0.6,0.55,0.059610220480451004,0.1431
HTPM,30,32,15,0.4,0.5,0.45,0.01423695410508775,0.19685
HTPM,30,32,16,0.3,0.4,0.35,0.013751340744239816,0.3177
HTPM,30,32,17,0.2,0.3,0.25,0.014304577424800579,0.7008000000000001
HTPM,30,32,18,0.15,0.2,0.175,0.010619469711641287,1.5062499999999999
HTPM,30,32,19,0.1,0.15,0.125,0.018051596136232115,3.7815000000000003
HTPM,30,32,20,0.088,0.1,0.094,0.0035458485806616124,6.616
HTPM,30,32,21,0.08,0.088,0.08399999999999999,0.0030848675423262605,2.1645
HTPM,30,32,22,0.06,0.08,0.07,0.007197525015137876,3.7199999999999998
HTPM,30,32,23,0.05,0.06,0.055,0.002816230602847142,6.531000000000001
HTPM,30,32,24,0.04,0.05,0.045,0.0046159849735811975,11.2005
HTPM,30,32,25,0.03,0.04,0.035,0.006541103337456708,22.34
HTPM,30,32,26,0.02,0.03,0.025,0.004774411090759983,58.34
HTPM,30,32,27,0.0159,0.02,0.01795,0.0021204242848890855,120.58000000000001
HTPM,30,32,28,0.0155,0.0159,0.0157,0.00021550984062254308,138.0
HTPM,30,32,29,0.0152,0.0155,0.015349999999999999,0.00015778075693279498,145.05
HTPM,30,32,30,0.015,0.0152,0.015099999999999999,0.00010345740551280276,109.69999999999999
HTPM,30,32,31,0.013,0.015,0.013999999999999999,0.0011350547798439008,136.85
HTPM,30,32,32,0.01,0.013,0.0115,0.0017871179232467028,98.805
HTPM,30,32,33,0.008,0.01,0.009000000000000001,0.001301022482092222,179.64999999999998
HTPM,30,32,34,0.006,0.008,0.007,0.00145919765335801,347.95
HTPM,30,32,35,0.005,0.006,0.0055,0.0008211115369251497,598.8
HTPM,30,32,36,0.004,0.005,0.0045000000000000005,3.217489815809157e-05,990.7
HTPM,30,32,37,0.00385,0.004,0.003925,2.6780617643030342e-09,1309.5
HTPM,30,32,38,0.0037,0.00385,0.003775,2.447004470583176e-06,1339.5
HTPM,30,32,39,0.00355,0.0037,0.003625,3.871162645167037e-08,1513.5
HTPM,30,32,40,0.0033,0.00355,0.003425,1.5680485799442952e-06,1540.5
HTPM,30,32,41,0.00307,0.0033,0.003185,1.1353527120771865e-06,1971.0
HTPM,30,32,42,0.003,0.00307,0.003035,1.6593513541226987e-09,1911.0
HTPM,30,32,43,0.00259,0.003,0.0027949999999999997,4.416935335776098e-08,2211.5
HTPM,30,32,44,0.00253,0.00259,0.0025599999999999998,1.8966650596455585e-11,1835.0
HTPM,30,32,45,0.00248,0.00253,0.0025050000000000003,1.3843690491182601e-12,1561.5
HTPM,30,32,46,0.002,0.00248,0.00224,2.0385683696054476e-09,1042.8
HTPM,30,32,47,0.0015,0.002,0.00175,3.329606506280303e-10,1820.5
HTPM,30,32,48,0.001,0.0015,0.00125,8.21509418274046e-11,3783.0
HTPM,30,33,1,15.0,20.0,17.5,0.0,0.05932
HTPM,30,33,2,10.0,15.0,12.5,1.1574254886723206e-11,0.05315
HTPM,30,33,3,8.0,10.0,9.0,1.1388844437289725e-10,0.048235
HTPM,30,33,4,6.0,8.0,7.0,7.842427376328478e-10,0.045329999999999995
HTPM,30,33,5,5.0,6.0,5.5,1.372623577274285e-09,0.043315
HTPM,30,33,6,4.0,5.0,4.5,3.3431495266286593e-09,0.042345
HTPM,30,33,7,3.0,4.0,3.5,4.176401539156283e-05,0.042155
HTPM,30,33,8,2.0,3.0,2.5,0.007020529774387642,0.0442
HTPM,30,33,9,1.5,2.0,1.75,0.003586662887210253,0.04914
HTPM,30,33,10,1.25,1.5,1.375,0.026672504400444733,0.05549
HTPM,30,33,11,1.0,1.25,1.125,0.02280012815484888,0.06489
HTPM,30,33,12,0.8,1.0,0.9,0.0311475404150787,0.07986
HTPM,30,33,13,0.6,0.8,0.7,0.7394315623200123,0.10675
HTPM,30,33,14,0.5,0.6,0.55,0.05850216861236254,0.1431
HTPM,30,33,15,0.4,0.5,0.45,0.01402182106674248,0.19685
HTPM,30,33,16,0.3,0.4,0.35,0.013485097741378968,0.3177
HTPM,30,33,17,0.2,0.3,0.25,0.014056895076893354,0.7008000000000001
HTPM,30,33,18,0.15,0.2,0.175,0.010442301013491867,1.5062499999999999
HTPM,30,33,19,0.1,0.15,0.125,0.017630502076559453,3.7815000000000003
HTPM,30,33,20,0.088,0.1,0.094,0.003491670607921905,6.616
HTPM,30,33,21,0.08,0.088,0.08399999999999999,0.003029254319010979,2.1645
HTPM,30,33,22,0.06,0.08,0.07,0.007093844900313005,3.7199999999999998
HTPM,30,33,23,0.05,0.06,0.055,0.0027814566057581223,6.531000000000001
HTPM,30,33,24,0.04,0.05,0.045,0.004550322158420831,11.2005
HTPM,30,33,25,0.03,0.04,0.035,0.00647238465321131,22.34
HTPM,30,33,26,0.02,0.03,0.025,0.004715281191752894,58.34
HTPM,30,33,27,0.0159,0.02,0.01795,0.002094240507387599,120.58000000000001
HTPM,30,33,28,0.0155,0.0159,0.0157,0.00021279567052338806,138.0
HTPM,30,33,29,0.0152,0.0155,0.015349999999999999,0.0001557854445080388,145.05
HTPM,30,33,30,0.015,0.0152,0.015099999999999999,0.0001021383477388374,109.69999999999999
HTPM,30,33,31,0.013,0.015,0.013999999999999999,0.001121505793934716,136.85
HTPM,30,33,32,0.01,0.013,0.0115,0.0017649033013718896,98.805
HTPM,30,33,33,0.008,0.01,0.009000000000000001,0.0012850429989974543,179.64999999999998
HTPM,30,33,34,0.006,0.008,0.007,0.001441740603617707,347.95
HTPM,30,33,35,0.005,0.006,0.0055,0.0008102837582338184,598.8
HTPM,30,33,36,0.004,0.005,0.0045000000000000005,3.260366776445474e-05,990.7
HTPM,30,33,37,0.00385,0.004,0.003925,2.6975030372725892e-09,1309.5
HTPM,30,33,38,0.0037,0.00385,0.003775,2.444635259612909e-06,1339.5
HTPM,30,33,39,0.00355,0.0037,0.003625,3.9481593554247216e-08,1513.5
HTPM,30,33,40,0.0033,0.00355,0.003425,1.5708097601746854e-06,1540.5
HTPM,30,33,41,0.00307,0.0033,0.003185,1.157949779423481e-06,1971.0
HTPM,30,33,42,0.003,0.00307,0.003035,1.6367063791807e-09,1911.0
HTPM,30,33,43,0.00259,0.003,0.0027949999999999997,4.2602894070464314e-08,2211.5
HTPM,30,33,44,0.00253,0.00259,0.0025599999999999998,1.8923927797675577e-11,1835.0
HTPM,30,33,45,0.00248,0.00253,0.0025050000000000003,1.0209023468744891e-12,1561.5
HTPM,30,33,46,0.002,0.00248,0.00224,2.0424084653742453e-09,1042.8
HTPM,30,33,47,0.0015,0.002,0.00175,3.3627249347916353e-10,1820.5
HTPM,30,33,48,0.001,0.0015,0.00125,7.712997203423023e-11,3783.0
HTPM,30,34,1,15.0,20.0,17.5,0.0,0.05932
HTPM,30,34,2,10.0,15.0,12.5,1.1695198147787068e-11,0.05315
HTPM,30,34,3,8.0,10.0,9.0,1.1507188365765345e-10,0.048235
HTPM,30,34,4,6.0,8.0,7.0,7.923833949656189e-10,0.045329999999999995
HTPM,30,34,5,5.0,6.0,5.5,1.3869286771366734e-09,0.043315
HTPM,30,34,6,4.0,5.0,4.5,3.377990413666858e-09,0.042345
HTPM,30,34,7,3.0,4.0,3.5,4.023498683726454e-05,0.042155
HTPM,30,34,8,2.0,3.0,2.5,0.006673299135587368,0.0442
HTPM,30,34,9,1.5,2.0,1.75,0.0034940403193307874,0.04914
HTPM,30,34,10,1.25,1.5,1.375,0.026606425440246592,0.05549
HTPM,30,34,11,1.0,1.25,1.125,0.022545194213902726,0.06489
HTPM,30,34,12,0.8,1.0,0.9,0.030868931258676225,0.07986
HTPM,30,34,13,0.6,0.8,0.7,0.7433585813973149,0.10675
HTPM,30,34,14,0.5,0.6,0.55,0.057401231840611563,0.1431
HTPM,30,34,15,0.4,0.5,0.45,0.013814131278742923,0.19685
HTPM,30,34,16,0.3,0.4,0.35,0.01323212914598476,0.3177
HTPM,30,34,17,0.2,0.3,0.25,0.013821863357148129,0.7008000000000001
HTPM,30,34,18,0.15,0.2,0.175,0.010274042136910012,1.5062499999999999
HTPM,30,34,19,0.1,0.15,0.125,0.01723050716609252,3.7815000000000003
HTPM,30,34,20,0.088,0.1,0.094,0.003440388630044808,6.616
HTPM,30,34,21,0.08,0.088,0.08399999999999999,0.002976532655318208,2.1645
HTPM,30,34,22,0.06,0.08,0.07,0.00699625945937464,3.7199999999999998
HTPM,30,34,23,0.05,0.06,0.055,0.002748908514619212,6.531000000000001
HTPM,30,34,24,0.04,0.05,0.045,0.004488316872654591,11.2005
HTPM,30,34,25,0.03,0.04,0.035,0.0064083465822356075,22.34
HTPM,30,34,26,0.02,0.03,0.025,0.004659522270942331,58.34
HTPM,30,34,27,0.0159,0.02,0.01795,0.00206952514994658,120.58000000000001
HTPM,30,34,28,0.0155,0.0159,0.0157,0.0002102321877358035,138.0
HTPM,30,34,29,0.0152,0.0155,0.015349999999999999,0.000153903274893219,145.05
HTPM,30,34,30,0.015,0.0152,0.015099999999999999,0.0001009069222080716,109.69999999999999
HTPM,30,34,31,0.013,0.015,0.013999999999999999,0.0011088556458510978,136.85
HTPM,30,34,32,0.01,0.013,0.0115,0.001743996057889135,98.805
HTPM,30,34,33,0.008,0.01,0.009000000000000001,0.0012699784138984482,179.64999999999998
HTPM,30,34,34,0.006,0.008,0.007,0.001425327896736577,347.95
HTPM,30,34,35,0.005,0.006,0.0055,0.0008000639261814579,598.8
HTPM,30,34,36,0.004,0.005,0.0045000000000000005,3.303143894704454e-05,990.7
HTPM,30,34,37,0.00385,0.004,0.003925,2.720835915289373e-09,1309.5
HTPM,30,34,38,0.0037,0.00385,0.003775,2.441360113157129e-06,1339.5
HTPM,30,34,39,0.00355,0.0037,0.003625,4.02468426908192e-08,1513.5
HTPM,30,34,40,0.0033,0.00355,0.003425,1.576771992684218e-06,1540.5
HTPM,30,34,41,0.00307,0.0033,0.003185,1.180460258979767e-06,1971.0
HTPM,30,34,42,0.003,0.00307,0.003035,1.6157296745337355e-09,1911.0
HTPM,30,34,43,0.00259,0.003,0.0027949999999999997,4.107657030624232e-08,2211.5
HTPM,30,34,44,0.00253,0.00259,0.0025599999999999998,1.888974933522271e-11,1835.0
HTPM,30,34,45,0.00248,0.00253,0.0025050000000000003,7.525274174293812e-13,1561.5
HTPM,30,34,46,0.002,0.00248,0.00224,2.0545197631215412e-09,1042.8
HTPM,30,34,47,0.0015,0.002,0.00175,3.401788032758439e-10,1820.5
HTPM,30,34,48,0.001,0.0015,0.00125,7.238342243043443e-11,3783.0
HTPM,30,35,1,15.0,20.0,17.5,0.0,0.05932
HTPM,30,35,2,10.0,15.0,12.5,1.181930058077202e-11,0.05315
HTPM,30,35,3,8.0,10.0,9.0,1.1630086672104364e-10,0.048235
HTPM,30,35,4,6.0,8.0,7.0,8.008292132967285e-10,0.045329999999999995
HTPM,30,35,5,5.0,6.0,5.5,1.401685845207448e-09,0.043315
HTPM,30,35,6,4.0,5.0,4.5,3.414048107291278e-09,0.042345
HTPM,30,35,7,3.0,4.0,3.5,3.8744184042365915e-05,0.042155
HTPM,30,35,8,2.0,3.0,2.5,0.006340470146309074,0.0442
HTPM,30,35,9,1.5,2.0,1.75,0.0034045541303890496,0.04914
HTPM,30,35,10,1.25,1.5,1.375,0.02653715434954441,0.05549
HTPM,30,35,11,1.0,1.25,1.125,0.02229315399206038,0.06489
HTPM,30,35,12,0.8,1.0,0.9,0.030588962982727244,0.07986
HTPM,30,35,13,0.6,0.8,0.7,0.7471724788928442,0.10675
HTPM,30,35,14,0.5,0.6,0.55,0.056313296280253035,0.1431
HTPM,30,35,15,0.4,0.5,0.45,0.01361299658591623,0.19685
HTPM,30,35,16,0.3,0.4,0.35,0.012990422919755726,0.3177
HTPM,30,35,17,0.2,0.3,0.25,0.013598107507748527,0.7008000000000001
HTPM,30,35,18,0.15,0.2,0.175,0.010114098249631604,1.5062499999999999
HTPM,30,35,19,0.1,0.15,0.125,0.016849181517072407,3.7815000000000003
HTPM,30,35,20,0.088,0.1,0.094,0.003391775447677401,6.616
HTPM,30,35,21,0.08,0.088,0.08399999999999999,0.002926302926392455,2.1645
HTPM,30,35,22,0.06,0.08,0.07,0.006903277301048172,3.7199999999999998
HTPM,30,35,23,0.05,0.06,0.055,0.0027183603090460886,6.531000000000001
HTPM,30,35,24,0.04,0.05,0.045,0.004429938668954789,11.2005
HTPM,30,35,25,0.03,0.04,0.035,0.006348317566331581,22.34
HTPM,30,35,26,0.02,0.03,0.025,0.004606680785086675,58.34
HTPM,30,35,27,0.0159,0.02,0.01795,0.0020462603139310477,120.58000000000001
HTPM,30,35,28,0.0155,0.0159,0.0157,0.00020780858060973206,138.0
HTPM,30,35,29,0.0152,0.0155,0.015349999999999999,0.0001521211160762739,145.05
HTPM,30,35,30,0.015,0.0152,0.015099999999999999,9.973875363766954e-05,109.69999999999999
HTPM,30,35,31,0.013,0.015,0.013999999999999999,0.0010968731336457639,136.85
HTPM,30,35,32,0.01,0.013,0.0115,0.0017241692650698103,98.805
HTPM,30,35,33,0.008,0.01,0.009000000000000001,0.0012557693758514688,179.64999999999998
HTPM,30,35,34,0.006,0.008,0.007,0.0014097890070431873,347.95
HTPM,30,35,35,0.005,0.006,0.0055,0.0007904208718293779,598.8
HTPM,30,35,36,0.004,0.005,0.0045000000000000005,3.345628413970055e-05,990.7
HTPM,30,35,37,0.00385,0.004,0.003925,2.7477077331083796e-09,1309.5
HTPM,30,35,38,0.0037,0.00385,0.003775,2.43702452077361e-06,1339.5
HTPM,30,35,39,0.00355,0.0037,0.003625,4.10067108441672e-08,1513.5
HTPM,30,35,40,0.0033,0.00355,0.003425,1.5855274241409442e-06,1540.5
HTPM,30,35,41,0.00307,0.0033,0.003185,1.2028155110364751e-06,1971.0
HTPM,30,35,42,0.003,0.00307,0.003035,1.5962227219359927e-09,1911.0
HTPM,30,35,43,0.00259,0.003,0.0027949999999999997,3.958807947634865e-08,2211.5
HTPM,30,35,44,0.00253,0.00259,0.0025599999999999998,1.886071349409135e-11,1835.0
HTPM,30,35,45,0.00248,0.00253,0.0025050000000000003,5.544373557882169e-13,1561.5
HTPM,30,35,46,0.002,0.00248,0.00224,2.072660576344262e-09,1042.8
HTPM,30,35,47,0.0015,0.002,0.00175,3.4450173898800955e-10,1820.5
HTPM,30,35,48,0.001,0.0015,0.00125,6.789682392909888e-11,3783.0
HTPM,30,36,1,15.0,20.0,17.5,0.0,0.05932
HTPM,30,36,2,10.0,15.0,12.5,1.1948001495359088e-11,0.05315
HTPM,30,36,3,8.0,10.0,9.0,1.1756469328263843e-10,0.048235
HTPM,30,36,4,6.0,8.0,7.0,8.095331061730445e-10,0.045329999999999995
HTPM,30,36,5,5.0,6.0,5.5,1.4169132028070707e-09,0.043315
HTPM,30,36,6,4.0,5.0,4.5,3.4511133384772325e-09,0.042345
HTPM,30,36,7,3.0,4.0,3.5,3.7292901597272157e-05,0.042155
HTPM,30,36,8,2.0,3.0,2.5,0.006021928414841776,0.0442
HTPM,30,36,9,1.5,2.0,1.75,0.0033184509837846073,0.04914
HTPM,30,36,10,1.25,1.5,1.375,0.026468210379201402,0.05549
HTPM,30,36,11,1.0,1.25,1.125,0.022046191389965115,0.06489
HTPM,30,36,12,0.8,1.0,0.9,0.03031106322737782,0.07986
HTPM,30,36,13,0.6,0.8,0.7,0.7508560754483945,0.10675
HTPM,30,36,14,0.5,0.6,0.55,0.055237662788404585,0.1431
HTPM,30,36,15,0.4,0.5,0.45,0.013419853906356817,0.19685
HTPM,30,36,16,0.3,0.4,0.35,0.012761504476085907,0.3177
HTPM,30,36,17,0.2,0.3,0.25,0.01338654551644072,0.7008000000000001
HTPM,30,36,18,0.15,0.2,0.175,0.009962850016608248,1.5062499999999999
HTPM,30,36,19,0.1,0.15,0.125,0.016487296005361057,3.7815000000000003
HTPM,30,36,20,0.088,0.1,0.094,0.0033459630712497105,6.616
HTPM,30,36,21,0.08,0.088,0.08399999999999999,0.0028788130811779927,2.1645
HTPM,30,36,22,0.06,0.08,0.07,0.006816331729325172,3.7199999999999998
HTPM,30,36,23,0.05,0.06,0.055,0.002689939873226317,6.531000000000001
HTPM,30,36,24,0.04,0.05,0.045,0.004374858878754865,11.2005
HTPM,30,36,25,0.03,0.04,0.035,0.006293036574566155,22.34
HTPM,30,36,26,0.02,0.03,0.025,0.004557144665369651,58.34
HTPM,30,36,27,0.0159,0.02,0.01795,0.0020244803690693505,120.58000000000001
HTPM,30,36,28,0.0155,0.0159,0.0157,0.0002055446818601208,138.0
HTPM,30,36,29,0.0152,0.0155,0.015349999999999999,0.00015044785679756725,145.05
HTPM,30,36,30,0.015,0.0152,0.015099999999999999,9.864527790811972e-05,109.69999999999999
HTPM,30,36,31,0.013,0.015,0.013999999999999999,0.0010857749705811702,136.85
HTPM,30,36,32,0.01,0.013,0.0115,0.0017056858762833109,98.805
HTPM,30,36,33,0.008,0.01,0.009000000000000001,0.0012424779145229924,179.64999999999998
HTPM,30,36,34,0.006,0.008,0.007,0.001395303804718953,347.95
HTPM,30,36,35,0.005,0.006,0.0055,0.0007814012613135749,598.8
HTPM,30,36,36,0.004,0.005,0.0045000000000000005,3.3878166875434264e-05,990.7
HTPM,30,36,37,0.00385,0.004,0.003925,2.7775043458871506e-09,1309.5
HTPM,30,36,38,0.0037,0.00385,0.003775,2.431819843550571e-06,1339.5
HTPM,30,36,39,0.00355,0.0037,0.003625,4.1766953789405234e-08,1513.5
HTPM,30,36,40,0.0033,0.00355,0.003425,1.596990568199767e-06,1540.5
HTPM,30,36,41,0.00307,0.0033,0.003185,1.225085687041111e-06,1971.0
HTPM,30,36,42,0.003,0.00307,0.003035,1.5783192342845481e-09,1911.0
HTPM,30,36,43,0.00259,0.003,0.0027949999999999997,3.8138816890115606e-08,2211.5
HTPM,30,36,44,0.00253,0.00259,0.0025599999999999998,1.8837883004861265e-11,1835.0
HTPM,30,36,45,0.00248,0.00253,0.0025050000000000003,4.0831619928262913e-13,1561.5
HTPM,30,36,46,0.002,0.00248,0.00224,2.095179836437243e-09,1042.8
HTPM,30,36,47,0.0015,0.002,0.00175,3.491258337899153e-10,1820.5
HTPM,30,36,48,0.001,0.0015,0.00125,6.366257911884395e-11,3783.0
HPMR,5,0,1,15.0,20.0,17.5,3.214421112943881e-19,0.05932
HPMR,5,0,2,10.0,15.0,12.5,5.584967363921213e-11,0.05315
HPMR,5,0,3,8.0,10.0,9.0,1.1663265394307446e-06,0.048235
HPMR,5,0,4,6.0,8.0,7.0,0.0015830776808001318,0.045329999999999995
HPMR,5,0,5,5.0,6.0,5.5,0.010534889080352931,0.043315
HPMR,5,0,6,4.0,5.0,4.5,0.023784154400748717,0.042345
HPMR,5,0,7,3.0,4.0,3.5,0.055865537256490995,0.042155
HPMR,5,0,8,2.0,3.0,2.5,0.1456739276173146,0.0442
HPMR,5,0,9,1.5,2.0,1.75,0.11865776992780462,0.04914
HPMR,5,0,10,1.25,1.5,1.375,0.10160786021646921,0.05549
HPMR,5,0,11,1.0,1.25,1.125,0.0939950633543359,0.06489
HPMR,5,0,12,0.8,1.0,0.9,0.11855883105161805,0.07986
HPMR,5,0,13,0.6,0.8,0.7,0.11768855857388132,0.10675
HPMR,5,0,14,0.5,0.6,0.55,0.05164275366048868,0.1431
HPMR,5,0,15,0.4,0.5,0.45,0.03880407771854027,0.19685
HPMR,5,0,16,0.3,0.4,0.35,0.03387077105389009,0.3177
HPMR,5,0,17,0.2,0.3,0.25,0.03314452352250091,0.7008000000000001
HPMR,5,0,18,0.15,0.2,0.175,0.012331875116250102,1.5062499999999999
HPMR,5,0,19,0.1,0.15,0.125,0.0170467787342409,3.7815000000000003
HPMR,5,0,20,0.088,0.1,0.094,0.0033462602964395806,6.616
HPMR,5,0,21,0.08,0.088,0.08399999999999999,0.002043794976612415,2.1645
HPMR,5,0,22,0.06,0.08,0.07,0.006122883144212078,3.7199999999999998
HPMR,5,0,23,0.05,0.06,0.055,0.0014603948658741604,6.531000000000001
HPMR,5,0,24,0.04,0.05,0.045,0.002278474651218058,11.2005
HPMR,5,0,25,0.03,0.04,0.035,0.0029151344913429453,22.34
HPMR,5,0,26,0.02,0.03,0.025,0.0025051991392219656,58.34
HPMR,5,0,27,0.0159,0.02,0.01795,0.001576976171792885,120.58000000000001
HPMR,5,0,28,0.0155,0.0159,0.0157,9.975460008559333e-05,138.0
HPMR,5,0,29,0.0152,0.0155,0.015349999999999999,6.000940631425786e-05,145.05
HPMR,5,0,30,0.015,0.0152,0.015099999999999999,3.9527144177201424e-05,109.69999999999999
HPMR,5,0,31,0.013,0.015,0.013999999999999999,0.000775291156597613,136.85
HPMR,5,0,32,0.01,0.013,0.0115,0.0006555375446867294,98.805
HPMR,5,0,33,0.008,0.01,0.009000000000000001,0.0004677178822865366,179.64999999999998
HPMR,5,0,34,0.006,0.008,0.007,0.0005068147411520482,347.95
HPMR,5,0,35,0.005,0.006,0.0055,0.0002949811802096381,598.8
HPMR,5,0,36,0.004,0.005,0.0045000000000000005,2.334832238919269e-05,990.7
HPMR,5,0,37,0.00385,0.004,0.003925,3.195708306509015e-06,1309.5
HPMR,5,0,38,0.0037,0.00385,0.003775,7.467994041920942e-07,1339.5
HPMR,5,0,39,0.00355,0.0037,0.003625,4.323715860939063e-07,1513.5
HPMR,5,0,40,0.0033,0.00355,0.003425,2.502553811463447e-05,1540.5
HPMR,5,0,41,0.00307,0.0033,0.003185,8.731625087494921e-08,1971.0
HPMR,5,0,42,0.003,0.00307,0.003035,1.059382659318002e-09,1911.0
HPMR,5,0,43,0.00259,0.003,0.0027949999999999997,1.1529646424276687e-06,2211.5
HPMR,5,0,44,0.00253,0.00259,0.0025599999999999998,8.730622479051989e-07,1835.0
HPMR,5,0,45,0.00248,0.00253,0.0025050000000000003,2.046525606102442e-09,1561.5
HPMR,5,0,46,0.002,0.00248,0.00224,4.252981243883467e-06,1042.8
HPMR,5,0,47,0.0015,0.002,0.00175,4.997526483722052e-07,1820.5
HPMR,5,0,48,0.001,0.0015,0.00125,1.533691735429367e-08,3783.0
HPMR,5,1,1,15.0,20.0,17.5,2.9390183345331958e-33,0.05932
HPMR,5,1,2,10.0,15.0,12.5,1.2199291917214616e-13,0.05315
HPMR,5,1,3,8.0,10.0,9.0,1.2013259902805404e-12,0.048235
HPMR,5,1,4,6.0,8.0,7.0,8.286522364438628e-12,0.045329999999999995
HPMR,5,1,5,5.0,6.0,5.5,1.4527387345445823e-11,0.043315
HPMR,5,1,6,4.0,5.0,4.5,3.544844227175743e-11,0.042345
HPMR,5,1,7,3.0,4.0,3.5,0.00010800158672977903,0.042155
HPMR,5,1,8,2.0,3.0,2.5,0.0174801813925721,0.0442
HPMR,5,1,9,1.5,2.0,1.75,0.16036935920836234,0.04914
HPMR,5,1,10,1.25,1.5,1.375,0.0038444869391162243,0.05549
HPMR,5,1,11,1.0,1.25,1.125,0.007565561461719187,0.06489
HPMR,5,1,12,0.8,1.0,0.9,0.039721488634924376,0.07986
HPMR,5,1,13,0.6,0.8,0.7,0.5611973753931616,0.10675
HPMR,5,1,14,0.5,0.6,0.55,0.02663947301250597,0.1431
HPMR,5,1,15,0.4,0.5,0.45,0.08881920641592239,0.19685
HPMR,5,1,16,0.3,0.4,0.35,0.021393621762656967,0.3177
HPMR,5,1,17,0.2,0.3,0.25,0.009970621197263928,0.7008000000000001
HPMR,5,1,18,0.15,0.2,0.175,0.007538309508545913,1.5062499999999999
HPMR,5,1,19,0.1,0.15,0.125,0.025191585724570243,3.7815000000000003
HPMR,5,1,20,0.088,0.1,0.094,0.0029582659997458623,6.616
HPMR,5,1,21,0.08,0.088,0.08399999999999999,0.002352757547436981,2.1645
HPMR,5,1,22,0.06,0.08,0.07,0.004659245470993923,3.7199999999999998
HPMR,5,1,23,0.05,0.06,0.055,0.0018732753033698915,6.531000000000001
HPMR,5,1,24,0.04,0.05,0.045,0.003283782494656284,11.2005
HPMR,5,1,25,0.03,0.04,0.035,0.005130494630482555,22.34
HPMR,5,1,26,0.02,0.03,0.025,0.003688297310791811,58.34
HPMR,5,1,27,0.0159,0.02,0.01795,0.0014334368648975812,120.58000000000001
HPMR,5,1,28,0.0155,0.0159,0.0157,0.0001425483427284763,138.0
HPMR,5,1,29,0.0152,0.0155,0.015349999999999999,0.00010450949749239454,145.05
HPMR,5,1,30,0.015,0.0152,0.015099999999999999,6.853765600482327e-05,109.69999999999999
HPMR,5,1,31,0.013,0.015,0.013999999999999999,0.0007620987741865448,136.85
HPMR,5,1,32,0.01,0.013,0.0115,0.001188127659728314,98.805
HPMR,5,1,33,0.008,0.01,0.009000000000000001,0.0008669319470199149,179.64999999999998
HPMR,5,1,34,0.006,0.008,0.007,0.0009746136976399237,347.95
HPMR,5,1,35,0.005,0.006,0.0055,0.0006281299692188024,598.8
HPMR,5,1,36,0.004,0.005,0.0045000000000000005,2.6154148668411353e-05,990.7
HPMR,5,1,37,0.00385,0.004,0.003925,2.224426303111952e-06,1309.5
HPMR,5,1,38,0.0037,0.00385,0.003775,6.703453409882957e-07,1339.5
HPMR,5,1,39,0.00355,0.0037,0.003625,3.587036839072256e-08,1513.5
HPMR,5,1,40,0.0033,0.00355,0.003425,1.4889760459927028e-06,1540.5
HPMR,5,1,41,0.00307,0.0033,0.003185,5.006401813556002e-07,1971.0
HPMR,5,1,42,0.003,0.00307,0.003035,6.756017336529984e-10,1911.0
HPMR,5,1,43,0.00259,0.003,0.0027949999999999997,1.3180119060178045e-05,2211.5
HPMR,5,1,44,0.00253,0.00259,0.0025599999999999998,1.1768665537330912e-09,1835.0
HPMR,5,1,45,0.00248,0.00253,0.0025050000000000003,3.3028810228065317e-09,1561.5
HPMR,5,1,46,0.002,0.00248,0.00224,1.3924825697743808e-06,1042.8
HPMR,5,1,47,0.0015,0.002,0.00175,2.2361275730717257e-08,1820.5
HPMR,5,1,48,0.001,0.0015,0.00125,1.080599837722932e-11,3783.0
HPMR,5,2,1,15.0,20.0,17.5,9.96729877390418e-49,0.05932
HPMR,5,2,2,10.0,15.0,12.5,1.7384256423174364e-13,0.05315
HPMR,5,2,3,8.0,10.0,9.0,1.712035879246204e-12,0.048235
HPMR,5,2,4,6.0,8.0,7.0,1.1809897049794471e-11,0.045329999999999995
HPMR,5,2,5,5.0,6.0,5.5,2.0706115657307543e-11,0.043315
HPMR,5,2,6,4.0,5.0,4.5,5.052893830488997e-11,0.042345
HPMR,5,2,7,3.0,4.0,3.5,4.890348188383581e-05,0.042155
HPMR,5,2,8,2.0,3.0,2.5,0.012784692827009015,0.0442
HPMR,5,2,9,1.5,2.0,1.75,0.051600114086364675,0.04914
HPMR,5,2,10,1.25,1.5,1.375,0.005214392487429088,0.05549
HPMR,5,2,11,1.0,1.25,1.125,0.008418190997097758,0.06489
HPMR,5,2,12,0.8,1.0,0.9,0.018029945082667236,0.07986
HPMR,5,2,13,0.6,0.8,0.7,0.7141758315677353,0.10675
HPMR,5,2,14,0.5,0.6,0.55,0.02213967260559373,0.1431
HPMR,5,2,15,0.4,0.5,0.45,0.07164906727414838,0.19685
HPMR,5,2,16,0.3,0.4,0.35,0.01406679548288639,0.3177
HPMR,5,2,17,0.2,0.3,0.25,0.011757786829237145,0.7008000000000001
HPMR,5,2,18,0.15,0.2,0.175,0.008648432118385901,1.5062499999999999
HPMR,5,2,19,0.1,0.15,0.125,0.027037555262564312,3.7815000000000003
HPMR,5,2,20,0.088,0.1,0.094,0.0029992348190790025,6.616
HPMR,5,2,21,0.08,0.088,0.08399999999999999,0.0025574434130431656,2.1645
HPMR,5,2,22,0.06,0.08,0.07,0.005748397948533001,3.7199999999999998
HPMR,5,2,23,0.05,0.06,0.055,0.0022170173817259394,6.531000000000001
HPMR,5,2,24,0.04,0.05,0.045,0.0038904821362513637,11.2005
HPMR,5,2,25,0.03,0.04,0.035,0.005500286368121622,22.34
HPMR,5,2,26,0.02,0.03,0.025,0.0041047077310379446,58.34
HPMR,5,2,27,0.0159,0.02,0.01795,0.0017256273721485574,120.58000000000001
HPMR,5,2,28,0.0155,0.0159,0.0157,0.00017334157943975798,138.0
HPMR,5,2,29,0.0152,0.0155,0.015349999999999999,0.00012708153908744916,145.05
HPMR,5,2,30,0.015,0.0152,0.015099999999999999,8.334120478699165e-05,109.69999999999999
HPMR,5,2,31,0.013,0.015,0.013999999999999999,0.0008959324562683409,136.85
HPMR,5,2,32,0.01,0.013,0.0115,0.0014415847907045237,98.805
HPMR,5,2,33,0.008,0.01,0.009000000000000001,0.0010503010964250199,179.64999999999998
HPMR,5,2,34,0.006,0.008,0.007,0.0011732391463035263,347.95
HPMR,5,2,35,0.005,0.006,0.0055,0.0007121717394156592,598.8
HPMR,5,2,36,0.004,0.005,0.0045000000000000005,1.228672947166489e-05,990.7
HPMR,5,2,37,0.00385,0.004,0.003925,7.406557596627945e-07,1309.5
HPMR,5,2,38,0.0037,0.00385,0.003775,8.327767812545351e-07,1339.5
HPMR,5,2,39,0.00355,0.0037,0.003625,7.958736616670079e-09,1513.5
HPMR,5,2,40,0.0033,0.00355,0.003425,2.8724071475999964e-07,1540.5
HPMR,5,2,41,0.00307,0.0033,0.003185,4.787153314655533e-07,1971.0
HPMR,5,2,42,0.003,0.00307,0.003035,1.0236224801862576e-09,1911.0
HPMR,5,2,43,0.00259,0.003,0.0027949999999999997,1.2393180612679728e-05,2211.5
HPMR,5,2,44,0.00253,0.00259,0.0025599999999999998,2.568224204948266e-12,1835.0
HPMR,5,2,45,0.00248,0.00253,0.0025050000000000003,3.811270967631054e-09,1561.5
HPMR,5,2,46,0.002,0.00248,0.00224,1.3711661939411133e-06,1042.8
HPMR,5,2,47,0.0015,0.002,0.00175,2.58127738493e-08,1820.5
HPMR,5,2,48,0.001,0.0015,0.00125,1.58568054628014e-11,3783.0
HPMR,5,3,1,15.0,20.0,17.5,2.868501163092721e-64,0.05932
HPMR,5,3,2,10.0,15.0,12.5,2.1058270165929487e-13,0.05315
HPMR,5,3,3,8.0,10.0,9.0,2.073938445826826e-12,0.048235
HPMR,5,3,4,6.0,8.0,7.0,1.4307551185431766e-11,0.045329999999999995
HPMR,5,3,5,5.0,6.0,5.5,2.508767048610891e-11,0.043315
HPMR,5,3,6,4.0,5.0,4.5,6.122558955015417e-11,0.042345
HPMR,5,3,7,3.0,4.0,3.5,3.2300617007112895e-05,0.042155
HPMR,5,3,8,2.0,3.0,2.5,0.012582241942348285,0.0442
HPMR,5,3,9,1.5,2.0,1.75,0.015540075922196455,0.04914
HPMR,5,3,10,1.25,1.5,1.375,0.006551191967825708,0.05549
HPMR,5,3,11,1.0,1.25,1.125,0.009378877107486772,0.06489
HPMR,5,3,12,0.8,1.0,0.9,0.01167620653297011,0.07986
HPMR,5,3,13,0.6,0.8,0.7,0.7624552347904748,0.10675
HPMR,5,3,14,0.5,0.6,0.55,0.022504382782847967,0.1431
HPMR,5,3,15,0.4,0.5,0.45,0.056677795939674876,0.19685
HPMR,5,3,16,0.3,0.4,0.35,0.013612810912269766,0.3177
HPMR,5,3,17,0.2,0.3,0.25,0.013514883544087182,0.7008000000000001
HPMR,5,3,18,0.15,0.2,0.175,0.009792283450813117,1.5062499999999999
HPMR,5,3,19,0.1,0.15,0.125,0.02717128249788266,3.7815000000000003
HPMR,5,3,20,0.088,0.1,0.094,0.003301929508138619,6.616
HPMR,5,3,21,0.08,0.088,0.08399999999999999,0.0029859142640738575,2.1645
HPMR,5,3,22,0.06,0.08,0.07,0.006577454896263565,3.7199999999999998
HPMR,5,3,23,0.05,0.06,0.055,0.0025183136716731354,6.531000000000001
HPMR,5,3,24,0.04,0.05,0.045,0.004354153897918253,11.2005
HPMR,5,3,25,0.03,0.04,0.035,0.005963414028363139,22.34
HPMR,5,3,26,0.02,0.03,0.025,0.004470850678335832,58.34
HPMR,5,3,27,0.0159,0.02,0.01795,0.0019481776843759031,120.58000000000001
HPMR,5,3,28,0.0155,0.0159,0.0157,0.00019627421783226137,138.0
HPMR,5,3,29,0.0152,0.0155,0.015349999999999999,0.00014388821833674403,145.05
HPMR,5,3,30,0.015,0.0152,0.015099999999999999,9.436317467469426e-05,109.69999999999999
HPMR,5,3,31,0.013,0.015,0.013999999999999999,0.0010090508556324707,136.85
HPMR,5,3,32,0.01,0.013,0.0115,0.0016298106290720902,98.805
HPMR,5,3,33,0.008,0.01,0.009000000000000001,0.0011862268532517018,179.64999999999998
HPMR,5,3,34,0.006,0.008,0.007,0.0013222552215364357,347.95
HPMR,5,3,35,0.005,0.006,0.0055,0.0007864565073441137,598.8
HPMR,5,3,36,0.004,0.005,0.0045000000000000005,8.985768672353827e-06,990.7
HPMR,5,3,37,0.00385,0.004,0.003925,2.762851651981294e-07,1309.5
HPMR,5,3,38,0.0037,0.00385,0.003775,9.339497611188904e-07,1339.5
HPMR,5,3,39,0.00355,0.0037,0.003625,2.15593383431415e-09,1513.5
HPMR,5,3,40,0.0033,0.00355,0.003425,2.2778002989435903e-07,1540.5
HPMR,5,3,41,0.00307,0.0033,0.003185,3.930170751160409e-07,1971.0
HPMR,5,3,42,0.003,0.00307,0.003035,1.3174718063879614e-09,1911.0
HPMR,5,3,43,0.00259,0.003,0.0027949999999999997,9.891828693107605e-06,2211.5
HPMR,5,3,44,0.00253,0.00259,0.0025599999999999998,2.014240575033743e-12,1835.0
HPMR,5,3,45,0.00248,0.00253,0.0025050000000000003,3.7315379086240625e-09,1561.5
HPMR,5,3,46,0.002,0.00248,0.00224,1.1564424255659469e-06,1042.8
HPMR,5,3,47,0.0015,0.002,0.00175,2.5283849056363566e-08,1820.5
HPMR,5,3,48,0.001,0.0015,0.00125,1.975775326572692e-11,3783.0
HPMR,5,4,1,15.0,20.0,17.5,7.835494598547493e-80,0.05932
HPMR,5,4,2,10.0,15.0,12.5,2.4255497351387007e-13,0.05315
HPMR,5,4,3,8.0,10.0,9.0,2.3889684926997026e-12,0.048235
HPMR,5,4,4,6.0,8.0,7.0,1.6482462188775518e-11,0.045329999999999995
HPMR,5,4,5,5.0,6.0,5.5,2.8903895132240102e-11,0.043315
HPMR,5,4,6,4.0,5.0,4.5,7.054568435002053e-11,0.042345
HPMR,5,4,7,3.0,4.0,3.5,3.1549510279993314e-05,0.042155
HPMR,5,4,8,2.0,3.0,2.5,0.014146645843264872,0.0442
HPMR,5,4,9,1.5,2.0,1.75,0.00613559859011326,0.04914
HPMR,5,4,10,1.25,1.5,1.375,0.007906157040403086,0.05549
HPMR,5,4,11,1.0,1.25,1.125,0.010568136560371533,0.06489
HPMR,5,4,12,0.8,1.0,0.9,0.01104692561248255,0.07986
HPMR,5,4,13,0.6,0.8,0.7,0.767261704547598,0.10675
HPMR,5,4,14,0.5,0.6,0.55,0.024946465271335018,0.1431
HPMR,5,4,15,0.4,0.5,0.45,0.04596314939207262,0.19685
HPMR,5,4,16,0.3,0.4,0.35,0.014950457144137258,0.3177
HPMR,5,4,17,0.2,0.3,0.25,0.015287571539695843,0.7008000000000001
HPMR,5,4,18,0.15,0.2,0.175,0.011069727470561586,1.5062499999999999
HPMR,5,4,19,0.1,0.15,0.125,0.027817767180936984,3.7815000000000003
HPMR,5,4,20,0.088,0.1,0.094,0.003696499321338843,6.616
HPMR,5,4,21,0.08,0.088,0.08399999999999999,0.003417700386340029,2.1645
HPMR,5,4,22,0.06,0.08,0.07,0.007399561047413363,3.7199999999999998
HPMR,5,4,23,0.05,0.06,0.055,0.002821317705003583,6.531000000000001
HPMR,5,4,24,0.04,0.05,0.045,0.00483780810231022,11.2005
HPMR,5,4,25,0.03,0.04,0.035,0.006531424855451684,22.34
HPMR,5,4,26,0.02,0.03,0.025,0.004889574482813978,58.34
HPMR,5,4,27,0.0159,0.02,0.01795,0.002167371241599047,120.58000000000001
HPMR,5,4,28,0.0155,0.0159,0.0157,0.00021904021176098482,138.0
HPMR,5,4,29,0.0152,0.0155,0.015349999999999999,0.00016057439884703168,145.05
HPMR,5,4,30,0.015,0.0152,0.015099999999999999,0.00010530444372765353,109.69999999999999
HPMR,5,4,31,0.013,0.015,0.013999999999999999,0.0011245896391600275,136.85
HPMR,5,4,32,0.01,0.013,0.0115,0.0018167401244284273,98.805
HPMR,5,4,33,0.008,0.01,0.009000000000000001,0.001321181962957313,179.64999999999998
HPMR,5,4,34,0.006,0.008,0.007,0.0014712378430198805,347.95
HPMR,5,4,35,0.005,0.006,0.0055,0.0008690406045940319,598.8
HPMR,5,4,36,0.004,0.005,0.0045000000000000005,8.988762279519416e-06,990.7
HPMR,5,4,37,0.00385,0.004,0.003925,1.2801708474839902e-07,1309.5
HPMR,5,4,38,0.0037,0.00385,0.003775,1.0422675196416418e-06,1339.5
HPMR,5,4,39,0.00355,0.0037,0.003625,1.130229726225049e-09,1513.5
HPMR,5,4,40,0.0033,0.00355,0.003425,2.455728468998018e-07,1540.5
HPMR,5,4,41,0.00307,0.0033,0.003185,3.1195924914782167e-07,1971.0
HPMR,5,4,42,0.003,0.00307,0.003035,1.6111456470485582e-09,1911.0
HPMR,5,4,43,0.00259,0.003,0.0027949999999999997,7.4979353252465475e-06,2211.5
HPMR,5,4,44,0.00253,0.00259,0.0025599999999999998,2.417544600712151e-12,1835.0
HPMR,5,4,45,0.00248,0.00253,0.0025050000000000003,3.467590485388271e-09,1561.5
HPMR,5,4,46,0.002,0.00248,0.00224,9.33548376911743e-07,1042.8
HPMR,5,4,47,0.0015,0.002,0.00175,2.3509981524054888e-08,1820.5
HPMR,5,4,48,0.001,0.0015,0.00125,2.337065534229364e-11,3783.0
HPMR,5,5,1,15.0,20.0,17.5,2.0945392247820274e-95,0.05932
HPMR,5,5,2,10.0,15.0,12.5,2.7396964153423425e-13,0.05315
HPMR,5,5,3,8.0,10.0,9.0,2.6984681420153597e-12,0.048235
HPMR,5,5,4,6.0,8.0,7.0,1.8619854388259463e-11,0.045329999999999995
HPMR,5,5,5,5.0,6.0,5.5,3.2654821297530814e-11,0.043315
HPMR,5,5,6,4.0,5.0,4.5,7.971134852455337e-11,0.042345
HPMR,5,5,7,3.0,4.0,3.5,3.553960577250716e-05,0.042155
HPMR,5,5,8,2.0,3.0,2.5,0.016333279143774075,0.0442
HPMR,5,5,9,1.5,2.0,1.75,0.004128999731912794,0.04914
HPMR,5,5,10,1.25,1.5,1.375,0.009375235160011935,0.05549
HPMR,5,5,11,1.0,1.25,1.125,0.0119902784536969,0.06489
HPMR,5,5,12,0.8,1.0,0.9,0.012156838917389407,0.07986
HPMR,5,5,13,0.6,0.8,0.7,0.7552459651408203,0.10675
HPMR,5,5,14,0.5,0.6,0.55,0.02835971171850653,0.1431
HPMR,5,5,15,0.4,0.5,0.45,0.03852960397942466,0.19685
HPMR,5,5,16,0.3,0.4,0.35,0.016867521778670524,0.3177
HPMR,5,5,17,0.2,0.3,0.25,0.017230320523670815,0.7008000000000001
HPMR,5,5,18,0.15,0.2,0.175,0.012509430672856764,1.5062499999999999
HPMR,5,5,19,0.1,0.15,0.125,0.02939225245637132,3.7815000000000003
HPMR,5,5,20,0.088,0.1,0.094,0.004152262026948948,6.616
HPMR,5,5,21,0.08,0.088,0.08399999999999999,0.0038851784355400645,2.1645
HPMR,5,5,22,0.06,0.08,0.07,0.008305680985771034,3.7199999999999998
HPMR,5,5,23,0.05,0.06,0.055,0.003157585657236529,6.531000000000001
HPMR,5,5,24,0.04,0.05,0.045,0.00539331458425394,11.2005
HPMR,5,5,25,0.03,0.04,0.035,0.007239668867446079,22.34
HPMR,5,5,26,0.02,0.03,0.025,0.005389793487248737,58.34
HPMR,5,5,27,0.0159,0.02,0.01795,0.002410167426080845,120.58000000000001
HPMR,5,5,28,0.0155,0.0159,0.0157,0.00024433642448102477,138.0
HPMR,5,5,29,0.0152,0.0155,0.015349999999999999,0.00017911399191357415,145.05
HPMR,5,5,30,0.015,0.0152,0.015099999999999999,0.00011746455061433093,109.69999999999999
HPMR,5,5,31,0.013,0.015,0.013999999999999999,0.001253803958602403,136.85
HPMR,5,5,32,0.01,0.013,0.0115,0.002024630777991243,98.805
HPMR,5,5,33,0.008,0.01,0.009000000000000001,0.0014714664384739837,179.64999999999998
HPMR,5,5,34,0.006,0.008,0.007,0.001637544847219352,347.95
HPMR,5,5,35,0.005,0.006,0.0055,0.0009647742917521687,598.8
HPMR,5,5,36,0.004,0.005,0.0045000000000000005,1.0124537178065403e-05,990.7
HPMR,5,5,37,0.00385,0.004,0.003925,7.375765554370366e-08,1309.5
HPMR,5,5,38,0.0037,0.00385,0.003775,1.1775254700688147e-06,1339.5
HPMR,5,5,39,0.00355,0.0037,0.003625,1.0898916532825564e-09,1513.5
HPMR,5,5,40,0.0033,0.00355,0.003425,2.728232939110228e-07,1540.5
HPMR,5,5,41,0.00307,0.0033,0.003185,2.4928662577430264e-07,1971.0
HPMR,5,5,42,0.003,0.00307,0.003035,1.9300635439413484e-09,1911.0
HPMR,5,5,43,0.00259,0.003,0.0027949999999999997,5.5660520581212895e-06,2211.5
HPMR,5,5,44,0.00253,0.00259,0.0025599999999999998,2.84595851199898e-12,1835.0
HPMR,5,5,45,0.00248,0.00253,0.0025050000000000003,3.153484417581899e-09,1561.5
HPMR,5,5,46,0.002,0.00248,0.00224,7.442472317955705e-07,1042.8
HPMR,5,5,47,0.0015,0.002,0.00175,2.1398733487240055e-08,1820.5
HPMR,5,5,48,0.001,0.0015,0.00125,2.7056381853813104e-11,3783.0
HPMR,5,6,1,15.0,20.0,17.5,5.5094803463992764e-111,0.05932
HPMR,5,6,2,10.0,15.0,12.5,3.0516312753119577e-13,0.05315
HPMR,5,6,3,8.0,10.0,9.0,3.005910006659482e-12,0.048235
HPMR,5,6,4,6.0,8.0,7.0,2.0743411042242135e-11,0.045329999999999995
HPMR,5,6,5,5.0,6.0,5.5,3.638263854429457e-11,0.043315
HPMR,5,6,6,4.0,5.0,4.5,8.882403576843469e-11,0.042345
HPMR,5,6,7,3.0,4.0,3.5,4.1015232293388355e-05,0.042155
HPMR,5,6,8,2.0,3.0,2.5,0.018757709718475065,0.0442
HPMR,5,6,9,1.5,2.0,1.75,0.004036488889888782,0.04914
HPMR,5,6,10,1.25,1.5,1.375,0.010961179784264816,0.05549
HPMR,5,6,11,1.0,1.25,1.125,0.013599209788632952,0.06489
HPMR,5,6,12,0.8,1.0,0.9,0.013833473548495531,0.07986
HPMR,5,6,13,0.6,0.8,0.7,0.7353603522173621,0.10675
HPMR,5,6,14,0.5,0.6,0.55,0.03234329499465339,0.1431
HPMR,5,6,15,0.4,0.5,0.45,0.03348827306988737,0.19685
HPMR,5,6,16,0.3,0.4,0.35,0.019041618606577052,0.3177
HPMR,5,6,17,0.2,0.3,0.25,0.019340319822486914,0.7008000000000001
HPMR,5,6,18,0.15,0.2,0.175,0.014081387772265027,1.5062499999999999
HPMR,5,6,19,0.1,0.15,0.125,0.03173084072050285,3.7815000000000003
HPMR,5,6,20,0.088,0.1,0.094,0.004654054562083251,6.616
HPMR,5,6,21,0.08,0.088,0.08399999999999999,0.004388618955782591,2.1645
HPMR,5,6,22,0.06,0.08,0.07,0.00929664065836851,3.7199999999999998
HPMR,5,6,23,0.05,0.06,0.055,0.0035272175900612295,6.531000000000001
HPMR,5,6,24,0.04,0.05,0.045,0.006014949758465682,11.2005
HPMR,5,6,25,0.03,0.04,0.035,0.008065166392636916,22.34
HPMR,5,6,26,0.02,0.03,0.025,0.005960399805742612,58.34
HPMR,5,6,27,0.0159,0.02,0.01795,0.0026771167842415157,120.58000000000001
HPMR,5,6,28,0.0155,0.0159,0.0157,0.0002721765998399705,138.0
HPMR,5,6,29,0.0152,0.0155,0.015349999999999999,0.00019951201438628413,145.05
HPMR,5,6,30,0.015,0.0152,0.015099999999999999,0.00013084436780918957,109.69999999999999
HPMR,5,6,31,0.013,0.015,0.013999999999999999,0.0013963127004158924,136.85
HPMR,5,6,32,0.01,0.013,0.0115,0.002253592975512884,98.805
HPMR,5,6,33,0.008,0.01,0.009000000000000001,0.001637043562190268,179.64999999999998
HPMR,5,6,34,0.006,0.008,0.007,0.0018210341686679165,347.95
HPMR,5,6,35,0.005,0.006,0.0055,0.0010718105506348245,598.8
HPMR,5,6,36,0.004,0.005,0.0045000000000000005,1.1760367733400538e-05,990.7
HPMR,5,6,37,0.00385,0.004,0.003925,4.870918911240453e-08,1309.5
HPMR,5,6,38,0.0037,0.00385,0.003775,1.3399105925425635e-06,1339.5
HPMR,5,6,39,0.00355,0.0037,0.003625,1.2791808204846015e-09,1513.5
HPMR,5,6,40,0.0033,0.00355,0.003425,3.0492450392734764e-07,1540.5
HPMR,5,6,41,0.00307,0.0033,0.003185,2.042579640790003e-07,1971.0
HPMR,5,6,42,0.003,0.00307,0.003035,2.277658535769156e-09,1911.0
HPMR,5,6,43,0.00259,0.003,0.0027949999999999997,4.0709155674736385e-06,2211.5
HPMR,5,6,44,0.00253,0.00259,0.0025599999999999998,3.3034496355646407e-12,1835.0
HPMR,5,6,45,0.00248,0.00253,0.0025050000000000003,2.8220141229827087e-09,1561.5
HPMR,5,6,46,0.002,0.00248,0.00224,5.895671693429634e-07,1042.8
HPMR,5,6,47,0.0015,0.002,0.00175,1.9172413926141405e-08,1820.5
HPMR,5,6,48,0.001,0.0015,0.00125,3.082318867650221e-11,3783.0
HPMR,5,7,1,15.0,20.0,17.5,0.0,0.05932
HPMR,5,7,2,10.0,15.0,12.5,3.3509843471984744e-13,0.05315
HPMR,5,7,3,8.0,10.0,9.0,3.3010205969941007e-12,0.048235
HPMR,5,7,4,6.0,8.0,7.0,2.27828380406935e-11,0.045329999999999995
HPMR,5,7,5,5.0,6.0,5.5,3.996341553348708e-11,0.043315
HPMR,5,7,6,4.0,5.0,4.5,9.758005742001863e-11,0.042345
HPMR,5,7,7,3.0,4.0,3.5,4.696023671960244e-05,0.042155
HPMR,5,7,8,2.0,3.0,2.5,0.02123538390248517,0.0442
HPMR,5,7,9,1.5,2.0,1.75,0.004426579690782197,0.04914
HPMR,5,7,10,1.25,1.5,1.375,0.01262066632692457,0.05549
HPMR,5,7,11,1.0,1.25,1.125,0.015325455998408979,0.06489
HPMR,5,7,12,0.8,1.0,0.9,0.015716111847967087,0.07986
HPMR,5,7,13,0.6,0.8,0.7,0.7113498077800717,0.10675
HPMR,5,7,14,0.5,0.6,0.55,0.03665746492698515,0.1431
HPMR,5,7,15,0.4,0.5,0.45,0.030222854440512932,0.19685
HPMR,5,7,16,0.3,0.4,0.35,0.0213252301655029,0.3177
HPMR,5,7,17,0.2,0.3,0.25,0.021541929365472157,0.7008000000000001
HPMR,5,7,18,0.15,0.2,0.175,0.01572420211997994,1.5062499999999999
HPMR,5,7,19,0.1,0.15,0.125,0.0345527300986415,3.7815000000000003
HPMR,5,7,20,0.088,0.1,0.094,0.005180392049684726,6.616
HPMR,5,7,21,0.08,0.088,0.08399999999999999,0.0049105170087009944,2.1645
HPMR,5,7,22,0.06,0.08,0.07,0.010336649806671113,3.7199999999999998
HPMR,5,7,23,0.05,0.06,0.055,0.00391638691197169,6.531000000000001
HPMR,5,7,24,0.04,0.05,0.045,0.0066751380657293245,11.2005
HPMR,5,7,25,0.03,0.04,0.035,0.008961998822237303,22.34
HPMR,5,7,26,0.02,0.03,0.025,0.006574452102319374,58.34
HPMR,5,7,27,0.0159,0.02,0.01795,0.002958524935828752,120.58000000000001
HPMR,5,7,28,0.0155,0.0159,0.0157,0.00030152709253951495,138.0
HPMR,5,7,29,0.0152,0.0155,0.015349999999999999,0.00022102139618949623,145.05
HPMR,5,7,30,0.015,0.0152,0.015099999999999999,0.00014494461812451337,109.69999999999999
HPMR,5,7,31,0.013,0.015,0.013999999999999999,0.0015465819057569462,136.85
HPMR,5,7,32,0.01,0.013,0.0115,0.0024952389853015117,98.805
HPMR,5,7,33,0.008,0.01,0.009000000000000001,0.0018118353788533362,179.64999999999998
HPMR,5,7,34,0.006,0.008,0.007,0.0020148569627008624,347.95
HPMR,5,7,35,0.005,0.006,0.0055,0.0011853797027456298,598.8
HPMR,5,7,36,0.004,0.005,0.0045000000000000005,1.3683620620488212e-05,990.7
HPMR,5,7,37,0.00385,0.004,0.003925,3.4560109311590716e-08,1309.5
HPMR,5,7,38,0.0037,0.00385,0.003775,1.5233166852474867e-06,1339.5
HPMR,5,7,39,0.00355,0.0037,0.003625,1.5412149899577958e-09,1513.5
HPMR,5,7,40,0.0033,0.00355,0.003425,3.402167958729786e-07,1540.5
HPMR,5,7,41,0.00307,0.0033,0.003185,1.7389047369199765e-07,1971.0
HPMR,5,7,42,0.003,0.00307,0.003035,2.6464581782192432e-09,1911.0
HPMR,5,7,43,0.00259,0.003,0.0027949999999999997,2.9339472583009564e-06,2211.5
HPMR,5,7,44,0.00253,0.00259,0.0025599999999999998,3.778804251763122e-12,1835.0
HPMR,5,7,45,0.00248,0.00253,0.0025050000000000003,2.4835510704529444e-09,1561.5
HPMR,5,7,46,0.002,0.00248,0.00224,4.640276641371682e-07,1042.8
HPMR,5,7,47,0.0015,0.002,0.00175,1.690108387684957e-08,1820.5
HPMR,5,7,48,0.001,0.0015,0.00125,3.453455858923764e-11,3783.0
HPMR,5,8,1,15.0,20.0,17.5,0.0,0.05932
HPMR,5,8,2,10.0,15.0,12.5,3.6235483274163306e-13,0.05315
HPMR,5,8,3,8.0,10.0,9.0,3.5697082164522475e-12,0.048235
HPMR,5,8,4,6.0,8.0,7.0,2.4640657804719095e-11,0.045329999999999995
HPMR,5,8,5,5.0,6.0,5.5,4.322895233522385e-11,0.043315
HPMR,5,8,6,4.0,5.0,4.5,1.0556653265190134e-10,0.042345
HPMR,5,8,7,3.0,4.0,3.5,5.290724523915074e-05,0.042155
HPMR,5,8,8,2.0,3.0,2.5,0.02362592063893577,0.0442
HPMR,5,8,9,1.5,2.0,1.75,0.0049208289005687415,0.04914
HPMR,5,8,10,1.25,1.5,1.375,0.014287341296711836,0.05549
HPMR,5,8,11,1.0,1.25,1.125,0.017084993510280082,0.06489
HPMR,5,8,12,0.8,1.0,0.9,0.01764545001499782,0.07986
HPMR,5,8,13,0.6,0.8,0.7,0.6856563078252412,0.10675
HPMR,5,8,14,0.5,0.6,0.55,0.04107062309051725,0.1431
HPMR,5,8,15,0.4,0.5,0.45,0.028268779744482136,0.19685
HPMR,5,8,16,0.3,0.4,0.35,0.023588651368077453,0.3177
HPMR,5,8,17,0.2,0.3,0.25,0.023727976451630956,0.7008000000000001
HPMR,5,8,18,0.15,0.2,0.175,0.017357047848011044,1.5062499999999999
HPMR,5,8,19,0.1,0.15,0.125,0.03756598868411538,3.7815000000000003
HPMR,5,8,20,0.088,0.1,0.094,0.005705068099581601,6.616
HPMR,5,8,21,0.08,0.088,0.08399999999999999,0.005425876658682818,2.1645
HPMR,5,8,22,0.06,0.08,0.07,0.011374687301615777,3.7199999999999998
HPMR,5,8,23,0.05,0.06,0.055,0.004305848132957375,6.531000000000001
HPMR,5,8,24,0.04,0.05,0.045,0.007337812932783939,11.2005
HPMR,5,8,25,0.03,0.04,0.035,0.009876054389860677,22.34
HPMR,5,8,26,0.02,0.03,0.025,0.007197769678696655,58.34
HPMR,5,8,27,0.0159,0.02,0.01795,0.003240295110126163,120.58000000000001
HPMR,5,8,28,0.0155,0.0159,0.0157,0.0003309353254701064,138.0
HPMR,5,8,29,0.0152,0.0155,0.015349999999999999,0.0002425726057533768,145.05
HPMR,5,8,30,0.015,0.0152,0.015099999999999999,0.00015908127456573244,109.69999999999999
HPMR,5,8,31,0.013,0.015,0.013999999999999999,0.0016971806054311286,136.85
HPMR,5,8,32,0.01,0.013,0.0115,0.0027374544034577423,98.805
HPMR,5,8,33,0.008,0.01,0.009000000000000001,0.001987162747592216,179.64999999999998
HPMR,5,8,34,0.006,0.008,0.007,0.0022093722704338696,347.95
HPMR,5,8,35,0.005,0.006,0.0055,0.0012994880025825586,598.8
HPMR,5,8,36,0.004,0.005,0.0045000000000000005,1.5778849200802848e-05,990.7
HPMR,5,8,37,0.00385,0.004,0.003925,2.5615056465573422e-08,1309.5
HPMR,5,8,38,0.0037,0.00385,0.003775,1.7194327414358402e-06,1339.5
HPMR,5,8,39,0.00355,0.0037,0.003625,1.8377313036982032e-09,1513.5
HPMR,5,8,40,0.0033,0.00355,0.003425,3.7683126078019954e-07,1540.5
HPMR,5,8,41,0.00307,0.0033,0.003185,1.5528855927916157e-07,1971.0
HPMR,5,8,42,0.003,0.00307,0.003035,3.023515334504385e-09,1911.0
HPMR,5,8,43,0.00259,0.003,0.0027949999999999997,2.083436758312178e-06,2211.5
HPMR,5,8,44,0.00253,0.00259,0.0025599999999999998,4.254520862892542e-12,1835.0
HPMR,5,8,45,0.00248,0.00253,0.0025050000000000003,2.1467009298112298e-09,1561.5
HPMR,5,8,46,0.002,0.00248,0.00224,3.62516761297776e-07,1042.8
HPMR,5,8,47,0.0015,0.002,0.00175,1.4643686176039198e-08,1820.5
HPMR,5,8,48,0.001,0.0015,0.00125,3.800445069421322e-11,3783.0
HPMR,5,9,1,15.0,20.0,17.5,0.0,0.05932
HPMR,5,9,2,10.0,15.0,12.5,3.8561140941344776e-13,0.05315
HPMR,5,9,3,8.0,10.0,9.0,3.799144234545607e-12,0.048235
HPMR,5,9,4,6.0,8.0,7.0,2.6228142459444003e-11,0.045329999999999995
HPMR,5,9,5,5.0,6.0,5.5,4.602108671402003e-11,0.043315
HPMR,5,9,6,4.0,5.0,4.5,1.1240499375470287e-10,0.042345
HPMR,5,9,7,3.0,4.0,3.5,5.852632584617313e-05,0.042155
HPMR,5,9,8,2.0,3.0,2.5,0.025800602298230342,0.0442
HPMR,5,9,9,1.5,2.0,1.75,0.005406634898801644,0.04914
HPMR,5,9,10,1.25,1.5,1.375,0.015887558330945097,0.05549
HPMR,5,9,11,1.0,1.25,1.125,0.01878807402095552,0.06489
HPMR,5,9,12,0.8,1.0,0.9,0.019510845837702167,0.07986
HPMR,5,9,13,0.6,0.8,0.7,0.6603001950167907,0.10675
HPMR,5,9,14,0.5,0.6,0.55,0.04535390931632702,0.1431
HPMR,5,9,15,0.4,0.5,0.45,0.027251692062914126,0.19685
HPMR,5,9,16,0.3,0.4,0.35,0.02571381643736131,0.3177
HPMR,5,9,17,0.2,0.3,0.25,0.02578507313089692,0.7008000000000001
HPMR,5,9,18,0.15,0.2,0.175,0.018895890811298943,1.5062499999999999
HPMR,5,9,19,0.1,0.15,0.125,0.04050339608425971,3.7815000000000003
HPMR,5,9,20,0.088,0.1,0.094,0.006200899452427365,6.616
HPMR,5,9,21,0.08,0.088,0.08399999999999999,0.005908562433685338,2.1645
HPMR,5,9,22,0.06,0.08,0.07,0.012356869030544709,3.7199999999999998
HPMR,5,9,23,0.05,0.06,0.055,0.0046749271554808606,6.531000000000001
HPMR,5,9,24,0.04,0.05,0.045,0.007966063520596,11.2005
HPMR,5,9,25,0.03,0.04,0.035,0.01075270604500297,22.34
HPMR,5,9,26,0.02,0.03,0.025,0.007795420156126533,58.34
HPMR,5,9,27,0.0159,0.02,0.01795,0.003507612514052443,120.58000000000001
HPMR,5,9,28,0.0155,0.0159,0.0157,0.0003588852687421459,138.0
HPMR,5,9,29,0.0152,0.0155,0.015349999999999999,0.00026304088961514303,145.05
HPMR,5,9,30,0.015,0.0152,0.015099999999999999,0.0001725045573588995,109.69999999999999
HPMR,5,9,31,0.013,0.015,0.013999999999999999,0.0018403926790176365,136.85
HPMR,5,9,32,0.01,0.013,0.0115,0.0029675795083660152,98.805
HPMR,5,9,33,0.008,0.01,0.009000000000000001,0.0021538600139049927,179.64999999999998
HPMR,5,9,34,0.006,0.008,0.007,0.0023943491361352043,347.95
HPMR,5,9,35,0.005,0.006,0.0055,0.0014079053687820389,598.8
HPMR,5,9,36,0.004,0.005,0.0045000000000000005,1.794989830639685e-05,990.7
HPMR,5,9,37,0.00385,0.004,0.003925,1.967320993753044e-08,1309.5
HPMR,5,9,38,0.0037,0.00385,0.003775,1.91913664966043e-06,1339.5
HPMR,5,9,39,0.00355,0.0037,0.003625,2.1534895323414666e-09,1513.5
HPMR,5,9,40,0.0033,0.00355,0.003425,4.1294695897996225e-07,1540.5
HPMR,5,9,41,0.00307,0.0033,0.003185,1.4587708457992917e-07,1971.0
HPMR,5,9,42,0.003,0.00307,0.003035,3.3942416060896017e-09,1911.0
HPMR,5,9,43,0.00259,0.003,0.0027949999999999997,1.4591936384722064e-06,2211.5
HPMR,5,9,44,0.00253,0.00259,0.0025599999999999998,4.711041787031449e-12,1835.0
HPMR,5,9,45,0.00248,0.00253,0.0025050000000000003,1.8211688121922564e-09,1561.5
HPMR,5,9,46,0.002,0.00248,0.00224,2.8090648672744423e-07,1042.8
HPMR,5,9,47,0.0015,0.002,0.00175,1.2462001493391922e-08,1820.5
HPMR,5,9,48,0.001,0.0015,0.00125,4.104580771469112e-11,3783.0
HPMR,5,10,1,15.0,20.0,17.5,0.0,0.05932
HPMR,5,10,2,10.0,15.0,12.5,4.04027412280053e-13,0.05315
HPMR,5,10,3,8.0,10.0,9.0,3.980776830327857e-12,0.048235
HPMR,5,10,4,6.0,8.0,7.0,2.7486747105762886e-11,0.045329999999999995
HPMR,5,10,5,5.0,6.0,5.5,4.8236670691265593e-11,0.043315
HPMR,5,10,6,4.0,5.0,4.5,1.178340861146772e-10,0.042345
HPMR,5,10,7,3.0,4.0,3.5,6.355648221517927e-05,0.042155
HPMR,5,10,8,2.0,3.0,2.5,0.02765770340927605,0.0442
HPMR,5,10,9,1.5,2.0,1.75,0.005840862187359507,0.04914
HPMR,5,10,10,1.25,1.5,1.375,0.017358531903593558,0.05549
HPMR,5,10,11,1.0,1.25,1.125,0.020356402010654456,0.06489
HPMR,5,10,12,0.8,1.0,0.9,0.02122577922937247,0.07986
HPMR,5,10,13,0.6,0.8,0.7,0.6369175445773184,0.10675
HPMR,5,10,14,0.5,0.6,0.55,0.049305147588222846,0.1431
HPMR,5,10,15,0.4,0.5,0.45,0.026857521572377734,0.19685
HPMR,5,10,16,0.3,0.4,0.35,0.027602336879160992,0.3177
HPMR,5,10,17,0.2,0.3,0.25,0.027616804772071943,0.7008000000000001
HPMR,5,10,18,0.15,0.2,0.175,0.020269364598354468,1.5062499999999999
HPMR,5,10,19,0.1,0.15,0.125,0.04315445266239398,3.7815000000000003
HPMR,5,10,20,0.088,0.1,0.094,0.006644496891703778,6.616
HPMR,5,10,21,0.08,0.088,0.08399999999999999,0.006336323615438987,2.1645
HPMR,5,10,22,0.06,0.08,0.07,0.013237355164073658,3.7199999999999998
HPMR,5,10,23,0.05,0.06,0.055,0.005006320382880093,6.531000000000001
HPMR,5,10,24,0.04,0.05,0.045,0.008529052925840575,11.2005
HPMR,5,10,25,0.03,0.04,0.035,0.011546452132166438,22.34
HPMR,5,10,26,0.02,0.03,0.025,0.008337187194056817,58.34
HPMR,5,10,27,0.0159,0.02,0.01795,0.0037481034608077743,120.58000000000001
HPMR,5,10,28,0.0155,0.0159,0.0157,0.00038402910339976865,138.0
HPMR,5,10,29,0.0152,0.0155,0.015349999999999999,0.00028147147625356874,145.05
HPMR,5,10,30,0.015,0.0152,0.015099999999999999,0.00018459150017063577,109.69999999999999
HPMR,5,10,31,0.013,0.015,0.013999999999999999,0.0019692489320590565,136.85
HPMR,5,10,32,0.01,0.013,0.0115,0.0031748742965506172,98.805
HPMR,5,10,33,0.008,0.01,0.009000000000000001,0.002303953154278152,179.64999999999998
HPMR,5,10,34,0.006,0.008,0.007,0.0025610828863803603,347.95
HPMR,5,10,35,0.005,0.006,0.0055,0.0015053714765604466,598.8
HPMR,5,10,36,0.004,0.005,0.0045000000000000005,2.0111853721822163e-05,990.7
HPMR,5,10,37,0.00385,0.004,0.003925,1.5631331331167693e-08,1309.5
HPMR,5,10,38,0.0037,0.00385,0.003775,2.1142489154706307e-06,1339.5
HPMR,5,10,39,0.00355,0.0037,0.003625,2.4777544692418215e-09,1513.5
HPMR,5,10,40,0.0033,0.00355,0.003425,4.470934216394931e-07,1540.5
HPMR,5,10,41,0.00307,0.0033,0.003185,1.4339258517217816e-07,1971.0
HPMR,5,10,42,0.003,0.00307,0.003035,3.744612250889438e-09,1911.0
HPMR,5,10,43,0.00259,0.003,0.0027949999999999997,1.010972595075529e-06,2211.5
HPMR,5,10,44,0.00253,0.00259,0.0025599999999999998,5.13163380727347e-12,1835.0
HPMR,5,10,45,0.00248,0.00253,0.0025050000000000003,1.516532203420482e-09,1561.5
HPMR,5,10,46,0.002,0.00248,0.00224,2.1593400719745286e-07,1042.8
HPMR,5,10,47,0.0015,0.002,0.00175,1.042294100652142e-08,1820.5
HPMR,5,10,48,0.001,0.0015,0.00125,4.351614998516779e-11,3783.0
HPMR,5,11,1,15.0,20.0,17.5,0.0,0.05932
HPMR,5,11,2,10.0,15.0,12.5,4.1717912123369283e-13,0.05315
HPMR,5,11,3,8.0,10.0,9.0,4.110854936201669e-12,0.048235
HPMR,5,11,4,6.0,8.0,7.0,2.838912889722536e-11,0.045329999999999995
HPMR,5,11,5,5.0,6.0,5.5,4.9828744593042173e-11,0.043315
HPMR,5,11,6,4.0,5.0,4.5,1.2174755478100878e-10,0.042345
HPMR,5,11,7,3.0,4.0,3.5,6.781113805821073e-05,0.042155
HPMR,5,11,8,2.0,3.0,2.5,0.029125572439577967,0.0442
HPMR,5,11,9,1.5,2.0,1.75,0.006202653201596911,0.04914
HPMR,5,11,10,1.25,1.5,1.375,0.018644880159562144,0.05549
HPMR,5,11,11,1.0,1.25,1.125,0.02172742820233031,0.06489
HPMR,5,11,12,0.8,1.0,0.9,0.02272454359259486,0.07986
HPMR,5,11,13,0.6,0.8,0.7,0.616757288764326,0.10675
HPMR,5,11,14,0.5,0.6,0.55,0.05276329213608012,0.1431
HPMR,5,11,15,0.4,0.5,0.45,0.02683123194581293,0.19685
HPMR,5,11,16,0.3,0.4,0.35,0.029180258841237816,0.3177
HPMR,5,11,17,0.2,0.3,0.25,0.02915161358322552,0.7008000000000001
HPMR,5,11,18,0.15,0.2,0.175,0.02142491691695798,1.5062499999999999
HPMR,5,11,19,0.1,0.15,0.125,0.04536511896422841,3.7815000000000003
HPMR,5,11,20,0.088,0.1,0.094,0.007018416910115785,6.616
HPMR,5,11,21,0.08,0.088,0.08399999999999999,0.006692351699660289,2.1645
HPMR,5,11,22,0.06,0.08,0.07,0.013981895108824385,3.7199999999999998
HPMR,5,11,23,0.05,0.06,0.055,0.00528664150649244,6.531000000000001
HPMR,5,11,24,0.04,0.05,0.045,0.00900346500470268,11.2005
HPMR,5,11,25,0.03,0.04,0.035,0.012223828566574476,22.34
HPMR,5,11,26,0.02,0.03,0.025,0.008799881130586973,58.34
HPMR,5,11,27,0.0159,0.02,0.01795,0.0039518291949431576,120.58000000000001
HPMR,5,11,28,0.0155,0.0159,0.0157,0.00040537530737954914,138.0
HPMR,5,11,29,0.0152,0.0155,0.015349999999999999,0.00029709825751533505,145.05
HPMR,5,11,30,0.015,0.0152,0.015099999999999999,0.00019484550795333626,109.69999999999999
HPMR,5,11,31,0.013,0.015,0.013999999999999999,0.002078569364422287,136.85
HPMR,5,11,32,0.01,0.013,0.0115,0.0033509049215165393,98.805
HPMR,5,11,33,0.008,0.01,0.009000000000000001,0.0024315136646586993,179.64999999999998
HPMR,5,11,34,0.006,0.008,0.007,0.0027028045122580264,347.95
HPMR,5,11,35,0.005,0.006,0.0055,0.001587965791944135,598.8
HPMR,5,11,36,0.004,0.005,0.0045000000000000005,2.2191220970693113e-05,990.7
HPMR,5,11,37,0.00385,0.004,0.003925,1.2821863430440377e-08,1309.5
HPMR,5,11,38,0.0037,0.00385,0.003775,2.297679257726702e-06,1339.5
HPMR,5,11,39,0.00355,0.0037,0.003625,2.8009275415219813e-09,1513.5
HPMR,5,11,40,0.0033,0.00355,0.003425,4.780633150816561e-07,1540.5
HPMR,5,11,41,0.00307,0.0033,0.003185,1.4586196050543965e-07,1971.0
HPMR,5,11,42,0.003,0.00307,0.003035,4.063446166153189e-09,1911.0
HPMR,5,11,43,0.00259,0.003,0.0027949999999999997,6.963097998011342e-07,2211.5
HPMR,5,11,44,0.00253,0.00259,0.0025599999999999998,5.503296877335053e-12,1835.0
HPMR,5,11,45,0.00248,0.00253,0.0025050000000000003,1.2406169233086676e-09,1561.5
HPMR,5,11,46,0.002,0.00248,0.00224,1.6476891294774989e-07,1042.8
HPMR,5,11,47,0.0015,0.002,0.00175,8.578473540374723e-09,1820.5
HPMR,5,11,48,0.001,0.0015,0.00125,4.532171705814916e-11,3783.0
HPMR,5,12,1,15.0,20.0,17.5,0.0,0.05932
HPMR,5,12,2,10.0,15.0,12.5,4.252669389101642e-13,0.05315
HPMR,5,12,3,8.0,10.0,9.0,4.190841090007712e-12,0.048235
HPMR,5,12,4,6.0,8.0,7.0,2.894734836365364e-11,0.045329999999999995
HPMR,5,12,5,5.0,6.0,5.5,5.081657139133894e-11,0.043315
HPMR,5,12,6,4.0,5.0,4.5,1.2418574479013273e-10,0.042345
HPMR,5,12,7,3.0,4.0,3.5,7.118858667592825e-05,0.042155
HPMR,5,12,8,2.0,3.0,2.5,0.03018101402919821,0.0442
HPMR,5,12,9,1.5,2.0,1.75,0.006482948198490089,0.04914
HPMR,5,12,10,1.25,1.5,1.375,0.019721667685290555,0.05549
HPMR,5,12,11,1.0,1.25,1.125,0.022866093977425533,0.06489
HPMR,5,12,12,0.8,1.0,0.9,0.02396937431088731,0.07986
HPMR,5,12,13,0.6,0.8,0.7,0.6005214537097474,0.10675
HPMR,5,12,14,0.5,0.6,0.55,0.055634705788363645,0.1431
HPMR,5,12,15,0.4,0.5,0.45,0.026981642855402048,0.19685
HPMR,5,12,16,0.3,0.4,0.35,0.030412265918230853,0.3177
HPMR,5,12,17,0.2,0.3,0.25,0.0303501991486828,0.7008000000000001
HPMR,5,12,18,0.15,0.2,0.175,0.022334917153718017,1.5062499999999999
HPMR,5,12,19,0.1,0.15,0.125,0.04705763251949889,3.7815000000000003
HPMR,5,12,20,0.088,0.1,0.094,0.007313625866172963,6.616
HPMR,5,12,21,0.08,0.088,0.08399999999999999,0.006968911024094431,2.1645
HPMR,5,12,22,0.06,0.08,0.07,0.014571575970968571,3.7199999999999998
HPMR,5,12,23,0.05,0.06,0.055,0.005509092870147165,6.531000000000001
HPMR,5,12,24,0.04,0.05,0.045,0.00937672270789152,11.2005
HPMR,5,12,25,0.03,0.04,0.035,0.01276603237582905,22.34
HPMR,5,12,26,0.02,0.03,0.025,0.009171767020287333,58.34
HPMR,5,12,27,0.0159,0.02,0.01795,0.004113950481419098,120.58000000000001
HPMR,5,12,28,0.0155,0.0159,0.0157,0.0004224025864986844,138.0
HPMR,5,12,29,0.0152,0.0155,0.015349999999999999,0.00030958118342588523,145.05
HPMR,5,12,30,0.015,0.0152,0.015099999999999999,0.00020301312017513272,109.69999999999999
HPMR,5,12,31,0.013,0.015,0.013999999999999999,0.0021659304576576227,136.85
HPMR,5,12,32,0.01,0.013,0.0115,0.0034914588092217662,98.805
HPMR,5,12,33,0.008,0.01,0.009000000000000001,0.002533368311441103,179.64999999999998
HPMR,5,12,34,0.006,0.008,0.007,0.0028160524767970652,347.95
HPMR,5,12,35,0.005,0.006,0.0055,0.0016535219032049306,598.8
HPMR,5,12,36,0.004,0.005,0.0045000000000000005,2.4135272405193344e-05,990.7
HPMR,5,12,37,0.00385,0.004,0.003925,1.0814048586411078e-08,1309.5
HPMR,5,12,38,0.0037,0.00385,0.003775,2.464867351234701e-06,1339.5
HPMR,5,12,39,0.00355,0.0037,0.003625,3.115450520671253e-09,1513.5
HPMR,5,12,40,0.0033,0.00355,0.003425,5.053324271124208e-07,1540.5
HPMR,5,12,41,0.00307,0.0033,0.003185,1.5166345130615839e-07,1971.0
HPMR,5,12,42,0.003,0.00307,0.003035,4.3437206310624305e-09,1911.0
HPMR,5,12,43,0.00259,0.003,0.0027949999999999997,4.803663107547414e-07,2211.5
HPMR,5,12,44,0.00253,0.00259,0.0025599999999999998,5.819730928845168e-12,1835.0
HPMR,5,12,45,0.00248,0.00253,0.0025050000000000003,9.986063701315656e-10,1561.5
HPMR,5,12,46,0.002,0.00248,0.00224,1.249562492725763e-07,1042.8
HPMR,5,12,47,0.0015,0.002,0.00175,6.962306037029754e-09,1820.5
HPMR,5,12,48,0.001,0.0015,0.00125,4.644373222879767e-11,3783.0
HPMR,5,13,1,15.0,20.0,17.5,0.0,0.05932
HPMR,5,13,2,10.0,15.0,12.5,4.2883481619566133e-13,0.05315
HPMR,5,13,3,8.0,10.0,9.0,4.226391596481666e-12,0.048235
HPMR,5,13,4,6.0,8.0,7.0,2.9198694316168575e-11,0.045329999999999995
HPMR,5,13,5,5.0,6.0,5.5,5.126672288408179e-11,0.043315
HPMR,5,13,6,4.0,5.0,4.5,1.2530920568358757e-10,0.042345
HPMR,5,13,7,3.0,4.0,3.5,7.367283787255155e-05,0.042155
HPMR,5,13,8,2.0,3.0,2.5,0.030828627488525155,0.0442
HPMR,5,13,9,1.5,2.0,1.75,0.006681027791071074,0.04914
HPMR,5,13,10,1.25,1.5,1.375,0.020579542602482657,0.05549
HPMR,5,13,11,1.0,1.25,1.125,0.023761750963403272,0.06489
HPMR,5,13,12,0.8,1.0,0.9,0.02495103256941079,0.07986
HPMR,5,13,13,0.6,0.8,0.7,0.5884515147647313,0.10675
HPMR,5,13,14,0.5,0.6,0.55,0.05788580118557622,0.1431
HPMR,5,13,15,0.4,0.5,0.45,0.02717548271655096,0.19685
HPMR,5,13,16,0.3,0.4,0.35,0.03129436311433158,0.3177
HPMR,5,13,17,0.2,0.3,0.25,0.0312117873812237,0.7008000000000001
HPMR,5,13,18,0.15,0.2,0.175,0.02299514814207437,1.5062499999999999
HPMR,5,13,19,0.1,0.15,0.125,0.04820986406146505,3.7815000000000003
HPMR,5,13,20,0.088,0.1,0.094,0.007528922777557064,6.616
HPMR,5,13,21,0.08,0.088,0.08399999999999999,0.007165196131937142,2.1645
HPMR,5,13,22,0.06,0.08,0.07,0.015003027155839632,3.7199999999999998
HPMR,5,13,23,0.05,0.06,0.055,0.00567245047573272,6.531000000000001
HPMR,5,13,24,0.04,0.05,0.045,0.009647987325844142,11.2005
HPMR,5,13,25,0.03,0.04,0.035,0.013170369497318448,22.34
HPMR,5,13,26,0.02,0.03,0.025,0.009449154583742037,58.34
HPMR,5,13,27,0.0159,0.02,0.01795,0.004233576463610864,120.58000000000001
HPMR,5,13,28,0.0155,0.0159,0.0157,0.00043501249996148565,138.0
HPMR,5,13,29,0.0152,0.0155,0.015349999999999999,0.0003188068619888904,145.05
HPMR,5,13,30,0.015,0.0152,0.015099999999999999,0.0002090742416251749,109.69999999999999
HPMR,5,13,31,0.013,0.015,0.013999999999999999,0.0022306910894367565,136.85
HPMR,5,13,32,0.01,0.013,0.0115,0.003595539883950947,98.805
HPMR,5,13,33,0.008,0.01,0.009000000000000001,0.0026089686123114387,179.64999999999998
HPMR,5,13,34,0.006,0.008,0.007,0.0029001559789657376,347.95
HPMR,5,13,35,0.005,0.006,0.0055,0.0017017818436485658,598.8
HPMR,5,13,36,0.004,0.005,0.0045000000000000005,2.5913920809455436e-05,990.7
HPMR,5,13,37,0.00385,0.004,0.003925,9.328361923940432e-09,1309.5
HPMR,5,13,38,0.0037,0.00385,0.003775,2.613347885766491e-06,1339.5
HPMR,5,13,39,0.00355,0.0037,0.003625,3.416033189068286e-09,1513.5
HPMR,5,13,40,0.0033,0.00355,0.003425,5.28709705456259e-07,1540.5
HPMR,5,13,41,0.00307,0.0033,0.003185,1.5952853995220704e-07,1971.0
HPMR,5,13,42,0.003,0.00307,0.003035,4.582839973114888e-09,1911.0
HPMR,5,13,43,0.00259,0.003,0.0027949999999999997,3.3515125303280164e-07,2211.5
HPMR,5,13,44,0.00253,0.00259,0.0025599999999999998,6.079521243951239e-12,1835.0
HPMR,5,13,45,0.00248,0.00253,0.0025050000000000003,7.92313097785412e-10,1561.5
HPMR,5,13,46,0.002,0.00248,0.00224,9.432976249879321e-08,1042.8
HPMR,5,13,47,0.0015,0.002,0.00175,5.58688163764586e-09,1820.5
HPMR,5,13,48,0.001,0.0015,0.00125,4.6914974673397964e-11,3783.0
HPMR,5,14,1,15.0,20.0,17.5,0.0,0.05932
HPMR,5,14,2,10.0,15.0,12.5,4.287165066580881e-13,0.05315
HPMR,5,14,3,8.0,10.0,9.0,4.225526877883679e-12,0.048235
HPMR,5,14,4,6.0,8.0,7.0,2.9197763678649723e-11,0.045329999999999995
HPMR,5,14,5,5.0,6.0,5.5,5.1276481534894735e-11,0.043315
HPMR,5,14,6,4.0,5.0,4.5,1.2536116463068318e-10,0.042345
HPMR,5,14,7,3.0,4.0,3.5,7.530939009167544e-05,0.042155
HPMR,5,14,8,2.0,3.0,2.5,0.03110415082938044,0.0442
HPMR,5,14,9,1.5,2.0,1.75,0.006802606272812707,0.04914
HPMR,5,14,10,1.25,1.5,1.375,0.021227691899764655,0.05549
HPMR,5,14,11,1.0,1.25,1.125,0.024420669774982282,0.06489
HPMR,5,14,12,0.8,1.0,0.9,0.02567718186138964,0.07986
HPMR,5,14,13,0.6,0.8,0.7,0.5803995488571618,0.10675
HPMR,5,14,14,0.5,0.6,0.55,0.059535446355538764,0.1431
HPMR,5,14,15,0.4,0.5,0.45,0.027331123299666985,0.19685
HPMR,5,14,16,0.3,0.4,0.35,0.031849517896484415,0.3177
HPMR,5,14,17,0.2,0.3,0.25,0.03175636619590132,0.7008000000000001
HPMR,5,14,18,0.15,0.2,0.175,0.02342185948957026,1.5062499999999999
HPMR,5,14,19,0.1,0.15,0.125,0.0488566857938827,3.7815000000000003
HPMR,5,14,20,0.088,0.1,0.094,0.007669012234947818,6.616
HPMR,5,14,21,0.08,0.088,0.08399999999999999,0.0072866789832201065,2.1645
HPMR,5,14,22,0.06,0.08,0.07,0.015287467803931724,3.7199999999999998
HPMR,5,14,23,0.05,0.06,0.055,0.005780346926693767,6.531000000000001
HPMR,5,14,24,0.04,0.05,0.045,0.009822133226145578,11.2005
HPMR,5,14,25,0.03,0.04,0.035,0.013443002747410695,22.34
HPMR,5,14,26,0.02,0.03,0.025,0.009637441180590784,58.34
HPMR,5,14,27,0.0159,0.02,0.01795,0.00431323219650023,120.58000000000001
HPMR,5,14,28,0.0155,0.0159,0.0157,0.00044346685592488495,138.0
HPMR,5,14,29,0.0152,0.0155,0.015349999999999999,0.00032498525898026396,145.05
HPMR,5,14,30,0.015,0.0152,0.015099999999999999,0.00021312513659148987,109.69999999999999
HPMR,5,14,31,0.013,0.015,0.013999999999999999,0.0022739450388140443,136.85
HPMR,5,14,32,0.01,0.013,0.0115,0.0036653506092618397,98.805
HPMR,5,14,33,0.008,0.01,0.009000000000000001,0.0026598416883795483,179.64999999999998
HPMR,5,14,34,0.006,0.008,0.007,0.002956837546927276,347.95
HPMR,5,14,35,0.005,0.006,0.0055,0.0017336651754320718,598.8
HPMR,5,14,36,0.004,0.005,0.0045000000000000005,2.7517580163272364e-05,990.7
HPMR,5,14,37,0.00385,0.004,0.003925,8.186403942838085e-09,1309.5
HPMR,5,14,38,0.0037,0.00385,0.003775,2.742620095386181e-06,1339.5
HPMR,5,14,39,0.00355,0.0037,0.003625,3.6997933354556113e-09,1513.5
HPMR,5,14,40,0.0033,0.00355,0.003425,5.484728393537692e-07,1540.5
HPMR,5,14,41,0.00307,0.0033,0.003185,1.6853549693841138e-07,1971.0
HPMR,5,14,42,0.003,0.00307,0.003035,4.781476790930462e-09,1911.0
HPMR,5,14,43,0.00259,0.003,0.0027949999999999997,2.392600585433478e-07,2211.5
HPMR,5,14,44,0.00253,0.00259,0.0025599999999999998,6.287000100402316e-12,1835.0
HPMR,5,14,45,0.00248,0.00253,0.0025050000000000003,6.20959134414264e-10,1561.5
HPMR,5,14,46,0.002,0.00248,0.00224,7.100621121956599e-08,1042.8
HPMR,5,14,47,0.0015,0.002,0.00175,4.446535809670746e-09,1820.5
HPMR,5,14,48,0.001,0.0015,0.00125,4.680988051130102e-11,3783.0
HPMR,5,15,1,15.0,20.0,17.5,0.0,0.05932
HPMR,5,15,2,10.0,15.0,12.5,4.2577693497892356e-13,0.05315
HPMR,5,15,3,8.0,10.0,9.0,4.196997010941069e-12,0.048235
HPMR,5,15,4,6.0,8.0,7.0,2.9007180824691183e-11,0.045329999999999995
HPMR,5,15,5,5.0,6.0,5.5,5.0949700779296914e-11,0.043315
HPMR,5,15,6,4.0,5.0,4.5,1.2459070589957677e-10,0.042345
HPMR,5,15,7,3.0,4.0,3.5,7.619270222581933e-05,0.042155
HPMR,5,15,8,2.0,3.0,2.5,0.031058123739802886,0.0442
HPMR,5,15,9,1.5,2.0,1.75,0.006856651482645793,0.04914
HPMR,5,15,10,1.25,1.5,1.375,0.021686255024395033,0.05549
HPMR,5,15,11,1.0,1.25,1.125,0.024866632917111112,0.06489
HPMR,5,15,12,0.8,1.0,0.9,0.026175091017555482,0.07986
HPMR,5,15,13,0.6,0.8,0.7,0.5759702531702123,0.10675
HPMR,5,15,14,0.5,0.6,0.55,0.06063745390096706,0.1431
HPMR,5,15,15,0.4,0.5,0.45,0.027403878064022072,0.19685
HPMR,5,15,16,0.3,0.4,0.35,0.032116451787061205,0.3177
HPMR,5,15,17,0.2,0.3,0.25,0.03202117591165832,0.7008000000000001
HPMR,5,15,18,0.15,0.2,0.175,0.02364204558511777,1.5062499999999999
HPMR,5,15,19,0.1,0.15,0.125,0.049052253310815266,3.7815000000000003
HPMR,5,15,20,0.088,0.1,0.094,0.007742817587650609,6.616
HPMR,5,15,21,0.08,0.088,0.08399999999999999,0.007342444807867699,2.1645
HPMR,5,15,22,0.06,0.08,0.07,0.015441444297361542,3.7199999999999998
HPMR,5,15,23,0.05,0.06,0.055,0.005839011257372408,6.531000000000001
HPMR,5,15,24,0.04,0.05,0.045,0.009911820240919276,11.2005
HPMR,5,15,25,0.03,0.04,0.035,0.013599745979828687,22.34
HPMR,5,15,26,0.02,0.03,0.025,0.009746219734925152,58.34
HPMR,5,15,27,0.0159,0.02,0.01795,0.004357245763138794,120.58000000000001
HPMR,5,15,28,0.0155,0.0159,0.0157,0.00044820637477039813,138.0
HPMR,5,15,29,0.0152,0.0155,0.015349999999999999,0.00032844599929379676,145.05
HPMR,5,15,30,0.015,0.0152,0.015099999999999999,0.00021539946853828208,109.69999999999999
HPMR,5,15,31,0.013,0.015,0.013999999999999999,0.0022985317293047294,136.85
HPMR,5,15,32,0.01,0.013,0.0115,0.0037048316483477943,98.805
HPMR,5,15,33,0.008,0.01,0.009000000000000001,0.002688508980556212,179.64999999999998
HPMR,5,15,34,0.006,0.008,0.007,0.002989027372686969,347.95
HPMR,5,15,35,0.005,0.006,0.0055,0.0017510421280505424,598.8
HPMR,5,15,36,0.004,0.005,0.0045000000000000005,2.8950608200316267e-05,990.7
HPMR,5,15,37,0.00385,0.004,0.003925,7.276824680959923e-09,1309.5
HPMR,5,15,38,0.0037,0.00385,0.003775,2.8537059845715325e-06,1339.5
HPMR,5,15,39,0.00355,0.0037,0.003625,3.965872724430027e-09,1513.5
HPMR,5,15,40,0.0033,0.00355,0.003425,5.649818237719749e-07,1540.5
HPMR,5,15,41,0.00307,0.0033,0.003185,1.780436341385513e-07,1971.0
HPMR,5,15,42,0.003,0.00307,0.003035,4.943700315275769e-09,1911.0
HPMR,5,15,43,0.00259,0.003,0.0027949999999999997,1.7682795678902866e-07,2211.5
HPMR,5,15,44,0.00253,0.00259,0.0025599999999999998,6.447810102148596e-12,1835.0
HPMR,5,15,45,0.00248,0.00253,0.0025050000000000003,4.816227617079434e-10,1561.5
HPMR,5,15,46,0.002,0.00248,0.00224,5.3396915576529416e-08,1042.8
HPMR,5,15,47,0.0015,0.002,0.00175,3.521419412146545e-09,1820.5
HPMR,5,15,48,0.001,0.0015,0.00125,4.62236220920693e-11,3783.0
HPMR,5,16,1,15.0,20.0,17.5,0.0,0.05932
HPMR,5,16,2,10.0,15.0,12.5,4.2086516549066084e-13,0.05315
HPMR,5,16,3,8.0,10.0,9.0,4.149019963091694e-12,0.048235
HPMR,5,16,4,6.0,8.0,7.0,2.868226549502524e-11,0.045329999999999995
HPMR,5,16,5,5.0,6.0,5.5,5.038930528173841e-11,0.043315
HPMR,5,16,6,4.0,5.0,4.5,1.2324204235053992e-10,0.042345
HPMR,5,16,7,3.0,4.0,3.5,7.64312518921876e-05,0.042155
HPMR,5,16,8,2.0,3.0,2.5,0.030746769688729084,0.0442
HPMR,5,16,9,1.5,2.0,1.75,0.006853789439056302,0.04914
HPMR,5,16,10,1.25,1.5,1.375,0.02198237418507986,0.05549
HPMR,5,16,11,1.0,1.25,1.125,0.0251270566223044,0.06489
HPMR,5,16,12,0.8,1.0,0.9,0.02647468379216218,0.07986
HPMR,5,16,13,0.6,0.8,0.7,0.5746511456660575,0.10675
HPMR,5,16,14,0.5,0.6,0.55,0.061261706499788085,0.1431
HPMR,5,16,15,0.4,0.5,0.45,0.027378358886753763,0.19685
HPMR,5,16,16,0.3,0.4,0.35,0.032140745910849707,0.3177
HPMR,5,16,17,0.2,0.3,0.25,0.032050501064288785,0.7008000000000001
HPMR,5,16,18,0.15,0.2,0.175,0.023687432278768007,1.5062499999999999
HPMR,5,16,19,0.1,0.15,0.125,0.048870212903414874,3.7815000000000003
HPMR,5,16,20,0.088,0.1,0.094,0.007760394424588661,6.616
HPMR,5,16,21,0.08,0.088,0.08399999999999999,0.007342846414331783,2.1645
HPMR,5,16,22,0.06,0.08,0.07,0.01548373764460093,3.7199999999999998
HPMR,5,16,23,0.05,0.06,0.055,0.005855926761888999,6.531000000000001
HPMR,5,16,24,0.04,0.05,0.045,0.009928597832463037,11.2005
HPMR,5,16,25,0.03,0.04,0.035,0.013658513718817347,22.34
HPMR,5,16,26,0.02,0.03,0.025,0.009787185034065633,58.34
HPMR,5,16,27,0.0159,0.02,0.01795,0.004371200146834003,120.58000000000001
HPMR,5,16,28,0.0155,0.0159,0.0157,0.00044981360947486275,138.0
HPMR,5,16,29,0.0152,0.0155,0.015349999999999999,0.0003296108032772406,145.05
HPMR,5,16,30,0.015,0.0152,0.015099999999999999,0.0002161687554719966,109.69999999999999
HPMR,5,16,31,0.013,0.015,0.013999999999999999,0.0023069701923240714,136.85
HPMR,5,16,32,0.01,0.013,0.0115,0.0037184030971911006,98.805
HPMR,5,16,33,0.008,0.01,0.009000000000000001,0.0026987239474085853,179.64999999999998
HPMR,5,16,34,0.006,0.008,0.007,0.0030004571538032425,347.95
HPMR,5,16,35,0.005,0.006,0.0055,0.00175610338262639,598.8
HPMR,5,16,36,0.004,0.005,0.0045000000000000005,3.022816847824939e-05,990.7
HPMR,5,16,37,0.00385,0.004,0.003925,6.531032249985405e-09,1309.5
HPMR,5,16,38,0.0037,0.00385,0.003775,2.948188740536852e-06,1339.5
HPMR,5,16,39,0.00355,0.0037,0.003625,4.214738801231676e-09,1513.5
HPMR,5,16,40,0.0033,0.00355,0.003425,5.788899373473883e-07,1540.5
HPMR,5,16,41,0.00307,0.0033,0.003185,1.876554055494809e-07,1971.0
HPMR,5,16,42,0.003,0.00307,0.003035,5.073829962666066e-09,1911.0
HPMR,5,16,43,0.00259,0.003,0.0027949999999999997,1.3656898073214835e-07,2211.5
HPMR,5,16,44,0.00253,0.00259,0.0025599999999999998,6.5701332392077106e-12,1835.0
HPMR,5,16,45,0.00248,0.00253,0.0025050000000000003,3.7032686859574114e-10,1561.5
HPMR,5,16,46,0.002,0.00248,0.00224,4.0186328069187814e-08,1042.8
HPMR,5,16,47,0.0015,0.002,0.00175,2.7851837673953e-09,1820.5
HPMR,5,16,48,0.001,0.0015,0.00125,4.5251657405389624e-11,3783.0
HPMR,5,17,1,15.0,20.0,17.5,0.0,0.05932
HPMR,5,17,2,10.0,15.0,12.5,4.1474767110925355e-13,0.05315
HPMR,5,17,3,8.0,10.0,9.0,4.089214868843643e-12,0.048235
HPMR,5,17,4,6.0,8.0,7.0,2.8273563032757103e-11,0.045329999999999995
HPMR,5,17,5,5.0,6.0,5.5,4.968196675736853e-11,0.043315
HPMR,5,17,6,4.0,5.0,4.5,1.2154175642074793e-10,0.042345
HPMR,5,17,7,3.0,4.0,3.5,7.613010314705579e-05,0.042155
HPMR,5,17,8,2.0,3.0,2.5,0.030225066303000443,0.0442
HPMR,5,17,9,1.5,2.0,1.75,0.006804342609134673,0.04914
HPMR,5,17,10,1.25,1.5,1.375,0.022143411021905316,0.05549
HPMR,5,17,11,1.0,1.25,1.125,0.02523268179857018,0.06489
HPMR,5,17,12,0.8,1.0,0.9,0.026609388580976685,0.07986
HPMR,5,17,13,0.6,0.8,0.7,0.5758906330153826,0.10675
HPMR,5,17,14,0.5,0.6,0.55,0.06148438675828382,0.1431
HPMR,5,17,15,0.4,0.5,0.45,0.027255045317052355,0.19685
HPMR,5,17,16,0.3,0.4,0.35,0.03196829320676776,0.3177
HPMR,5,17,17,0.2,0.3,0.25,0.03188850021658894,0.7008000000000001
HPMR,5,17,18,0.15,0.2,0.175,0.023591649165287092,1.5062499999999999
HPMR,5,17,19,0.1,0.15,0.125,0.04838491411422985,3.7815000000000003
HPMR,5,17,20,0.088,0.1,0.094,0.007732344341641681,6.616
HPMR,5,17,21,0.08,0.088,0.08399999999999999,0.007298537068818021,2.1645
HPMR,5,17,22,0.06,0.08,0.07,0.01543596320681899,3.7199999999999998
HPMR,5,17,23,0.05,0.06,0.055,0.005838995535609405,6.531000000000001
HPMR,5,17,24,0.04,0.05,0.045,0.009887295669349759,11.2005
HPMR,5,17,25,0.03,0.04,0.035,0.01363654796774014,22.34
HPMR,5,17,26,0.02,0.03,0.025,0.009772789951424941,58.34
HPMR,5,17,27,0.0159,0.02,0.01795,0.0043606572917445135,120.58000000000001
HPMR,5,17,28,0.0155,0.0159,0.0157,0.00044889721956030616,138.0
HPMR,5,17,29,0.0152,0.0155,0.015349999999999999,0.0003289117041498672,145.05
HPMR,5,17,30,0.015,0.0152,0.015099999999999999,0.0002157116105977593,109.69999999999999
HPMR,5,17,31,0.013,0.015,0.013999999999999999,0.0023023702655725472,136.85
HPMR,5,17,32,0.01,0.013,0.0115,0.003711142351688967,98.805
HPMR,5,17,33,0.008,0.01,0.009000000000000001,0.0026935965923611093,179.64999999999998
HPMR,5,17,34,0.006,0.008,0.007,0.00299518077101839,347.95
HPMR,5,17,35,0.005,0.006,0.0055,0.0017512709998769907,598.8
HPMR,5,17,36,0.004,0.005,0.0045000000000000005,3.136975321315267e-05,990.7
HPMR,5,17,37,0.00385,0.004,0.003925,5.908489028047794e-09,1309.5
HPMR,5,17,38,0.0037,0.00385,0.003775,3.0283295746703438e-06,1339.5
HPMR,5,17,39,0.00355,0.0037,0.003625,4.447866771915355e-09,1513.5
HPMR,5,17,40,0.0033,0.00355,0.003425,5.90688992838963e-07,1540.5
HPMR,5,17,41,0.00307,0.0033,0.003185,1.9713886646090048e-07,1971.0
HPMR,5,17,42,0.003,0.00307,0.003035,5.177305592275136e-09,1911.0
HPMR,5,17,43,0.00259,0.003,0.0027949999999999997,1.1071900365064404e-07,2211.5
HPMR,5,17,44,0.00253,0.00259,0.0025599999999999998,6.661763088354367e-12,1835.0
HPMR,5,17,45,0.00248,0.00253,0.0025050000000000003,2.8276035504645363e-10,1561.5
HPMR,5,17,46,0.002,0.00248,0.00224,3.033291828527091e-08,1042.8
HPMR,5,17,47,0.0015,0.002,0.00175,2.208058098468505e-09,1820.5
HPMR,5,17,48,0.001,0.0015,0.00125,4.398796859973604e-11,3783.0
HPMR,5,18,1,15.0,20.0,17.5,0.0,0.05932
HPMR,5,18,2,10.0,15.0,12.5,4.080218023852461e-13,0.05315
HPMR,5,18,3,8.0,10.0,9.0,4.023312790593204e-12,0.048235
HPMR,5,18,4,6.0,8.0,7.0,2.782502542071703e-11,0.045329999999999995
HPMR,5,18,5,5.0,6.0,5.5,4.890320224398517e-11,0.043315
HPMR,5,18,6,4.0,5.0,4.5,1.1967018858994924e-10,0.042345
HPMR,5,18,7,3.0,4.0,3.5,7.53994340685167e-05,0.042155
HPMR,5,18,8,2.0,3.0,2.5,0.029543170612886933,0.0442
HPMR,5,18,9,1.5,2.0,1.75,0.006719037769164288,0.04914
HPMR,5,18,10,1.25,1.5,1.375,0.022196249912835714,0.05549
HPMR,5,18,11,1.0,1.25,1.125,0.025215718215210715,0.06489
HPMR,5,18,12,0.8,1.0,0.9,0.02661029511676171,0.07986
HPMR,5,18,13,0.6,0.8,0.7,0.5791536921807053,0.10675
HPMR,5,18,14,0.5,0.6,0.55,0.06137956767135328,0.1431
HPMR,5,18,15,0.4,0.5,0.45,0.027044377415581477,0.19685
HPMR,5,18,16,0.3,0.4,0.35,0.03164366607364091,0.3177
HPMR,5,18,17,0.2,0.3,0.25,0.03157841759189627,0.7008000000000001
HPMR,5,18,18,0.15,0.2,0.175,0.02338560040496487,1.5062499999999999
HPMR,5,18,19,0.1,0.15,0.125,0.047662508684253674,3.7815000000000003
HPMR,5,18,20,0.088,0.1,0.094,0.007668798948028202,6.616
HPMR,5,18,21,0.08,0.088,0.08399999999999999,0.007219722139692754,2.1645
HPMR,5,18,22,0.06,0.08,0.07,0.015318126426630854,3.7199999999999998
HPMR,5,18,23,0.05,0.06,0.055,0.00579577661451058,6.531000000000001
HPMR,5,18,24,0.04,0.05,0.045,0.009800983194521292,11.2005
HPMR,5,18,25,0.03,0.04,0.035,0.013552430552533789,22.34
HPMR,5,18,26,0.02,0.03,0.025,0.009715314174525726,58.34
HPMR,5,18,27,0.0159,0.02,0.01795,0.004330859710344375,120.58000000000001
HPMR,5,18,28,0.0155,0.0159,0.0157,0.0004459732754839409,138.0
HPMR,5,18,29,0.0152,0.0155,0.015349999999999999,0.00032676964757269623,145.05
HPMR,5,18,30,0.015,0.0152,0.015099999999999999,0.00021429746533861978,109.69999999999999
HPMR,5,18,31,0.013,0.015,0.013999999999999999,0.002287590377022166,136.85
HPMR,5,18,32,0.01,0.013,0.0115,0.0036873754882337396,98.805
HPMR,5,18,33,0.008,0.01,0.009000000000000001,0.002676607465141881,179.64999999999998
HPMR,5,18,34,0.006,0.008,0.007,0.002976633792377209,347.95
HPMR,5,18,35,0.005,0.006,0.0055,0.001738604626684168,598.8
HPMR,5,18,36,0.004,0.005,0.0045000000000000005,3.239689221312521e-05,990.7
HPMR,5,18,37,0.00385,0.004,0.003925,5.382991478476659e-09,1309.5
HPMR,5,18,38,0.0037,0.00385,0.003775,3.0962023644791955e-06,1339.5
HPMR,5,18,39,0.00355,0.0037,0.003625,4.66720639587544e-09,1513.5
HPMR,5,18,40,0.0033,0.00355,0.003425,6.009207704479675e-07,1540.5
HPMR,5,18,41,0.00307,0.0033,0.003185,2.063855472414287e-07,1971.0
HPMR,5,18,42,0.003,0.00307,0.003035,5.259370693660421e-09,1911.0
HPMR,5,18,43,0.00259,0.003,0.0027949999999999997,9.407113797550522e-08,2211.5
HPMR,5,18,44,0.00253,0.00259,0.0025599999999999998,6.7297381312077745e-12,1835.0
HPMR,5,18,45,0.00248,0.00253,0.0025050000000000003,2.1466909968665508e-10,1561.5
HPMR,5,18,46,0.002,0.00248,0.00224,2.30099714106851e-08,1042.8
HPMR,5,18,47,0.0015,0.002,0.00175,1.7617138691381373e-09,1820.5
HPMR,5,18,48,0.001,0.0015,0.00125,4.2518477858186094e-11,3783.0
HPMR,5,19,1,15.0,20.0,17.5,0.0,0.05932
HPMR,5,19,2,10.0,15.0,12.5,4.011533713998356e-13,0.05315
HPMR,5,19,3,8.0,10.0,9.0,3.95599956839993e-12,0.048235
HPMR,5,19,4,6.0,8.0,7.0,2.7365461896404956e-11,0.045329999999999995
HPMR,5,19,5,5.0,6.0,5.5,4.810729243221843e-11,0.043315
HPMR,5,19,6,4.0,5.0,4.5,1.1775028323040873e-10,0.042345
HPMR,5,19,7,3.0,4.0,3.5,7.433156932277071e-05,0.042155
HPMR,5,19,8,2.0,3.0,2.5,0.02874313980350616,0.0442
HPMR,5,19,9,1.5,2.0,1.75,0.0066054317779072665,0.04914
HPMR,5,19,10,1.25,1.5,1.375,0.022162973926699598,0.05549
HPMR,5,19,11,1.0,1.25,1.125,0.02509788540023341,0.06489
HPMR,5,19,12,0.8,1.0,0.9,0.026505709543456785,0.07986
HPMR,5,19,13,0.6,0.8,0.7,0.5839910560331892,0.10675
HPMR,5,19,14,0.5,0.6,0.55,0.06101262668095997,0.1431
HPMR,5,19,15,0.4,0.5,0.45,0.02675918194363415,0.19685
HPMR,5,19,16,0.3,0.4,0.35,0.03120232028609336,0.3177
HPMR,5,19,17,0.2,0.3,0.25,0.03115433032504895,0.7008000000000001
HPMR,5,19,18,0.15,0.2,0.175,0.023094812894860664,1.5062499999999999
HPMR,5,19,19,0.1,0.15,0.125,0.046764793606730304,3.7815000000000003
HPMR,5,19,20,0.088,0.1,0.094,0.007578192355223323,6.616
HPMR,5,19,21,0.08,0.088,0.08399999999999999,0.0071146500009928275,2.1645
HPMR,5,19,22,0.06,0.08,0.07,0.015146729780995849,3.7199999999999998
HPMR,5,19,23,0.05,0.06,0.055,0.00573218733209767,6.531000000000001
HPMR,5,19,24,0.04,0.05,0.045,0.009679534473199126,11.2005
HPMR,5,19,25,0.03,0.04,0.035,0.01342010791985987,22.34
HPMR,5,19,26,0.02,0.03,0.025,0.009624427356915079,58.34
HPMR,5,19,27,0.0159,0.02,0.01795,0.004286658533887623,120.58000000000001
HPMR,5,19,28,0.0155,0.0159,0.0157,0.000441498084285828,138.0
HPMR,5,19,29,0.0152,0.0155,0.015349999999999999,0.00032349992070578737,145.05
HPMR,5,19,30,0.015,0.0152,0.015099999999999999,0.00021214696363407894,109.69999999999999
HPMR,5,19,31,0.013,0.015,0.013999999999999999,0.0022649919520830943,136.85
HPMR,5,19,32,0.01,0.013,0.0115,0.0036508566211827997,98.805
HPMR,5,19,33,0.008,0.01,0.009000000000000001,0.002650570954345679,179.64999999999998
HPMR,5,19,34,0.006,0.008,0.007,0.0029479257002577204,347.95
HPMR,5,19,35,0.005,0.006,0.0055,0.0017200029067631173,598.8
HPMR,5,19,36,0.004,0.005,0.0045000000000000005,3.3328417903465546e-05,990.7
HPMR,5,19,37,0.00385,0.004,0.003925,4.937202616934889e-09,1309.5
HPMR,5,19,38,0.0037,0.00385,0.003775,3.1538326268638946e-06,1339.5
HPMR,5,19,39,0.00355,0.0037,0.003625,4.874740429078909e-09,1513.5
HPMR,5,19,40,0.0033,0.00355,0.003425,6.100053768441722e-07,1540.5
HPMR,5,19,41,0.00307,0.0033,0.003185,2.1533437144078582e-07,1971.0
HPMR,5,19,42,0.003,0.00307,0.003035,5.324539556541664e-09,1911.0
HPMR,5,19,43,0.00259,0.003,0.0027949999999999997,8.321295550530301e-08,2211.5
HPMR,5,19,44,0.00253,0.00259,0.0025599999999999998,6.78041212315606e-12,1835.0
HPMR,5,19,45,0.00248,0.00253,0.0025050000000000003,1.6221873686643473e-10,1561.5
HPMR,5,19,46,0.002,0.00248,0.00224,1.7584497793676373e-08,1042.8
HPMR,5,19,47,0.0015,0.002,0.00175,1.420228328069599e-09,1820.5
HPMR,5,19,48,0.001,0.0015,0.00125,4.090584973981469e-11,3783.0
HPMR,5,20,1,15.0,20.0,17.5,0.0,0.05932
HPMR,5,20,2,10.0,15.0,12.5,3.9450642050634683e-13,0.05315
HPMR,5,20,3,8.0,10.0,9.0,3.8908394299495754e-12,0.048235
HPMR,5,20,4,6.0,8.0,7.0,2.692005905771416e-11,0.045329999999999995
HPMR,5,20,5,5.0,6.0,5.5,4.733452190269184e-11,0.043315
HPMR,5,20,6,4.0,5.0,4.5,1.1588639340844421e-10,0.042345
HPMR,5,20,7,3.0,4.0,3.5,7.301005882688383e-05,0.042155
HPMR,5,20,8,2.0,3.0,2.5,0.02785903729240121,0.0442
HPMR,5,20,9,1.5,2.0,1.75,0.006471282097234713,0.04914
HPMR,5,20,10,1.25,1.5,1.375,0.022064532283392186,0.05549
HPMR,5,20,11,1.0,1.25,1.125,0.02490394591033991,0.06489
HPMR,5,20,12,0.8,1.0,0.9,0.02632083292960009,0.07986
HPMR,5,20,13,0.6,0.8,0.7,0.5899994437235966,0.10675
HPMR,5,20,14,0.5,0.6,0.55,0.06044060768461413,0.1431
HPMR,5,20,15,0.4,0.5,0.45,0.02641614991710498,0.19685
HPMR,5,20,16,0.3,0.4,0.35,0.03067576018093458,0.3177
HPMR,5,20,17,0.2,0.3,0.25,0.03064811825455816,0.7008000000000001
HPMR,5,20,18,0.15,0.2,0.175,0.022742897988076285,1.5062499999999999
HPMR,5,20,19,0.1,0.15,0.125,0.04573891553186,3.7815000000000003
HPMR,5,20,20,0.088,0.1,0.094,0.007467691994126379,6.616
HPMR,5,20,21,0.08,0.088,0.08399999999999999,0.0069904970278819,2.1645
HPMR,5,20,22,0.06,0.08,0.07,0.014935324679904981,3.7199999999999998
HPMR,5,20,23,0.05,0.06,0.055,0.005653907157051121,6.531000000000001
HPMR,5,20,24,0.04,0.05,0.045,0.009532651920363965,11.2005
HPMR,5,20,25,0.03,0.04,0.035,0.013253191665971473,22.34
HPMR,5,20,26,0.02,0.03,0.025,0.009508928581251637,58.34
HPMR,5,20,27,0.0159,0.02,0.01795,0.004231724749596227,120.58000000000001
HPMR,5,20,28,0.0155,0.0159,0.0157,0.0004359402913436665,138.0
HPMR,5,20,29,0.0152,0.0155,0.015349999999999999,0.0003193884159100159,145.05
HPMR,5,20,30,0.015,0.0152,0.015099999999999999,0.0002094577667857216,109.69999999999999
HPMR,5,20,31,0.013,0.015,0.013999999999999999,0.0022366364115102805,136.85
HPMR,5,20,32,0.01,0.013,0.0115,0.0036053438708196534,98.805
HPMR,5,20,33,0.008,0.01,0.009000000000000001,0.002617785744834276,179.64999999999998
HPMR,5,20,34,0.006,0.008,0.007,0.0029117433342993543,347.95
HPMR,5,20,35,0.005,0.006,0.0055,0.001696917737773152,598.8
HPMR,5,20,36,0.004,0.005,0.0045000000000000005,3.41835312288784e-05,990.7
HPMR,5,20,37,0.00385,0.004,0.003925,4.559348828586851e-09,1309.5
HPMR,5,20,38,0.0037,0.00385,0.003775,3.2028922498659553e-06,1339.5
HPMR,5,20,39,0.00355,0.0037,0.003625,5.072370273201499e-09,1513.5
HPMR,5,20,40,0.0033,0.00355,0.003425,6.183165320948407e-07,1540.5
HPMR,5,20,41,0.00307,0.0033,0.003185,2.240049606925067e-07,1971.0
HPMR,5,20,42,0.003,0.00307,0.003035,5.376817814864783e-09,1911.0
HPMR,5,20,43,0.00259,0.003,0.0027949999999999997,7.594489005371214e-08,2211.5
HPMR,5,20,44,0.00253,0.00259,0.0025599999999999998,6.818223222820842e-12,1835.0
HPMR,5,20,45,0.00248,0.00253,0.0025050000000000003,1.2211710601999302e-10,1561.5
HPMR,5,20,46,0.002,0.00248,0.00224,1.3575443573638555e-08,1042.8
HPMR,5,20,47,0.0015,0.002,0.00175,1.161628126722084e-09,1820.5
HPMR,5,20,48,0.001,0.0015,0.00125,3.9204406499580385e-11,3783.0
HPMR,5,21,1,15.0,20.0,17.5,0.0,0.05932
HPMR,5,21,2,10.0,15.0,12.5,3.8829926320496276e-13,0.05315
HPMR,5,21,3,8.0,10.0,9.0,3.8300829738954375e-12,0.048235
HPMR,5,21,4,6.0,8.0,7.0,2.6505418232678063e-11,0.045329999999999995
HPMR,5,21,5,5.0,6.0,5.5,4.6616147246828687e-11,0.043315
HPMR,5,21,6,4.0,5.0,4.5,1.1415223004428385e-10,0.042345
HPMR,5,21,7,3.0,4.0,3.5,7.148995523553342e-05,0.042155
HPMR,5,21,8,2.0,3.0,2.5,0.026919479473481486,0.0442
HPMR,5,21,9,1.5,2.0,1.75,0.006322269742546285,0.04914
HPMR,5,21,10,1.25,1.5,1.375,0.021915964539377178,0.05549
HPMR,5,21,11,1.0,1.25,1.125,0.02465091326897078,0.06489
HPMR,5,21,12,0.8,1.0,0.9,0.026072990928869548,0.07986
HPMR,5,21,13,0.6,0.8,0.7,0.596868453794945,0.10675
HPMR,5,21,14,0.5,0.6,0.55,0.059707960853129106,0.1431
HPMR,5,21,15,0.4,0.5,0.45,0.026028450476671572,0.19685
HPMR,5,21,16,0.3,0.4,0.35,0.030089000047174616,0.3177
HPMR,5,21,17,0.2,0.3,0.25,0.030083501225915608,0.7008000000000001
HPMR,5,21,18,0.15,0.2,0.175,0.022346769690914283,1.5062499999999999
HPMR,5,21,19,0.1,0.15,0.125,0.04462293451686289,3.7815000000000003
HPMR,5,21,20,0.088,0.1,0.094,0.007342927951716092,6.616
HPMR,5,21,21,0.08,0.088,0.08399999999999999,0.0068529477850822786,2.1645
HPMR,5,21,22,0.06,0.08,0.07,0.014696457630819558,3.7199999999999998
HPMR,5,21,23,0.05,0.06,0.055,0.00556504906225311,6.531000000000001
HPMR,5,21,24,0.04,0.05,0.045,0.009367846885061341,11.2005
HPMR,5,21,25,0.03,0.04,0.035,0.01306179004222622,22.34
HPMR,5,21,26,0.02,0.03,0.025,0.009375490246611363,58.34
HPMR,5,21,27,0.0159,0.02,0.01795,0.004168855453784753,120.58000000000001
HPMR,5,21,28,0.0155,0.0159,0.0157,0.0004295509803843521,138.0
HPMR,5,21,29,0.0152,0.0155,0.015349999999999999,0.0003146993332688497,145.05
HPMR,5,21,30,0.015,0.0152,0.015099999999999999,0.00020638151754501287,109.69999999999999
HPMR,5,21,31,0.013,0.015,0.013999999999999999,0.0022041915040314788,136.85
HPMR,5,21,32,0.01,0.013,0.0115,0.0035531293423641595,98.805
HPMR,5,21,33,0.008,0.01,0.009000000000000001,0.00258017890643752,179.64999999999998
HPMR,5,21,34,0.006,0.008,0.007,0.002870252725492794,347.95
HPMR,5,21,35,0.005,0.006,0.0055,0.0016708938230476922,598.8
HPMR,5,21,36,0.004,0.005,0.0045000000000000005,3.4977122217158615e-05,990.7
HPMR,5,21,37,0.00385,0.004,0.003925,4.240084984845458e-09,1309.5
HPMR,5,21,38,0.0037,0.00385,0.003775,3.2448984155116366e-06,1339.5
HPMR,5,21,39,0.00355,0.0037,0.003625,5.26173408160614e-09,1513.5
HPMR,5,21,40,0.0033,0.00355,0.003425,6.261373046513383e-07,1540.5
HPMR,5,21,41,0.00307,0.0033,0.003185,2.324074055709777e-07,1971.0
HPMR,5,21,42,0.003,0.00307,0.003035,5.419493943810022e-09,1911.0
HPMR,5,21,43,0.00259,0.003,0.0027949999999999997,7.089507075644873e-08,2211.5
HPMR,5,21,44,0.00253,0.00259,0.0025599999999999998,6.8487334884693745e-12,1835.0
HPMR,5,21,45,0.00248,0.00253,0.0025050000000000003,9.164481778910888e-11,1561.5
HPMR,5,21,46,0.002,0.00248,0.00224,1.0619042075750874e-08,1042.8
HPMR,5,21,47,0.0015,0.002,0.00175,9.675670899140696e-10,1820.5
HPMR,5,21,48,0.001,0.0015,0.00125,3.745797041637337e-11,3783.0
HPMR,5,22,1,15.0,20.0,17.5,0.0,0.05932
HPMR,5,22,2,10.0,15.0,12.5,3.8269828708006114e-13,0.05315
HPMR,5,22,3,8.0,10.0,9.0,3.775257804303684e-12,0.048235
HPMR,5,22,4,6.0,8.0,7.0,2.613226449150487e-11,0.045329999999999995
HPMR,5,22,5,5.0,6.0,5.5,4.596662339698203e-11,0.043315
HPMR,5,22,6,4.0,5.0,4.5,1.1258317820795918e-10,0.042345
HPMR,5,22,7,3.0,4.0,3.5,6.982371396598162e-05,0.042155
HPMR,5,22,8,2.0,3.0,2.5,0.025944546126415814,0.0442
HPMR,5,22,9,1.5,2.0,1.75,0.006162698244182618,0.04914
HPMR,5,22,10,1.25,1.5,1.375,0.021730023930600504,0.05549
HPMR,5,22,11,1.0,1.25,1.125,0.024353980397949646,0.06489
HPMR,5,22,12,0.8,1.0,0.9,0.025778697862113842,0.07986
HPMR,5,22,13,0.6,0.8,0.7,0.6043415069473118,0.10675
HPMR,5,22,14,0.5,0.6,0.55,0.058852213404466176,0.1431
HPMR,5,22,15,0.4,0.5,0.45,0.02560749597939003,0.19685
HPMR,5,22,16,0.3,0.4,0.35,0.029461987336336877,0.3177
HPMR,5,22,17,0.2,0.3,0.25,0.02947850381870212,0.7008000000000001
HPMR,5,22,18,0.15,0.2,0.175,0.021921074068856336,1.5062499999999999
HPMR,5,22,19,0.1,0.15,0.125,0.04345258696744291,3.7815000000000003
HPMR,5,22,20,0.088,0.1,0.094,0.007208540132633486,6.616
HPMR,5,22,21,0.08,0.088,0.08399999999999999,0.0067063297182263105,2.1645
HPMR,5,22,22,0.06,0.08,0.07,0.014438207693881489,3.7199999999999998
HPMR,5,22,23,0.05,0.06,0.055,0.0054691085009400545,6.531000000000001
HPMR,5,22,24,0.04,0.05,0.045,0.009190978199832793,11.2005
HPMR,5,22,25,0.03,0.04,0.035,0.012853240483403262,22.34
HPMR,5,22,26,0.02,0.03,0.025,0.009229865972794809,58.34
HPMR,5,22,27,0.0159,0.02,0.01795,0.004101112054421342,120.58000000000001
HPMR,5,22,28,0.0155,0.0159,0.0157,0.00042261965011781614,138.0
HPMR,5,22,29,0.0152,0.0155,0.015349999999999999,0.00030960490192099205,145.05
HPMR,5,22,30,0.015,0.0152,0.015099999999999999,0.00020304165120551488,109.69999999999999
HPMR,5,22,31,0.013,0.015,0.013999999999999999,0.002168912570306092,136.85
HPMR,5,22,32,0.01,0.013,0.0115,0.003496197596396118,98.805
HPMR,5,22,33,0.008,0.01,0.009000000000000001,0.0025393237335741663,179.64999999999998
HPMR,5,22,34,0.006,0.008,0.007,0.0028251613945902256,347.95
HPMR,5,22,35,0.005,0.006,0.0055,0.0016426496013041334,598.8
HPMR,5,22,36,0.004,0.005,0.0045000000000000005,3.572070899178775e-05,990.7
HPMR,5,22,37,0.00385,0.004,0.003925,3.971626819414996e-09,1309.5
HPMR,5,22,38,0.0037,0.00385,0.003775,3.280799315464552e-06,1339.5
HPMR,5,22,39,0.00355,0.0037,0.003625,5.444245499641625e-09,1513.5
HPMR,5,22,40,0.0033,0.00355,0.003425,6.336502896713642e-07,1540.5
HPMR,5,22,41,0.00307,0.0033,0.003185,2.4056083426671467e-07,1971.0
HPMR,5,22,42,0.003,0.00307,0.003035,5.455050012871089e-09,1911.0
HPMR,5,22,43,0.00259,0.003,0.0027949999999999997,6.7188685760109e-08,2211.5
HPMR,5,22,44,0.00253,0.00259,0.0025599999999999998,6.873626876705431e-12,1835.0
HPMR,5,22,45,0.00248,0.00253,0.0025050000000000003,6.860059440743203e-11,1561.5
HPMR,5,22,46,0.002,0.00248,0.00224,8.444483315904997e-09,1042.8
HPMR,5,22,47,0.0015,0.002,0.00175,8.231814810834693e-10,1820.5
HPMR,5,22,48,0.001,0.0015,0.00125,3.569838326390094e-11,3783.0
HPMR,5,23,1,15.0,20.0,17.5,0.0,0.05932
HPMR,5,23,2,10.0,15.0,12.5,3.7777905092081806e-13,0.05315
HPMR,5,23,3,8.0,10.0,9.0,3.7271923677043584e-12,0.048235
HPMR,5,23,4,6.0,8.0,7.0,2.5805052166949662e-11,0.045329999999999995
HPMR,5,23,5,5.0,6.0,5.5,4.5401766524812305e-11,0.043315
HPMR,5,23,6,4.0,5.0,4.5,1.1122879491773367e-10,0.042345
HPMR,5,23,7,3.0,4.0,3.5,6.805285217471003e-05,0.042155
HPMR,5,23,8,2.0,3.0,2.5,0.024951782437727447,0.0442
HPMR,5,23,9,1.5,2.0,1.75,0.005995962175599597,0.04914
HPMR,5,23,10,1.25,1.5,1.375,0.021516953854382487,0.05549
HPMR,5,23,11,1.0,1.25,1.125,0.0240246992261346,0.06489
HPMR,5,23,12,0.8,1.0,0.9,0.02544975856281161,0.07986
HPMR,5,23,13,0.6,0.8,0.7,0.6122210307169395,0.10675
HPMR,5,23,14,0.5,0.6,0.55,0.05790343948632224,0.1431
HPMR,5,23,15,0.4,0.5,0.45,0.025162627648135424,0.19685
HPMR,5,23,16,0.3,0.4,0.35,0.02880962584647634,0.3177
HPMR,5,23,17,0.2,0.3,0.25,0.028849652296246704,0.7008000000000001
HPMR,5,23,18,0.15,0.2,0.175,0.021476191624285473,1.5062499999999999
HPMR,5,23,19,0.1,0.15,0.125,0.042248506356873966,3.7815000000000003
HPMR,5,23,20,0.088,0.1,0.094,0.0070683837808056555,6.616
HPMR,5,23,21,0.08,0.088,0.08399999999999999,0.006554354694866539,2.1645
HPMR,5,23,22,0.06,0.08,0.07,0.014167974065449921,3.7199999999999998
HPMR,5,23,23,0.05,0.06,0.055,0.005368571120419691,6.531000000000001
HPMR,5,23,24,0.04,0.05,0.045,0.009006692864899775,11.2005
HPMR,5,23,25,0.03,0.04,0.035,0.012633877970604373,22.34
HPMR,5,23,26,0.02,0.03,0.025,0.009076586109689956,58.34
HPMR,5,23,27,0.0159,0.02,0.01795,0.004029925003876766,120.58000000000001
HPMR,5,23,28,0.0155,0.0159,0.0157,0.0004153455221782306,138.0
HPMR,5,23,29,0.0152,0.0155,0.015349999999999999,0.0003042574673213806,145.05
HPMR,5,23,30,0.015,0.0152,0.015099999999999999,0.00019953357088807664,109.69999999999999
HPMR,5,23,31,0.013,0.015,0.013999999999999999,0.0021318793496806145,136.85
HPMR,5,23,32,0.01,0.013,0.0115,0.0034365767974011067,98.805
HPMR,5,23,33,0.008,0.01,0.009000000000000001,0.002496237767443137,179.64999999999998
HPMR,5,23,34,0.006,0.008,0.007,0.002777788524121924,347.95
HPMR,5,23,35,0.005,0.006,0.0055,0.0016130188358045123,598.8
HPMR,5,23,36,0.004,0.005,0.0045000000000000005,3.6425364264400515e-05,990.7
HPMR,5,23,37,0.00385,0.004,0.003925,3.747757722146663e-09,1309.5
HPMR,5,23,38,0.0037,0.00385,0.003775,3.3115753720168024e-06,1339.5
HPMR,5,23,39,0.00355,0.0037,0.003625,5.621099757893662e-09,1513.5
HPMR,5,23,40,0.0033,0.00355,0.003425,6.41035601007211e-07,1540.5
HPMR,5,23,41,0.00307,0.0033,0.003185,2.485042840341777e-07,1971.0
HPMR,5,23,42,0.003,0.00307,0.003035,5.485691926468474e-09,1911.0
HPMR,5,23,43,0.00259,0.003,0.0027949999999999997,6.42919716632813e-08,2211.5
HPMR,5,23,44,0.00253,0.00259,0.0025599999999999998,6.895474226791801e-12,1835.0
HPMR,5,23,45,0.00248,0.00253,0.0025050000000000003,5.12401857713643e-11,1561.5
HPMR,5,23,46,0.002,0.00248,0.00224,6.848911693223648e-09,1042.8
HPMR,5,23,47,0.0015,0.002,0.00175,7.168619429018813e-10,1820.5
HPMR,5,23,48,0.001,0.0015,0.00125,3.3945961150831374e-11,3783.0
HPMR,5,24,1,15.0,20.0,17.5,0.0,0.05932
HPMR,5,24,2,10.0,15.0,12.5,3.7359972194944584e-13,0.05315
HPMR,5,24,3,8.0,10.0,9.0,3.68653206979921e-12,0.048235
HPMR,5,24,4,6.0,8.0,7.0,2.5527563479849073e-11,0.045329999999999995
HPMR,5,24,5,5.0,6.0,5.5,4.4922687151543e-11,0.043315
HPMR,5,24,6,4.0,5.0,4.5,1.1007787142714609e-10,0.042345
HPMR,5,24,7,3.0,4.0,3.5,6.620691075819789e-05,0.042155
HPMR,5,24,8,2.0,3.0,2.5,0.023953495703762356,0.0442
HPMR,5,24,9,1.5,2.0,1.75,0.00582548383993825,0.04914
HPMR,5,24,10,1.25,1.5,1.375,0.021284405776368958,0.05549
HPMR,5,24,11,1.0,1.25,1.125,0.02367177024094489,0.06489
HPMR,5,24,12,0.8,1.0,0.9,0.025097885847583448,0.07986
HPMR,5,24,13,0.6,0.8,0.7,0.6203534575234936,0.10675
HPMR,5,24,14,0.5,0.6,0.55,0.05688443636363198,0.1431
HPMR,5,24,15,0.4,0.5,0.45,0.024704399265180782,0.19685
HPMR,5,24,16,0.3,0.4,0.35,0.028142549002162103,0.3177
HPMR,5,24,17,0.2,0.3,0.25,0.02820776575980107,0.7008000000000001
HPMR,5,24,18,0.15,0.2,0.175,0.021021474155720258,1.5062499999999999
HPMR,5,24,19,0.1,0.15,0.125,0.0410276557716608,3.7815000000000003
HPMR,5,24,20,0.088,0.1,0.094,0.006924698323598185,6.616
HPMR,5,24,21,0.08,0.088,0.08399999999999999,0.006399403451808707,2.1645
HPMR,5,24,22,0.06,0.08,0.07,0.01389087790555608,3.7199999999999998
HPMR,5,24,23,0.05,0.06,0.055,0.005265494138870751,6.531000000000001
HPMR,5,24,24,0.04,0.05,0.045,0.008818252915300659,11.2005
HPMR,5,24,25,0.03,0.04,0.035,0.012408429351001636,22.34
HPMR,5,24,26,0.02,0.03,0.025,0.008918421968746868,58.34
HPMR,5,24,27,0.0159,0.02,0.01795,0.003956809501998278,120.58000000000001
HPMR,5,24,28,0.0155,0.0159,0.0157,0.00040784519926608285,138.0
HPMR,5,24,29,0.0152,0.0155,0.015349999999999999,0.0002987609664720367,145.05
HPMR,5,24,30,0.015,0.0152,0.015099999999999999,0.00019593132435175703,109.69999999999999
HPMR,5,24,31,0.013,0.015,0.013999999999999999,0.002093790683555011,136.85
HPMR,5,24,32,0.01,0.013,0.0115,0.0033751068712636664,98.805
HPMR,5,24,33,0.008,0.01,0.009000000000000001,0.002452077219339287,179.64999999999998
HPMR,5,24,34,0.006,0.008,0.007,0.002728902316848126,347.95
HPMR,5,24,35,0.005,0.006,0.0055,0.001582787633067123,598.8
HPMR,5,24,36,0.004,0.005,0.0045000000000000005,3.709813359258034e-05,990.7
HPMR,5,24,37,0.00385,0.004,0.003925,3.5625916903633123e-09,1309.5
HPMR,5,24,38,0.0037,0.00385,0.003775,3.3379588231694298e-06,1339.5
HPMR,5,24,39,0.00355,0.0037,0.003625,5.793075847804253e-09,1513.5
HPMR,5,24,40,0.0033,0.00355,0.003425,6.483727383524648e-07,1540.5
HPMR,5,24,41,0.00307,0.0033,0.003185,2.5626739101121193e-07,1971.0
HPMR,5,24,42,0.003,0.00307,0.003035,5.512854013806765e-09,1911.0
HPMR,5,24,43,0.00259,0.003,0.0027949999999999997,6.18831563153518e-08,2211.5
HPMR,5,24,44,0.00253,0.00259,0.0025599999999999998,6.916969469862349e-12,1835.0
HPMR,5,24,45,0.00248,0.00253,0.0025050000000000003,3.820255205773903e-11,1561.5
HPMR,5,24,46,0.002,0.00248,0.00224,5.682373741490208e-09,1042.8
HPMR,5,24,47,0.0015,0.002,0.00175,6.394217687281364e-10,1820.5
HPMR,5,24,48,0.001,0.0015,0.00125,3.222278625802088e-11,3783.0
HPMR,5,25,1,15.0,20.0,17.5,0.0,0.05932
HPMR,5,25,2,10.0,15.0,12.5,3.702030808236064e-13,0.05315
HPMR,5,25,3,8.0,10.0,9.0,3.6532458102562686e-12,0.048235
HPMR,5,25,4,6.0,8.0,7.0,2.530215156761362e-11,0.045329999999999995
HPMR,5,25,5,5.0,6.0,5.5,4.453382321994129e-11,0.043315
HPMR,5,25,6,4.0,5.0,4.5,1.0915042867235006e-10,0.042345
HPMR,5,25,7,3.0,4.0,3.5,6.431226211885789e-05,0.042155
HPMR,5,25,8,2.0,3.0,2.5,0.02295959603641454,0.0442
HPMR,5,25,9,1.5,2.0,1.75,0.005652617644128243,0.04914
HPMR,5,25,10,1.25,1.5,1.375,0.02103849910635246,0.05549
HPMR,5,25,11,1.0,1.25,1.125,0.023302529554264824,0.06489
HPMR,5,25,12,0.8,1.0,0.9,0.024727239129882485,0.07986
HPMR,5,25,13,0.6,0.8,0.7,0.6286134624304339,0.10675
HPMR,5,25,14,0.5,0.6,0.55,0.05581416565025424,0.1431
HPMR,5,25,15,0.4,0.5,0.45,0.024236386996362692,0.19685
HPMR,5,25,16,0.3,0.4,0.35,0.027472833798237725,0.3177
HPMR,5,25,17,0.2,0.3,0.25,0.02756164751250864,0.7008000000000001
HPMR,5,25,18,0.15,0.2,0.175,0.02056281410361484,1.5062499999999999
HPMR,5,25,19,0.1,0.15,0.125,0.039809809248897696,3.7815000000000003
HPMR,5,25,20,0.088,0.1,0.094,0.006779913857702921,6.616
HPMR,5,25,21,0.08,0.088,0.08399999999999999,0.006243999396818404,2.1645
HPMR,5,25,22,0.06,0.08,0.07,0.013611464759421382,3.7199999999999998
HPMR,5,25,23,0.05,0.06,0.055,0.005161602893948516,6.531000000000001
HPMR,5,25,24,0.04,0.05,0.045,0.008628640119608054,11.2005
HPMR,5,25,25,0.03,0.04,0.035,0.012180863457124623,22.34
HPMR,5,25,26,0.02,0.03,0.025,0.008758783483449542,58.34
HPMR,5,25,27,0.0159,0.02,0.01795,0.0038830820680078983,120.58000000000001
HPMR,5,25,28,0.0155,0.0159,0.0157,0.00040028391057794863,138.0
HPMR,5,25,29,0.0152,0.0155,0.015349999999999999,0.0002932111474067412,145.05
HPMR,5,25,30,0.015,0.0152,0.015099999999999999,0.00019228922179877415,109.69999999999999
HPMR,5,25,31,0.013,0.015,0.013999999999999999,0.0020553444882207947,136.85
HPMR,5,25,32,0.01,0.013,0.0115,0.00331322688331093,98.805
HPMR,5,25,33,0.008,0.01,0.009000000000000001,0.002407427069538368,179.64999999999998
HPMR,5,25,34,0.006,0.008,0.007,0.0026795973223702656,347.95
HPMR,5,25,35,0.005,0.006,0.0055,0.0015522510729002244,598.8
HPMR,5,25,36,0.004,0.005,0.0045000000000000005,3.774495293696823e-05,990.7
HPMR,5,25,37,0.00385,0.004,0.003925,3.4112115517533507e-09,1309.5
HPMR,5,25,38,0.0037,0.00385,0.003775,3.36046201943183e-06,1339.5
HPMR,5,25,39,0.00355,0.0037,0.003625,5.961148356672391e-09,1513.5
HPMR,5,25,40,0.0033,0.00355,0.003425,6.557585611140381e-07,1540.5
HPMR,5,25,41,0.00307,0.0033,0.003185,2.638595157734847e-07,1971.0
HPMR,5,25,42,0.003,0.00307,0.003035,5.537915983044747e-09,1911.0
HPMR,5,25,43,0.00259,0.003,0.0027949999999999997,5.976433822347107e-08,2211.5
HPMR,5,25,44,0.00253,0.00259,0.0025599999999999998,6.938097337306333e-12,1835.0
HPMR,5,25,45,0.00248,0.00253,0.0025050000000000003,2.843774726969058e-11,1561.5
HPMR,5,25,46,0.002,0.00248,0.00224,4.833971853977371e-09,1042.8
HPMR,5,25,47,0.0015,0.002,0.00175,5.837813001843854e-10,1820.5
HPMR,5,25,48,0.001,0.0015,0.00125,3.053721966493017e-11,3783.0
HPMR,5,26,1,15.0,20.0,17.5,0.0,0.05932
HPMR,5,26,2,10.0,15.0,12.5,3.675274806546327e-13,0.05315
HPMR,5,26,3,8.0,10.0,9.0,3.6272318304299463e-12,0.048235
HPMR,5,26,4,6.0,8.0,7.0,2.5126193449018236e-11,0.045329999999999995
HPMR,5,26,5,5.0,6.0,5.5,4.423376253603317e-11,0.043315
HPMR,5,26,6,4.0,5.0,4.5,1.0843482411732889e-10,0.042345
HPMR,5,26,7,3.0,4.0,3.5,6.2388577905475e-05,0.042155
HPMR,5,26,8,2.0,3.0,2.5,0.021976380652271844,0.0442
HPMR,5,26,9,1.5,2.0,1.75,0.0054795240140449826,0.04914
HPMR,5,26,10,1.25,1.5,1.375,0.020783669381251913,0.05549
HPMR,5,26,11,1.0,1.25,1.125,0.02292205787363069,0.06489
HPMR,5,26,12,0.8,1.0,0.9,0.024342889649884538,0.07986
HPMR,5,26,13,0.6,0.8,0.7,0.6369181118100479,0.10675
HPMR,5,26,14,0.5,0.6,0.55,0.054706976933123014,0.1431
HPMR,5,26,15,0.4,0.5,0.45,0.023766219540206936,0.19685
HPMR,5,26,16,0.3,0.4,0.35,0.026804095033200647,0.3177
HPMR,5,26,17,0.2,0.3,0.25,0.026917704963331242,0.7008000000000001
HPMR,5,26,18,0.15,0.2,0.175,0.02010509772608911,1.5062499999999999
HPMR,5,26,19,0.1,0.15,0.125,0.03860228684873312,3.7815000000000003
HPMR,5,26,20,0.088,0.1,0.094,0.006635699978428584,6.616
HPMR,5,26,21,0.08,0.088,0.08399999999999999,0.006089296686377167,2.1645
HPMR,5,26,22,0.06,0.08,0.07,0.013332787918197949,3.7199999999999998
HPMR,5,26,23,0.05,0.06,0.055,0.005057996434097247,6.531000000000001
HPMR,5,26,24,0.04,0.05,0.045,0.008439532315968437,11.2005
HPMR,5,26,25,0.03,0.04,0.035,0.011954260722948565,22.34
HPMR,5,26,26,0.02,0.03,0.025,0.008598586218151268,58.34
HPMR,5,26,27,0.0159,0.02,0.01795,0.003809446075413477,120.58000000000001
HPMR,5,26,28,0.0155,0.0159,0.0157,0.00039274402166077164,138.0
HPMR,5,26,29,0.0152,0.0155,0.015349999999999999,0.000287668526093558,145.05
HPMR,5,26,30,0.015,0.0152,0.015099999999999999,0.00018865558063030295,109.69999999999999
HPMR,5,26,31,0.013,0.015,0.013999999999999999,0.0020169403777141512,136.85
HPMR,5,26,32,0.01,0.013,0.0115,0.0032513412178857455,98.805
HPMR,5,26,33,0.008,0.01,0.009000000000000001,0.0023627262887272586,179.64999999999998
HPMR,5,26,34,0.006,0.008,0.007,0.0026304237073339542,347.95
HPMR,5,26,35,0.005,0.006,0.0055,0.0015217297459122951,598.8
HPMR,5,26,36,0.004,0.005,0.0045000000000000005,3.836940579150053e-05,990.7
HPMR,5,26,37,0.00385,0.004,0.003925,3.288993324288256e-09,1309.5
HPMR,5,26,38,0.0037,0.00385,0.003775,3.379438022402584e-06,1339.5
HPMR,5,26,39,0.00355,0.0037,0.003625,6.125582385692491e-09,1513.5
HPMR,5,26,40,0.0033,0.00355,0.003425,6.632212552430635e-07,1540.5
HPMR,5,26,41,0.00307,0.0033,0.003185,2.7131605571081534e-07,1971.0
HPMR,5,26,42,0.003,0.00307,0.003035,5.561726910013926e-09,1911.0
HPMR,5,26,43,0.00259,0.003,0.0027949999999999997,5.781956607314675e-08,2211.5
HPMR,5,26,44,0.00253,0.00259,0.0025599999999999998,6.960431383250782e-12,1835.0
HPMR,5,26,45,0.00248,0.00253,0.0025050000000000003,2.11398037030016e-11,1561.5
HPMR,5,26,46,0.002,0.00248,0.00224,4.22037911121994e-09,1042.8
HPMR,5,26,47,0.0015,0.002,0.00175,5.445749827567882e-10,1820.5
HPMR,5,26,48,0.001,0.0015,0.00125,2.8900410538996525e-11,3783.0
HPMR,5,27,1,15.0,20.0,17.5,0.0,0.05932
HPMR,5,27,2,10.0,15.0,12.5,3.655695741053298e-13,0.05315
HPMR,5,27,3,8.0,10.0,9.0,3.608045797470194e-12,0.048235
HPMR,5,27,4,6.0,8.0,7.0,2.500002865272786e-11,0.045329999999999995
HPMR,5,27,5,5.0,6.0,5.5,4.4018370212935906e-11,0.043315
HPMR,5,27,6,4.0,5.0,4.5,1.0792851007816626e-10,0.042345
HPMR,5,27,7,3.0,4.0,3.5,6.04497361953117e-05,0.042155
HPMR,5,27,8,2.0,3.0,2.5,0.02101025459709399,0.0442
HPMR,5,27,9,1.5,2.0,1.75,0.005307185949372576,0.04914
HPMR,5,27,10,1.25,1.5,1.375,0.020523610547753923,0.05549
HPMR,5,27,11,1.0,1.25,1.125,0.02253511888044069,0.06489
HPMR,5,27,12,0.8,1.0,0.9,0.023953712554520216,0.07986
HPMR,5,27,13,0.6,0.8,0.7,0.6451894885314653,0.10675
HPMR,5,27,14,0.5,0.6,0.55,0.053575190936623024,0.1431
HPMR,5,27,15,0.4,0.5,0.45,0.02329586576058648,0.19685
HPMR,5,27,16,0.3,0.4,0.35,0.02614362729872237,0.3177
HPMR,5,27,17,0.2,0.3,0.25,0.02628148830054533,0.7008000000000001
HPMR,5,27,18,0.15,0.2,0.175,0.019652594692755963,1.5062499999999999
HPMR,5,27,19,0.1,0.15,0.125,0.03741280591178291,3.7815000000000003
HPMR,5,27,20,0.088,0.1,0.094,0.006492885732759847,6.616
HPMR,5,27,21,0.08,0.088,0.08399999999999999,0.005936498291653825,2.1645
HPMR,5,27,22,0.06,0.08,0.07,0.013057194831718215,3.7199999999999998
HPMR,5,27,23,0.05,0.06,0.055,0.004955647003592757,6.531000000000001
HPMR,5,27,24,0.04,0.05,0.045,0.008252824833481526,11.2005
HPMR,5,27,25,0.03,0.04,0.035,0.011730213296050476,22.34
HPMR,5,27,26,0.02,0.03,0.025,0.00844018626213354,58.34
HPMR,5,27,27,0.0159,0.02,0.01795,0.003736629798071731,120.58000000000001
HPMR,5,27,28,0.0155,0.0159,0.0157,0.0003852746564335833,138.0
HPMR,5,27,29,0.0152,0.0155,0.015349999999999999,0.00028218256936702094,145.05
HPMR,5,27,30,0.015,0.0152,0.015099999999999999,0.00018505784136555988,109.69999999999999
HPMR,5,27,31,0.013,0.015,0.013999999999999999,0.0019789437928793654,136.85
HPMR,5,27,32,0.01,0.013,0.0115,0.0031899555435236805,98.805
HPMR,5,27,33,0.008,0.01,0.009000000000000001,0.0023186422894326264,179.64999999999998
HPMR,5,27,34,0.006,0.008,0.007,0.002581609176418996,347.95
HPMR,5,27,35,0.005,0.006,0.0055,0.0014914630607573791,598.8
HPMR,5,27,36,0.004,0.005,0.0045000000000000005,3.8977125141480684e-05,990.7
HPMR,5,27,37,0.00385,0.004,0.003925,3.192049233139093e-09,1309.5
HPMR,5,27,38,0.0037,0.00385,0.003775,3.3951886750102887e-06,1339.5
HPMR,5,27,39,0.00355,0.0037,0.003625,6.28693091280732e-09,1513.5
HPMR,5,27,40,0.0033,0.00355,0.003425,6.707948234716795e-07,1540.5
HPMR,5,27,41,0.00307,0.0033,0.003185,2.78641511063054e-07,1971.0
HPMR,5,27,42,0.003,0.00307,0.003035,5.58492630153033e-09,1911.0
HPMR,5,27,43,0.00259,0.003,0.0027949999999999997,5.597912332063503e-08,2211.5
HPMR,5,27,44,0.00253,0.00259,0.0025599999999999998,6.9847177440572995e-12,1835.0
HPMR,5,27,45,0.00248,0.00253,0.0025050000000000003,1.5695669358285126e-11,1561.5
HPMR,5,27,46,0.002,0.00248,0.00224,3.780729721724862e-09,1042.8
HPMR,5,27,47,0.0015,0.002,0.00175,5.176726880533396e-10,1820.5
HPMR,5,27,48,0.001,0.0015,0.00125,2.7317758918274986e-11,3783.0
HPMR,5,28,1,15.0,20.0,17.5,0.0,0.05932
HPMR,5,28,2,10.0,15.0,12.5,3.6428025737777987e-13,0.05315
HPMR,5,28,3,8.0,10.0,9.0,3.595723851880441e-12,0.048235
HPMR,5,28,4,6.0,8.0,7.0,2.4919034700162135e-11,0.045329999999999995
HPMR,5,28,5,5.0,6.0,5.5,4.388208888762836e-11,0.043315
HPMR,5,28,6,4.0,5.0,4.5,1.0761536642248637e-10,0.042345
HPMR,5,28,7,3.0,4.0,3.5,5.850836677447198e-05,0.042155
HPMR,5,28,8,2.0,3.0,2.5,0.020064406022114855,0.0442
HPMR,5,28,9,1.5,2.0,1.75,0.00513647709090441,0.04914
HPMR,5,28,10,1.25,1.5,1.375,0.020260702997816234,0.05549
HPMR,5,28,11,1.0,1.25,1.125,0.022144292685713312,0.06489
HPMR,5,28,12,0.8,1.0,0.9,0.023560926828199477,0.07986
HPMR,5,28,13,0.6,0.8,0.7,0.6533864703176705,0.10675
HPMR,5,28,14,0.5,0.6,0.55,0.05242516113604941,0.1431
HPMR,5,28,15,0.4,0.5,0.45,0.022829721441427215,0.19685
HPMR,5,28,16,0.3,0.4,0.35,0.025494396089642372,0.3177
HPMR,5,28,17,0.2,0.3,0.25,0.025655936734354998,0.7008000000000001
HPMR,5,28,18,0.15,0.2,0.175,0.019207670940395875,1.5062499999999999
HPMR,5,28,19,0.1,0.15,0.125,0.03624491921354452,3.7815000000000003
HPMR,5,28,20,0.088,0.1,0.094,0.0063526353599028,6.616
HPMR,5,28,21,0.08,0.088,0.08399999999999999,0.005786654449841813,2.1645
HPMR,5,28,22,0.06,0.08,0.07,0.012786125135528596,3.7199999999999998
HPMR,5,28,23,0.05,0.06,0.055,0.004854899946972075,6.531000000000001
HPMR,5,28,24,0.04,0.05,0.045,0.008069382451952222,11.2005
HPMR,5,28,25,0.03,0.04,0.035,0.011510076113315006,22.34
HPMR,5,28,26,0.02,0.03,0.025,0.00828319661847194,58.34
HPMR,5,28,27,0.0159,0.02,0.01795,0.003665007562885433,120.58000000000001
HPMR,5,28,28,0.0155,0.0159,0.0157,0.0003779282310142596,138.0
HPMR,5,28,29,0.0152,0.0155,0.015349999999999999,0.00027678794531894787,145.05
HPMR,5,28,30,0.015,0.0152,0.015099999999999999,0.00018151726811067886,109.69999999999999
HPMR,5,28,31,0.013,0.015,0.013999999999999999,0.001941569351537132,136.85
HPMR,5,28,32,0.01,0.013,0.0115,0.003129887290784291,98.805
HPMR,5,28,33,0.008,0.01,0.009000000000000001,0.0022752084275152232,179.64999999999998
HPMR,5,28,34,0.006,0.008,0.007,0.0025336788844339203,347.95
HPMR,5,28,35,0.005,0.006,0.0055,0.0014618411088024705,598.8
HPMR,5,28,36,0.004,0.005,0.0045000000000000005,3.956809917668816e-05,990.7
HPMR,5,28,37,0.00385,0.004,0.003925,3.1167856798892307e-09,1309.5
HPMR,5,28,38,0.0037,0.00385,0.003775,3.4080057559255504e-06,1339.5
HPMR,5,28,39,0.00355,0.0037,0.003625,6.445366607325427e-09,1513.5
HPMR,5,28,40,0.0033,0.00355,0.003425,6.784724032238099e-07,1540.5
HPMR,5,28,41,0.00307,0.0033,0.003185,2.8584295628223323e-07,1971.0
HPMR,5,28,42,0.003,0.00307,0.003035,5.6079983635884665e-09,1911.0
HPMR,5,28,43,0.00259,0.003,0.0027949999999999997,5.4204236332603265e-08,2211.5
HPMR,5,28,44,0.00253,0.00259,0.0025599999999999998,7.011151525588253e-12,1835.0
HPMR,5,28,45,0.00248,0.00253,0.0025050000000000003,1.1640325887553068e-11,1561.5
HPMR,5,28,46,0.002,0.00248,0.00224,3.469577291398754e-09,1042.8
HPMR,5,28,47,0.0015,0.002,0.00175,4.999282832191714e-10,1820.5
HPMR,5,28,48,0.001,0.0015,0.00125,2.5792927541374103e-11,3783.0
HPMR,5,29,1,15.0,20.0,17.5,0.0,0.05932
HPMR,5,29,2,10.0,15.0,12.5,3.63618195131326e-13,0.05315
HPMR,5,29,3,8.0,10.0,9.0,3.5895904372367826e-12,0.048235
HPMR,5,29,4,6.0,8.0,7.0,2.4880508089995423e-11,0.045329999999999995
HPMR,5,29,5,5.0,6.0,5.5,4.382077193229339e-11,0.043315
HPMR,5,29,6,4.0,5.0,4.5,1.0748374489522885e-10,0.042345
HPMR,5,29,7,3.0,4.0,3.5,5.657191414641973e-05,0.042155
HPMR,5,29,8,2.0,3.0,2.5,0.019141312273675427,0.0442
HPMR,5,29,9,1.5,2.0,1.75,0.004968510162706409,0.04914
HPMR,5,29,10,1.25,1.5,1.375,0.019996324257600513,0.05549
HPMR,5,29,11,1.0,1.25,1.125,0.02175233492578132,0.06489
HPMR,5,29,12,0.8,1.0,0.9,0.023165534382064305,0.07986
HPMR,5,29,13,0.6,0.8,0.7,0.6614688045018186,0.10675
HPMR,5,29,14,0.5,0.6,0.55,0.05126443021075465,0.1431
HPMR,5,29,15,0.4,0.5,0.45,0.022368932111847147,0.19685
HPMR,5,29,16,0.3,0.4,0.35,0.024859096293016084,0.3177
HPMR,5,29,17,0.2,0.3,0.25,0.025043460207266777,0.7008000000000001
HPMR,5,29,18,0.15,0.2,0.175,0.01877230636988858,1.5062499999999999
HPMR,5,29,19,0.1,0.15,0.125,0.03510700478755753,3.7815000000000003
HPMR,5,29,20,0.088,0.1,0.094,0.006215349689094893,6.616
HPMR,5,29,21,0.08,0.088,0.08399999999999999,0.005639867324358686,2.1645
HPMR,5,29,22,0.06,0.08,0.07,0.012520840262719964,3.7199999999999998
HPMR,5,29,23,0.05,0.06,0.055,0.004756477757553833,6.531000000000001
HPMR,5,29,24,0.04,0.05,0.045,0.007889941304073542,11.2005
HPMR,5,29,25,0.03,0.04,0.035,0.011294722906602914,22.34
HPMR,5,29,26,0.02,0.03,0.025,0.00813022615822743,58.34
HPMR,5,29,27,0.0159,0.02,0.01795,0.0035949930229200707,120.58000000000001
HPMR,5,29,28,0.0155,0.0159,0.0157,0.0003707378400871855,138.0
HPMR,5,29,29,0.0152,0.0155,0.015349999999999999,0.000271507925814565,145.05
HPMR,5,29,30,0.015,0.0152,0.015099999999999999,0.00017805591543799834,109.69999999999999
HPMR,5,29,31,0.013,0.015,0.013999999999999999,0.0019049881119820777,136.85
HPMR,5,29,32,0.01,0.013,0.0115,0.0030708465537429785,98.805
HPMR,5,29,33,0.008,0.01,0.009000000000000001,0.002232688712868772,179.64999999999998
HPMR,5,29,34,0.006,0.008,0.007,0.0024866882401008567,347.95
HPMR,5,29,35,0.005,0.006,0.0055,0.0014328315714354691,598.8
HPMR,5,29,36,0.004,0.005,0.0045000000000000005,4.0145450884553614e-05,990.7
HPMR,5,29,37,0.00385,0.004,0.003925,3.0600857353844314e-09,1309.5
HPMR,5,29,38,0.0037,0.00385,0.003775,3.4179345635309673e-06,1339.5
HPMR,5,29,39,0.00355,0.0037,0.003625,6.601038024443855e-09,1513.5
HPMR,5,29,40,0.0033,0.00355,0.003425,6.862574782287954e-07,1540.5
HPMR,5,29,41,0.00307,0.0033,0.003185,2.929352811061276e-07,1971.0
HPMR,5,29,42,0.003,0.00307,0.003035,5.631313033390154e-09,1911.0
HPMR,5,29,43,0.00259,0.003,0.0027949999999999997,5.247170518552987e-08,2211.5
HPMR,5,29,44,0.00253,0.00259,0.0025599999999999998,7.038926374301453e-12,1835.0
HPMR,5,29,45,0.00248,0.00253,0.0025050000000000003,8.623642944722815e-12,1561.5
HPMR,5,29,46,0.002,0.00248,0.00224,3.253409652445128e-09,1042.8
HPMR,5,29,47,0.0015,0.002,0.00175,4.889675819282467e-10,1820.5
HPMR,5,29,48,0.001,0.0015,0.00125,2.4327763941350135e-11,3783.0
HPMR,5,30,1,15.0,20.0,17.5,0.0,0.05932
HPMR,5,30,2,10.0,15.0,12.5,3.6356502039654647e-13,0.05315
HPMR,5,30,3,8.0,10.0,9.0,3.5893297491980135e-12,0.048235
HPMR,5,30,4,6.0,8.0,7.0,2.4880904836569142e-11,0.045329999999999995
HPMR,5,30,5,5.0,6.0,5.5,4.3828861415097546e-11,0.043315
HPMR,5,30,6,4.0,5.0,4.5,1.075222633845553e-10,0.042345
HPMR,5,30,7,3.0,4.0,3.5,5.465087458073269e-05,0.042155
HPMR,5,30,8,2.0,3.0,2.5,0.018244819764382452,0.0442
HPMR,5,30,9,1.5,2.0,1.75,0.004803194786944203,0.04914
HPMR,5,30,10,1.25,1.5,1.375,0.01973293379039213,0.05549
HPMR,5,30,11,1.0,1.25,1.125,0.021361304957336145,0.06489
HPMR,5,30,12,0.8,1.0,0.9,0.022771124172236437,0.07986
HPMR,5,30,13,0.6,0.8,0.7,0.6693982080820087,0.10675
HPMR,5,30,14,0.5,0.6,0.55,0.05010042031389143,0.1431
HPMR,5,30,15,0.4,0.5,0.45,0.021916851389168955,0.19685
HPMR,5,30,16,0.3,0.4,0.35,0.02423999377936563,0.3177
HPMR,5,30,17,0.2,0.3,0.25,0.024448172398701673,0.7008000000000001
HPMR,5,30,18,0.15,0.2,0.175,0.01834769873324038,1.5062499999999999
HPMR,5,30,19,0.1,0.15,0.125,0.0339988293381112,3.7815000000000003
HPMR,5,30,20,0.088,0.1,0.094,0.006081851504150234,6.616
HPMR,5,30,21,0.08,0.088,0.08399999999999999,0.005497282523621749,2.1645
HPMR,5,30,22,0.06,0.08,0.07,0.01226283134457747,3.7199999999999998
HPMR,5,30,23,0.05,0.06,0.055,0.004660751912899873,6.531000000000001
HPMR,5,30,24,0.04,0.05,0.045,0.007715367331502326,11.2005
HPMR,5,30,25,0.03,0.04,0.035,0.011085867462235478,22.34
HPMR,5,30,26,0.02,0.03,0.025,0.007981129694791513,58.34
HPMR,5,30,27,0.0159,0.02,0.01795,0.0035268600729840777,120.58000000000001
HPMR,5,30,28,0.0155,0.0159,0.0157,0.00036374076188217197,138.0
HPMR,5,30,29,0.0152,0.0155,0.015349999999999999,0.000266370922648501,145.05
HPMR,5,30,30,0.015,0.0152,0.015099999999999999,0.00017468555582421033,109.69999999999999
HPMR,5,30,31,0.013,0.015,0.013999999999999999,0.0018694269144732855,136.85
HPMR,5,30,32,0.01,0.013,0.0115,0.003013462407128918,98.805
HPMR,5,30,33,0.008,0.01,0.009000000000000001,0.0021913263084649623,179.64999999999998
HPMR,5,30,34,0.006,0.008,0.007,0.0024410438244034057,347.95
HPMR,5,30,35,0.005,0.006,0.0055,0.0014046005101132414,598.8
HPMR,5,30,36,0.004,0.005,0.0045000000000000005,4.07093147718595e-05,990.7
HPMR,5,30,37,0.00385,0.004,0.003925,3.0192499720967105e-09,1309.5
HPMR,5,30,38,0.0037,0.00385,0.003775,3.425164817438421e-06,1339.5
HPMR,5,30,39,0.00355,0.0037,0.003625,6.754249933510908e-09,1513.5
HPMR,5,30,40,0.0033,0.00355,0.003425,6.941671919919034e-07,1540.5
HPMR,5,30,41,0.00307,0.0033,0.003185,2.99913980355442e-07,1971.0
HPMR,5,30,42,0.003,0.00307,0.003035,5.655196828258911e-09,1911.0
HPMR,5,30,43,0.00259,0.003,0.0027949999999999997,5.077139766074801e-08,2211.5
HPMR,5,30,44,0.00253,0.00259,0.0025599999999999998,7.069183175371833e-12,1835.0
HPMR,5,30,45,0.00248,0.00253,0.0025050000000000003,6.383405781089425e-12,1561.5
HPMR,5,30,46,0.002,0.00248,0.00224,3.107439817704237e-09,1042.8
HPMR,5,30,47,0.0015,0.002,0.00175,4.830804796717978e-10,1820.5
HPMR,5,30,48,0.001,0.0015,0.00125,2.292456690834897e-11,3783.0
HPMR,5,31,1,15.0,20.0,17.5,0.0,0.05932
HPMR,5,31,2,10.0,15.0,12.5,3.6403277495538107e-13,0.05315
HPMR,5,31,3,8.0,10.0,9.0,3.594024121024365e-12,0.048235
HPMR,5,31,4,6.0,8.0,7.0,2.4918287494084085e-11,0.045329999999999995
HPMR,5,31,5,5.0,6.0,5.5,4.390131818585382e-11,0.043315
HPMR,5,31,6,4.0,5.0,4.5,1.07714507944142e-10,0.042345
HPMR,5,31,7,3.0,4.0,3.5,5.275043989364453e-05,0.042155
HPMR,5,31,8,2.0,3.0,2.5,0.017374788238314665,0.0442
HPMR,5,31,9,1.5,2.0,1.75,0.004641530798592091,0.04914
HPMR,5,31,10,1.25,1.5,1.375,0.01947167384526448,0.05549
HPMR,5,31,11,1.0,1.25,1.125,0.02097268070841851,0.06489
HPMR,5,31,12,0.8,1.0,0.9,0.02237898951190383,0.07986
HPMR,5,31,13,0.6,0.8,0.7,0.6771548706132199,0.10675
HPMR,5,31,14,0.5,0.6,0.55,0.04893701991409392,0.1431
HPMR,5,31,15,0.4,0.5,0.45,0.021473926957784224,0.19685
HPMR,5,31,16,0.3,0.4,0.35,0.023638308335395666,0.3177
HPMR,5,31,17,0.2,0.3,0.25,0.023869389376451992,0.7008000000000001
HPMR,5,31,18,0.15,0.2,0.175,0.017936026681031544,1.5062499999999999
HPMR,5,31,19,0.1,0.15,0.125,0.03292577008859492,3.7815000000000003
HPMR,5,31,20,0.088,0.1,0.094,0.005952216344041308,6.616
HPMR,5,31,21,0.08,0.088,0.08399999999999999,0.005358900472573505,2.1645
HPMR,5,31,22,0.06,0.08,0.07,0.012012629901883646,3.7199999999999998
HPMR,5,31,23,0.05,0.06,0.055,0.004568032166082089,6.531000000000001
HPMR,5,31,24,0.04,0.05,0.045,0.007546034444996647,11.2005
HPMR,5,31,25,0.03,0.04,0.035,0.010884412415556051,22.34
HPMR,5,31,26,0.02,0.03,0.025,0.007835774519551888,58.34
HPMR,5,31,27,0.0159,0.02,0.01795,0.003460806629358044,120.58000000000001
HPMR,5,31,28,0.0155,0.0159,0.0157,0.00035695496373455753,138.0
HPMR,5,31,29,0.0152,0.0155,0.015349999999999999,0.0002613890679972285,145.05
HPMR,5,31,30,0.015,0.0152,0.015099999999999999,0.00017141687787908374,109.69999999999999
HPMR,5,31,31,0.013,0.015,0.013999999999999999,0.0018349291665175412,136.85
HPMR,5,31,32,0.01,0.013,0.0115,0.0029577921583566,98.805
HPMR,5,31,33,0.008,0.01,0.009000000000000001,0.0021512217057147154,179.64999999999998
HPMR,5,31,34,0.006,0.008,0.007,0.0023967737234404716,347.95
HPMR,5,31,35,0.005,0.006,0.0055,0.001377221149616167,598.8
HPMR,5,31,36,0.004,0.005,0.0045000000000000005,4.1261515977872404e-05,990.7
HPMR,5,31,37,0.00385,0.004,0.003925,2.9919334351192246e-09,1309.5
HPMR,5,31,38,0.0037,0.00385,0.003775,3.4299216137471008e-06,1339.5
HPMR,5,31,39,0.00355,0.0037,0.003625,6.904904759002837e-09,1513.5
HPMR,5,31,40,0.0033,0.00355,0.003425,7.021671349493477e-07,1540.5
HPMR,5,31,41,0.00307,0.0033,0.003185,3.067968276760165e-07,1971.0
HPMR,5,31,42,0.003,0.00307,0.003035,5.679807930367413e-09,1911.0
HPMR,5,31,43,0.00259,0.003,0.0027949999999999997,4.90976372646864e-08,2211.5
HPMR,5,31,44,0.00253,0.00259,0.0025599999999999998,7.101569732096391e-12,1835.0
HPMR,5,31,45,0.00248,0.00253,0.0025050000000000003,4.7209410844185e-12,1561.5
HPMR,5,31,46,0.002,0.00248,0.00224,3.013105616278757e-09,1042.8
HPMR,5,31,47,0.0015,0.002,0.00175,4.808998988119294e-10,1820.5
HPMR,5,31,48,0.001,0.0015,0.00125,2.158334805603978e-11,3783.0
HPMR,5,32,1,15.0,20.0,17.5,0.0,0.05932
HPMR,5,32,2,10.0,15.0,12.5,3.649787755683608e-13,0.05315
HPMR,5,32,3,8.0,10.0,9.0,3.6036105373233963e-12,0.048235
HPMR,5,32,4,6.0,8.0,7.0,2.4987535566093138e-11,0.045329999999999995
HPMR,5,32,5,5.0,6.0,5.5,4.4031020417844635e-11,0.043315
HPMR,5,32,6,4.0,5.0,4.5,1.0804798781829581e-10,0.042345
HPMR,5,32,7,3.0,4.0,3.5,5.087388834375245e-05,0.042155
HPMR,5,32,8,2.0,3.0,2.5,0.016532188966800476,0.0442
HPMR,5,32,9,1.5,2.0,1.75,0.004483554672869465,0.04914
HPMR,5,32,10,1.25,1.5,1.375,0.019212776492610793,0.05549
HPMR,5,32,11,1.0,1.25,1.125,0.020587703169286115,0.06489
HPMR,5,32,12,0.8,1.0,0.9,0.0219897999254095,0.07986
HPMR,5,32,13,0.6,0.8,0.7,0.6847277105467384,0.10675
HPMR,5,32,14,0.5,0.6,0.55,0.047778376167160304,0.1431
HPMR,5,32,15,0.4,0.5,0.45,0.021039830272601704,0.19685
HPMR,5,32,16,0.3,0.4,0.35,0.023055391374640515,0.3177
HPMR,5,32,17,0.2,0.3,0.25,0.023309812951928393,0.7008000000000001
HPMR,5,32,18,0.15,0.2,0.175,0.017536841383672896,1.5062499999999999
HPMR,5,32,19,0.1,0.15,0.125,0.031887603659260064,3.7815000000000003
HPMR,5,32,20,0.088,0.1,0.094,0.005826843996617281,6.616
HPMR,5,32,21,0.08,0.088,0.08399999999999999,0.005224985028387166,2.1645
HPMR,5,32,22,0.06,0.08,0.07,0.011770334625987838,3.7199999999999998
HPMR,5,32,23,0.05,0.06,0.055,0.004478311324204048,6.531000000000001
HPMR,5,32,24,0.04,0.05,0.045,0.007382173148724435,11.2005
HPMR,5,32,25,0.03,0.04,0.035,0.010688834380237891,22.34
HPMR,5,32,26,0.02,0.03,0.025,0.007695210001576004,58.34
HPMR,5,32,27,0.0159,0.02,0.01795,0.0033968615754767562,120.58000000000001
HPMR,5,32,28,0.0155,0.0159,0.0157,0.0003503909752038169,138.0
HPMR,5,32,29,0.0152,0.0155,0.015349999999999999,0.0002565655110569589,145.05
HPMR,5,32,30,0.015,0.0152,0.015099999999999999,0.0001682549474112303,109.69999999999999
HPMR,5,32,31,0.013,0.015,0.013999999999999999,0.0018015967263852325,136.85
HPMR,5,32,32,0.01,0.013,0.0115,0.002903921408027949,98.805
HPMR,5,32,33,0.008,0.01,0.009000000000000001,0.002112375364300217,179.64999999999998
HPMR,5,32,34,0.006,0.008,0.007,0.0023538166744658086,347.95
HPMR,5,32,35,0.005,0.006,0.0055,0.0013507357726053224,598.8
HPMR,5,32,36,0.004,0.005,0.0045000000000000005,4.180215035873544e-05,990.7
HPMR,5,32,37,0.00385,0.004,0.003925,2.976052457488134e-09,1309.5
HPMR,5,32,38,0.0037,0.00385,0.003775,3.4322848644747195e-06,1339.5
HPMR,5,32,39,0.00355,0.0037,0.003625,7.053052472800469e-09,1513.5
HPMR,5,32,40,0.0033,0.00355,0.003425,7.10237048680302e-07,1540.5
HPMR,5,32,41,0.00307,0.0033,0.003185,3.135627070975519e-07,1971.0
HPMR,5,32,42,0.003,0.00307,0.003035,5.705193242981449e-09,1911.0
HPMR,5,32,43,0.00259,0.003,0.0027949999999999997,4.744857698404398e-08,2211.5
HPMR,5,32,44,0.00253,0.00259,0.0025599999999999998,7.135835265907433e-12,1835.0
HPMR,5,32,45,0.00248,0.00253,0.0025050000000000003,3.488576532202277e-12,1561.5
HPMR,5,32,46,0.002,0.00248,0.00224,2.956762445873846e-09,1042.8
HPMR,5,32,47,0.0015,0.002,0.00175,4.814302723343708e-10,1820.5
HPMR,5,32,48,0.001,0.0015,0.00125,2.0303080201602967e-11,3783.0
HPMR,5,33,1,15.0,20.0,17.5,0.0,0.05932
HPMR,5,33,2,10.0,15.0,12.5,3.6636813689833674e-13,0.05315
HPMR,5,33,3,8.0,10.0,9.0,3.6177488744616853e-12,0.048235
HPMR,5,33,4,6.0,8.0,7.0,2.508734396827055e-11,0.045329999999999995
HPMR,5,33,5,5.0,6.0,5.5,4.4211909080049194e-11,0.043315
HPMR,5,33,6,4.0,5.0,4.5,1.0850644517516842e-10,0.042345
HPMR,5,33,7,3.0,4.0,3.5,4.9027478805519216e-05,0.042155
HPMR,5,33,8,2.0,3.0,2.5,0.01571915416296067,0.0442
HPMR,5,33,9,1.5,2.0,1.75,0.0043296226503324944,0.04914
HPMR,5,33,10,1.25,1.5,1.375,0.01895698797216625,0.05549
HPMR,5,33,11,1.0,1.25,1.125,0.020207748743148395,0.06489
HPMR,5,33,12,0.8,1.0,0.9,0.02160542197673102,0.07986
HPMR,5,33,13,0.6,0.8,0.7,0.6920962495730344,0.10675
HPMR,5,33,14,0.5,0.6,0.55,0.04662730243947489,0.1431
HPMR,5,33,15,0.4,0.5,0.45,0.020616895652690117,0.19685
HPMR,5,33,16,0.3,0.4,0.35,0.022492542256878436,0.3177
HPMR,5,33,17,0.2,0.3,0.25,0.02276842634688277,0.7008000000000001
HPMR,5,33,18,0.15,0.2,0.175,0.017151681919883335,1.5062499999999999
HPMR,5,33,19,0.1,0.15,0.125,0.030885931466177415,3.7815000000000003
HPMR,5,33,20,0.088,0.1,0.094,0.005706141219716334,6.616
HPMR,5,33,21,0.08,0.088,0.08399999999999999,0.005095781528392019,2.1645
HPMR,5,33,22,0.06,0.08,0.07,0.011536854834049962,3.7199999999999998
HPMR,5,33,23,0.05,0.06,0.055,0.004391898195745772,6.531000000000001
HPMR,5,33,24,0.04,0.05,0.045,0.007224130654867484,11.2005
HPMR,5,33,25,0.03,0.04,0.035,0.010501810161242197,22.34
HPMR,5,33,26,0.02,0.03,0.025,0.007559041462198174,58.34
HPMR,5,33,27,0.0159,0.02,0.01795,0.0033352647179180476,120.58000000000001
HPMR,5,33,28,0.0155,0.0159,0.0157,0.0003440592333175846,138.0
HPMR,5,33,29,0.0152,0.0155,0.015349999999999999,0.00025191694500383325,145.05
HPMR,5,33,30,0.015,0.0152,0.015099999999999999,0.00016520477991025212,109.69999999999999
HPMR,5,33,31,0.013,0.015,0.013999999999999999,0.0017694076431969078,136.85
HPMR,5,33,32,0.01,0.013,0.0115,0.002851970421236694,98.805
HPMR,5,33,33,0.008,0.01,0.009000000000000001,0.0020749466099028663,179.64999999999998
HPMR,5,33,34,0.006,0.008,0.007,0.002312526484167602,347.95
HPMR,5,33,35,0.005,0.006,0.0055,0.0013251855639111099,598.8
HPMR,5,33,36,0.004,0.005,0.0045000000000000005,4.2330784358243594e-05,990.7
HPMR,5,33,37,0.00385,0.004,0.003925,2.9696114753687676e-09,1309.5
HPMR,5,33,38,0.0037,0.00385,0.003775,3.4321730750777998e-06,1339.5
HPMR,5,33,39,0.00355,0.0037,0.003625,7.198699254678861e-09,1513.5
HPMR,5,33,40,0.0033,0.00355,0.003425,7.18376453652471e-07,1540.5
HPMR,5,33,41,0.00307,0.0033,0.003185,3.2022537396211153e-07,1971.0
HPMR,5,33,42,0.003,0.00307,0.003035,5.731381646638022e-09,1911.0
HPMR,5,33,43,0.00259,0.003,0.0027949999999999997,4.5824284960047e-08,2211.5
HPMR,5,33,44,0.00253,0.00259,0.0025599999999999998,7.172097667699209e-12,1835.0
HPMR,5,33,45,0.00248,0.00253,0.0025050000000000003,2.575976616710081e-12,1561.5
HPMR,5,33,46,0.002,0.00248,0.00224,2.928265686992101e-09,1042.8
HPMR,5,33,47,0.0015,0.002,0.00175,4.839315843641658e-10,1820.5
HPMR,5,33,48,0.001,0.0015,0.00125,1.908401182441728e-11,3783.0
HPMR,5,34,1,15.0,20.0,17.5,0.0,0.05932
HPMR,5,34,2,10.0,15.0,12.5,3.681486186119226e-13,0.05315
HPMR,5,34,3,8.0,10.0,9.0,3.6354059600831174e-12,0.048235
HPMR,5,34,4,6.0,8.0,7.0,2.521558433319201e-11,0.045329999999999995
HPMR,5,34,5,5.0,6.0,5.5,4.443957426670508e-11,0.043315
HPMR,5,34,6,4.0,5.0,4.5,1.0908035303625797e-10,0.042345
HPMR,5,34,7,3.0,4.0,3.5,4.7215882643389246e-05,0.042155
HPMR,5,34,8,2.0,3.0,2.5,0.014934715429771117,0.0442
HPMR,5,34,9,1.5,2.0,1.75,0.004179980564625129,0.04914
HPMR,5,34,10,1.25,1.5,1.375,0.018705441763733743,0.05549
HPMR,5,34,11,1.0,1.25,1.125,0.019833331604449,0.06489
HPMR,5,34,12,0.8,1.0,0.9,0.021226107018897853,0.07986
HPMR,5,34,13,0.6,0.8,0.7,0.6992513140573142,0.10675
HPMR,5,34,14,0.5,0.6,0.55,0.04548700040579652,0.1431
HPMR,5,34,15,0.4,0.5,0.45,0.020206951910106668,0.19685
HPMR,5,34,16,0.3,0.4,0.35,0.021950280333512165,0.3177
HPMR,5,34,17,0.2,0.3,0.25,0.022247902828321477,0.7008000000000001
HPMR,5,34,18,0.15,0.2,0.175,0.01678048750418222,1.5062499999999999
HPMR,5,34,19,0.1,0.15,0.125,0.02992146819553447,3.7815000000000003
HPMR,5,34,20,0.088,0.1,0.094,0.005589754324380343,6.616
HPMR,5,34,21,0.08,0.088,0.08399999999999999,0.004971090980211896,2.1645
HPMR,5,34,22,0.06,0.08,0.07,0.01131210910098878,3.7199999999999998
HPMR,5,34,23,0.05,0.06,0.055,0.004308800154888889,6.531000000000001
HPMR,5,34,24,0.04,0.05,0.045,0.007072153564940959,11.2005
HPMR,5,34,25,0.03,0.04,0.035,0.010321861897356267,22.34
HPMR,5,34,26,0.02,0.03,0.025,0.007428135543727235,58.34
HPMR,5,34,27,0.0159,0.02,0.01795,0.0032759932451693063,120.58000000000001
HPMR,5,34,28,0.0155,0.0159,0.0157,0.0003379688898945353,138.0
HPMR,5,34,29,0.0152,0.0155,0.015349999999999999,0.0002474432179161983,145.05
HPMR,5,34,30,0.015,0.0152,0.015099999999999999,0.0001622754653869531,109.69999999999999
HPMR,5,34,31,0.013,0.015,0.013999999999999999,0.0017384943878948126,136.85
HPMR,5,34,32,0.01,0.013,0.0115,0.002802007053897764,98.805
HPMR,5,34,33,0.008,0.01,0.009000000000000001,0.002038925345494394,179.64999999999998
HPMR,5,34,34,0.006,0.008,0.007,0.0022727733666769267,347.95
HPMR,5,34,35,0.005,0.006,0.0055,0.00130061962243658,598.8
HPMR,5,34,36,0.004,0.005,0.0045000000000000005,4.284925114464989e-05,990.7
HPMR,5,34,37,0.00385,0.004,0.003925,2.971390912582455e-09,1309.5
HPMR,5,34,38,0.0037,0.00385,0.003775,3.4298002321645486e-06,1339.5
HPMR,5,34,39,0.00355,0.0037,0.003625,7.342025402809936e-09,1513.5
HPMR,5,34,40,0.0033,0.00355,0.003425,7.265845072947275e-07,1540.5
HPMR,5,34,41,0.00307,0.0033,0.003185,3.267876663437168e-07,1971.0
HPMR,5,34,42,0.003,0.00307,0.003035,5.758672953747731e-09,1911.0
HPMR,5,34,43,0.00259,0.003,0.0027949999999999997,4.422637186440829e-08,2211.5
HPMR,5,34,44,0.00253,0.00259,0.0025599999999999998,7.210183919010674e-12,1835.0
HPMR,5,34,45,0.00248,0.00253,0.0025050000000000003,1.9009046222152197e-12,1561.5
HPMR,5,34,46,0.002,0.00248,0.00224,2.92021475566706e-09,1042.8
HPMR,5,34,47,0.0015,0.002,0.00175,4.87849248250536e-10,1820.5
HPMR,5,34,48,0.001,0.0015,0.00125,1.7924532219354763e-11,3783.0
HPMR,5,35,1,15.0,20.0,17.5,0.0,0.05932
HPMR,5,35,2,10.0,15.0,12.5,3.7026554415861793e-13,0.05315
HPMR,5,35,3,8.0,10.0,9.0,3.656595063861074e-12,0.048235
HPMR,5,35,4,6.0,8.0,7.0,2.5363471017281775e-11,0.045329999999999995
HPMR,5,35,5,5.0,6.0,5.5,4.4707403643939395e-11,0.043315
HPMR,5,35,6,4.0,5.0,4.5,1.0975061457762261e-10,0.042345
HPMR,5,35,7,3.0,4.0,3.5,4.5437524801687186e-05,0.042155
HPMR,5,35,8,2.0,3.0,2.5,0.014179371182041942,0.0442
HPMR,5,35,9,1.5,2.0,1.75,0.0040345531822837235,0.04914
HPMR,5,35,10,1.25,1.5,1.375,0.018457860568407827,0.05549
HPMR,5,35,11,1.0,1.25,1.125,0.01946443113804373,0.06489
HPMR,5,35,12,0.8,1.0,0.9,0.02085208914313039,0.07986
HPMR,5,35,13,0.6,0.8,0.7,0.7062020844028184,0.10675
HPMR,5,35,14,0.5,0.6,0.55,0.04435707858322319,0.1431
HPMR,5,35,15,0.4,0.5,0.45,0.019807388439681117,0.19685
HPMR,5,35,16,0.3,0.4,0.35,0.021427186312002213,0.3177
HPMR,5,35,17,0.2,0.3,0.25,0.021745980532789658,0.7008000000000001
HPMR,5,35,18,0.15,0.2,0.175,0.01642281420993927,1.5062499999999999
HPMR,5,35,19,0.1,0.15,0.125,0.02899332032345452,3.7815000000000003
HPMR,5,35,20,0.088,0.1,0.094,0.0054777022967163955,6.616
HPMR,5,35,21,0.08,0.088,0.08399999999999999,0.004851312848941336,2.1645
HPMR,5,35,22,0.06,0.08,0.07,0.011095686726293815,3.7199999999999998
HPMR,5,35,23,0.05,0.06,0.055,0.004228998643392249,6.531000000000001
HPMR,5,35,24,0.04,0.05,0.045,0.006925741068034506,11.2005
HPMR,5,35,25,0.03,0.04,0.035,0.01014915943198962,22.34
HPMR,5,35,26,0.02,0.03,0.025,0.007301845363205062,58.34
HPMR,5,35,27,0.0159,0.02,0.01795,0.0032189676036857694,120.58000000000001
HPMR,5,35,28,0.0155,0.0159,0.0157,0.000332110724391174,138.0
HPMR,5,35,29,0.0152,0.0155,0.015349999999999999,0.00024314230823561348,145.05
HPMR,5,35,30,0.015,0.0152,0.015099999999999999,0.00015945329549843943,109.69999999999999
HPMR,5,35,31,0.013,0.015,0.013999999999999999,0.0017087180098488846,136.85
HPMR,5,35,32,0.01,0.013,0.0115,0.0027539368331301528,98.805
HPMR,5,35,33,0.008,0.01,0.009000000000000001,0.002004296659448568,179.64999999999998
HPMR,5,35,34,0.006,0.008,0.007,0.0022344432705709233,347.95
HPMR,5,35,35,0.005,0.006,0.0055,0.001276978419079376,598.8
HPMR,5,35,36,0.004,0.005,0.0045000000000000005,4.335522179493342e-05,990.7
HPMR,5,35,37,0.00385,0.004,0.003925,2.979658035412252e-09,1309.5
HPMR,5,35,38,0.0037,0.00385,0.003775,3.4251618677124797e-06,1339.5
HPMR,5,35,39,0.00355,0.0037,0.003625,7.482640664213766e-09,1513.5
HPMR,5,35,40,0.0033,0.00355,0.003425,7.34798258744959e-07,1540.5
HPMR,5,35,41,0.00307,0.0033,0.003185,3.3324182593388536e-07,1971.0
HPMR,5,35,42,0.003,0.00307,0.003035,5.786584425623114e-09,1911.0
HPMR,5,35,43,0.00259,0.003,0.0027949999999999997,4.265340392329857e-08,2211.5
HPMR,5,35,44,0.00253,0.00259,0.0025599999999999998,7.249535224423922e-12,1835.0
HPMR,5,35,45,0.00248,0.00253,0.0025050000000000003,1.401800775142955e-12,1561.5
HPMR,5,35,46,0.002,0.00248,0.00224,2.92681234769162e-09,1042.8
HPMR,5,35,47,0.0015,0.002,0.00175,4.927509737995354e-10,1820.5
HPMR,5,35,48,0.001,0.0015,0.00125,1.682304989667341e-11,3783.0
HPMR,5,36,1,15.0,20.0,17.5,0.0,0.05932
HPMR,5,36,2,10.0,15.0,12.5,3.72701534360795e-13,0.05315
HPMR,5,36,3,8.0,10.0,9.0,3.680830927608267e-12,0.048235
HPMR,5,36,4,6.0,8.0,7.0,2.5535403176715996e-11,0.045329999999999995
HPMR,5,36,5,5.0,6.0,5.5,4.5012806439754345e-11,0.043315
HPMR,5,36,6,4.0,5.0,4.5,1.1051214442079855e-10,0.042345
HPMR,5,36,7,3.0,4.0,3.5,4.369825857536748e-05,0.042155
HPMR,5,36,8,2.0,3.0,2.5,0.013453966961964063,0.0442
HPMR,5,36,9,1.5,2.0,1.75,0.00389362326221076,0.04914
HPMR,5,36,10,1.25,1.5,1.375,0.018214498927296,0.05549
HPMR,5,36,11,1.0,1.25,1.125,0.01910261418338363,0.06489
HPMR,5,36,12,0.8,1.0,0.9,0.020484561092347055,0.07986
HPMR,5,36,13,0.6,0.8,0.7,0.7129245787290167,0.10675
HPMR,5,36,14,0.5,0.6,0.55,0.0432450553185215,0.1431
HPMR,5,36,15,0.4,0.5,0.45,0.019418774331379368,0.19685
HPMR,5,36,16,0.3,0.4,0.35,0.02092600626041957,0.3177
HPMR,5,36,17,0.2,0.3,0.25,0.02126469736149086,0.7008000000000001
HPMR,5,36,18,0.15,0.2,0.175,0.016079751690465032,1.5062499999999999
HPMR,5,36,19,0.1,0.15,0.125,0.02810312426628748,3.7815000000000003
HPMR,5,36,20,0.088,0.1,0.094,0.005370532889240885,6.616
HPMR,5,36,21,0.08,0.088,0.08399999999999999,0.004736248604794945,2.1645
HPMR,5,36,22,0.06,0.08,0.07,0.010888668555518986,3.7199999999999998
HPMR,5,36,23,0.05,0.06,0.055,0.004152527332319144,6.531000000000001
HPMR,5,36,24,0.04,0.05,0.045,0.006785450900432584,11.2005
HPMR,5,36,25,0.03,0.04,0.035,0.009984313246874023,22.34
HPMR,5,36,26,0.02,0.03,0.025,0.0071807520305575195,58.34
HPMR,5,36,27,0.0159,0.02,0.01795,0.0031644158301891807,120.58000000000001
HPMR,5,36,28,0.0155,0.0159,0.0157,0.00032650209772572795,138.0
HPMR,5,36,29,0.0152,0.0155,0.015349999999999999,0.00023902086742167304,145.05
HPMR,5,36,30,0.015,0.0152,0.015099999999999999,0.00015674876116624552,109.69999999999999
HPMR,5,36,31,0.013,0.015,0.013999999999999999,0.0016802761091488224,136.85
HPMR,5,36,32,0.01,0.013,0.0115,0.0027079266074627423,98.805
HPMR,5,36,33,0.008,0.01,0.009000000000000001,0.0019711240638398872,179.64999999999998
HPMR,5,36,34,0.006,0.008,0.007,0.002197790297146254,347.95
HPMR,5,36,35,0.005,0.006,0.0055,0.0012543393433294664,598.8
HPMR,5,36,36,0.004,0.005,0.0045000000000000005,4.3849595514663535e-05,990.7
HPMR,5,36,37,0.00385,0.004,0.003925,2.9936966183208634e-09,1309.5
HPMR,5,36,38,0.0037,0.00385,0.003775,3.4183921628184595e-06,1339.5
HPMR,5,36,39,0.00355,0.0037,0.003625,7.620864722910508e-09,1513.5
HPMR,5,36,40,0.0033,0.00355,0.003425,7.430525815523528e-07,1540.5
HPMR,5,36,41,0.00307,0.0033,0.003185,3.3958683162800715e-07,1971.0
HPMR,5,36,42,0.003,0.00307,0.003035,5.815510813848319e-09,1911.0
HPMR,5,36,43,0.00259,0.003,0.0027949999999999997,4.111051966268356e-08,2211.5
HPMR,5,36,44,0.00253,0.00259,0.0025599999999999998,7.290407837249236e-12,1835.0
HPMR,5,36,45,0.00248,0.00253,0.0025050000000000003,1.0331561264747772e-12,1561.5
HPMR,5,36,46,0.002,0.00248,0.00224,2.9442254288796922e-09,1042.8
HPMR,5,36,47,0.0015,0.002,0.00175,4.983507644675748e-10,1820.5
HPMR,5,36,48,0.001,0.0015,0.00125,1.577853142174879e-11,3783.0
HPMR,15,0,1,15.0,20.0,17.5,3.1044398368809463e-19,0.05932
HPMR,15,0,2,10.0,15.0,12.5,5.4064141466160805e-11,0.05315
HPMR,15,0,3,8.0,10.0,9.0,1.148806923021616e-06,0.048235
HPMR,15,0,4,6.0,8.0,7.0,0.0015559330892906513,0.045329999999999995
HPMR,15,0,5,5.0,6.0,5.5,0.010337430258140712,0.043315
HPMR,15,0,6,4.0,5.0,4.5,0.023357223358007592,0.042345
HPMR,15,0,7,3.0,4.0,3.5,0.055297129173768216,0.042155
HPMR,15,0,8,2.0,3.0,2.5,0.14479730557612328,0.0442
HPMR,15,0,9,1.5,2.0,1.75,0.11842561374943711,0.04914
HPMR,15,0,10,1.25,1.5,1.375,0.10123566572672911,0.05549
HPMR,15,0,11,1.0,1.25,1.125,0.09379904211841696,0.06489
HPMR,15,0,12,0.8,1.0,0.9,0.11851824439292426,0.07986
HPMR,15,0,13,0.6,0.8,0.7,0.11789628243352619,0.10675
HPMR,15,0,14,0.5,0.6,0.55,0.05172210977775119,0.1431
HPMR,15,0,15,0.4,0.5,0.45,0.039021242768275975,0.19685
HPMR,15,0,16,0.3,0.4,0.35,0.034282217919841755,0.3177
HPMR,15,0,17,0.2,0.3,0.25,0.03381532582678595,0.7008000000000001
HPMR,15,0,18,0.15,0.2,0.175,0.012368948326303815,1.5062499999999999
HPMR,15,0,19,0.1,0.15,0.125,0.017710586452802244,3.7815000000000003
HPMR,15,0,20,0.088,0.1,0.094,0.003457958939228373,6.616
HPMR,15,0,21,0.08,0.088,0.08399999999999999,0.0020590137594730723,2.1645
HPMR,15,0,22,0.06,0.08,0.07,0.006449336112077416,3.7199999999999998
HPMR,15,0,23,0.05,0.06,0.055,0.0014748368770914101,6.531000000000001
HPMR,15,0,24,0.04,0.05,0.045,0.0023078770596203146,11.2005
HPMR,15,0,25,0.03,0.04,0.035,0.002920155331162396,22.34
HPMR,15,0,26,0.02,0.03,0.025,0.002536920580105585,58.34
HPMR,15,0,27,0.0159,0.02,0.01795,0.0016344319980685232,120.58000000000001
HPMR,15,0,28,0.0155,0.0159,0.0157,0.0001000870270531104,138.0
HPMR,15,0,29,0.0152,0.0155,0.015349999999999999,6.034167624349616e-05,145.05
HPMR,15,0,30,0.015,0.0152,0.015099999999999999,3.9742920540461186e-05,109.69999999999999
HPMR,15,0,31,0.013,0.015,0.013999999999999999,0.0008175126320787683,136.85
HPMR,15,0,32,0.01,0.013,0.0115,0.0006589730891610909,98.805
HPMR,15,0,33,0.008,0.01,0.009000000000000001,0.00047030755593472815,179.64999999999998
HPMR,15,0,34,0.006,0.008,0.007,0.0005098723377462712,347.95
HPMR,15,0,35,0.005,0.006,0.0055,0.0002966433264149768,598.8
HPMR,15,0,36,0.004,0.005,0.0045000000000000005,2.438186222168681e-05,990.7
HPMR,15,0,37,0.00385,0.004,0.003925,3.219714045842119e-06,1309.5
HPMR,15,0,38,0.0037,0.00385,0.003775,7.478438258528079e-07,1339.5
HPMR,15,0,39,0.00355,0.0037,0.003625,4.395985347090386e-07,1513.5
HPMR,15,0,40,0.0033,0.00355,0.003425,2.865071878730314e-05,1540.5
HPMR,15,0,41,0.00307,0.0033,0.003185,9.074734379575157e-08,1971.0
HPMR,15,0,42,0.003,0.00307,0.003035,1.2818689262171461e-09,1911.0
HPMR,15,0,43,0.00259,0.003,0.0027949999999999997,1.2421057035820679e-06,2211.5
HPMR,15,0,44,0.00253,0.00259,0.0025599999999999998,9.17813205012919e-07,1835.0
HPMR,15,0,45,0.00248,0.00253,0.0025050000000000003,2.043823081716304e-09,1561.5
HPMR,15,0,46,0.002,0.00248,0.00224,4.338292159475498e-06,1042.8
HPMR,15,0,47,0.0015,0.002,0.00175,4.918070254690151e-07,1820.5
HPMR,15,0,48,0.001,0.0015,0.00125,1.514034314373282e-08,3783.0
HPMR,15,1,1,15.0,20.0,17.5,2.8444032491839577e-33,0.05932
HPMR,15,1,2,10.0,15.0,12.5,1.5705034310654552e-13,0.05315
HPMR,15,1,3,8.0,10.0,9.0,1.5464348763652607e-12,0.048235
HPMR,15,1,4,6.0,8.0,7.0,1.0664748366570269e-11,0.045329999999999995
HPMR,15,1,5,5.0,6.0,5.5,1.8693768256365637e-11,0.043315
HPMR,15,1,6,4.0,5.0,4.5,4.560567799398161e-11,0.042345
HPMR,15,1,7,3.0,4.0,3.5,0.00010843670051259489,0.042155
HPMR,15,1,8,2.0,3.0,2.5,0.01739124419396382,0.0442
HPMR,15,1,9,1.5,2.0,1.75,0.1606344210175125,0.04914
HPMR,15,1,10,1.25,1.5,1.375,0.003842371399786871,0.05549
HPMR,15,1,11,1.0,1.25,1.125,0.00811542680748581,0.06489
HPMR,15,1,12,0.8,1.0,0.9,0.04016158862631751,0.07986
HPMR,15,1,13,0.6,0.8,0.7,0.5581001950179774,0.10675
HPMR,15,1,14,0.5,0.6,0.55,0.027532652680193684,0.1431
HPMR,15,1,15,0.4,0.5,0.45,0.09116055803331959,0.19685
HPMR,15,1,16,0.3,0.4,0.35,0.02130494438839612,0.3177
HPMR,15,1,17,0.2,0.3,0.25,0.009842910028943025,0.7008000000000001
HPMR,15,1,18,0.15,0.2,0.175,0.007375580803395447,1.5062499999999999
HPMR,15,1,19,0.1,0.15,0.125,0.024892005671302495,3.7815000000000003
HPMR,15,1,20,0.088,0.1,0.094,0.002918211870964407,6.616
HPMR,15,1,21,0.08,0.088,0.08399999999999999,0.002298641312927198,2.1645
HPMR,15,1,22,0.06,0.08,0.07,0.004540716281250129,3.7199999999999998
HPMR,15,1,23,0.05,0.06,0.055,0.0018480013688492224,6.531000000000001
HPMR,15,1,24,0.04,0.05,0.045,0.003210140459450665,11.2005
HPMR,15,1,25,0.03,0.04,0.035,0.005022788870818144,22.34
HPMR,15,1,26,0.02,0.03,0.025,0.00362721585657705,58.34
HPMR,15,1,27,0.0159,0.02,0.01795,0.0014025289474969608,120.58000000000001
HPMR,15,1,28,0.0155,0.0159,0.0157,0.00013893442174216962,138.0
HPMR,15,1,29,0.0152,0.0155,0.015349999999999999,0.00010186363466614358,145.05
HPMR,15,1,30,0.015,0.0152,0.015099999999999999,6.680389023545427e-05,109.69999999999999
HPMR,15,1,31,0.013,0.015,0.013999999999999999,0.0007475652774043391,136.85
HPMR,15,1,32,0.01,0.013,0.0115,0.0011581530500376672,98.805
HPMR,15,1,33,0.008,0.01,0.009000000000000001,0.0008451328282566789,179.64999999999998
HPMR,15,1,34,0.006,0.008,0.007,0.0009504861735540796,347.95
HPMR,15,1,35,0.005,0.006,0.0055,0.0006141230821392342,598.8
HPMR,15,1,36,0.004,0.005,0.0045000000000000005,2.5908408238382233e-05,990.7
HPMR,15,1,37,0.00385,0.004,0.003925,2.235261793445945e-06,1309.5
HPMR,15,1,38,0.0037,0.00385,0.003775,6.531788476719643e-07,1339.5
HPMR,15,1,39,0.00355,0.0037,0.003625,3.6922049858512775e-08,1513.5
HPMR,15,1,40,0.0033,0.00355,0.003425,1.8294173806170584e-06,1540.5
HPMR,15,1,41,0.00307,0.0033,0.003185,5.203265537341174e-07,1971.0
HPMR,15,1,42,0.003,0.00307,0.003035,6.251054386698381e-10,1911.0
HPMR,15,1,43,0.00259,0.003,0.0027949999999999997,1.370898512510507e-05,2211.5
HPMR,15,1,44,0.00253,0.00259,0.0025599999999999998,1.1849166378108913e-09,1835.0
HPMR,15,1,45,0.00248,0.00253,0.0025050000000000003,3.295745898301171e-09,1561.5
HPMR,15,1,46,0.002,0.00248,0.00224,1.4372976478686279e-06,1042.8
HPMR,15,1,47,0.0015,0.002,0.00175,2.2310179468621663e-08,1820.5
HPMR,15,1,48,0.001,0.0015,0.00125,1.4271806304637944e-11,3783.0
HPMR,15,2,1,15.0,20.0,17.5,9.690189461814046e-49,0.05932
HPMR,15,2,2,10.0,15.0,12.5,2.2440976392497059e-13,0.05315
HPMR,15,2,3,8.0,10.0,9.0,2.2098446018174237e-12,0.048235
HPMR,15,2,4,6.0,8.0,7.0,1.5240726727041533e-11,0.045329999999999995
HPMR,15,2,5,5.0,6.0,5.5,2.6715494266855864e-11,0.043315
HPMR,15,2,6,4.0,5.0,4.5,6.518162944220017e-11,0.042345
HPMR,15,2,7,3.0,4.0,3.5,4.9624233448749967e-05,0.042155
HPMR,15,2,8,2.0,3.0,2.5,0.012574640459402807,0.0442
HPMR,15,2,9,1.5,2.0,1.75,0.051916497401489764,0.04914
HPMR,15,2,10,1.25,1.5,1.375,0.0051649481462276246,0.05549
HPMR,15,2,11,1.0,1.25,1.125,0.008755617511374277,0.06489
HPMR,15,2,12,0.8,1.0,0.9,0.018354662730983417,0.07986
HPMR,15,2,13,0.6,0.8,0.7,0.7119550078209441,0.10675
HPMR,15,2,14,0.5,0.6,0.55,0.023213641644201845,0.1431
HPMR,15,2,15,0.4,0.5,0.45,0.07406685959380165,0.19685
HPMR,15,2,16,0.3,0.4,0.35,0.013827805096152362,0.3177
HPMR,15,2,17,0.2,0.3,0.25,0.011505283647153022,0.7008000000000001
HPMR,15,2,18,0.15,0.2,0.175,0.008429331145460031,1.5062499999999999
HPMR,15,2,19,0.1,0.15,0.125,0.026630475874588125,3.7815000000000003
HPMR,15,2,20,0.088,0.1,0.094,0.0029281937685701398,6.616
HPMR,15,2,21,0.08,0.088,0.08399999999999999,0.0024827594597461593,2.1645
HPMR,15,2,22,0.06,0.08,0.07,0.005595115349994491,3.7199999999999998
HPMR,15,2,23,0.05,0.06,0.055,0.0021614196772481923,6.531000000000001
HPMR,15,2,24,0.04,0.05,0.045,0.0037944645934255626,11.2005
HPMR,15,2,25,0.03,0.04,0.035,0.005356158712867815,22.34
HPMR,15,2,26,0.02,0.03,0.025,0.00401946269755558,58.34
HPMR,15,2,27,0.0159,0.02,0.01795,0.0016815198173376464,120.58000000000001
HPMR,15,2,28,0.0155,0.0159,0.0157,0.00016870308840869196,138.0
HPMR,15,2,29,0.0152,0.0155,0.015349999999999999,0.0001236853066196558,145.05
HPMR,15,2,30,0.015,0.0152,0.015099999999999999,8.111327445882988e-05,109.69999999999999
HPMR,15,2,31,0.013,0.015,0.013999999999999999,0.0008727529115541028,136.85
HPMR,15,2,32,0.01,0.013,0.0115,0.0014031015216864715,98.805
HPMR,15,2,33,0.008,0.01,0.009000000000000001,0.0010222844236244658,179.64999999999998
HPMR,15,2,34,0.006,0.008,0.007,0.00114210410881227,347.95
HPMR,15,2,35,0.005,0.006,0.0055,0.0006941619190483163,598.8
HPMR,15,2,36,0.004,0.005,0.0045000000000000005,1.1816134164281012e-05,990.7
HPMR,15,2,37,0.00385,0.004,0.003925,7.504253454263245e-07,1309.5
HPMR,15,2,38,0.0037,0.00385,0.003775,8.030200503828626e-07,1339.5
HPMR,15,2,39,0.00355,0.0037,0.003625,8.245474831382926e-09,1513.5
HPMR,15,2,40,0.0033,0.00355,0.003425,3.2748131073180307e-07,1540.5
HPMR,15,2,41,0.00307,0.0033,0.003185,4.99518484290833e-07,1971.0
HPMR,15,2,42,0.003,0.00307,0.003035,9.464531252904518e-10,1911.0
HPMR,15,2,43,0.00259,0.003,0.0027949999999999997,1.2948922455494907e-05,2211.5
HPMR,15,2,44,0.00253,0.00259,0.0025599999999999998,3.1564289075777696e-12,1835.0
HPMR,15,2,45,0.00248,0.00253,0.0025050000000000003,3.820198981910927e-09,1561.5
HPMR,15,2,46,0.002,0.00248,0.00224,1.4195472467367721e-06,1042.8
HPMR,15,2,47,0.0015,0.002,0.00175,2.586886624651663e-08,1820.5
HPMR,15,2,48,0.001,0.0015,0.00125,2.1034778649665562e-11,3783.0
HPMR,15,3,1,15.0,20.0,17.5,2.7997278569386855e-64,0.05932
HPMR,15,3,2,10.0,15.0,12.5,2.7236802424846784e-13,0.05315
HPMR,15,3,3,8.0,10.0,9.0,2.682158957238471e-12,0.048235
HPMR,15,3,4,6.0,8.0,7.0,1.849886689438068e-11,0.045329999999999995
HPMR,15,3,5,5.0,6.0,5.5,3.242889757506447e-11,0.043315
HPMR,15,3,6,4.0,5.0,4.5,7.91241640689888e-11,0.042345
HPMR,15,3,7,3.0,4.0,3.5,3.317411759298401e-05,0.042155
HPMR,15,3,8,2.0,3.0,2.5,0.012304703623312136,0.0442
HPMR,15,3,9,1.5,2.0,1.75,0.015687167154794242,0.04914
HPMR,15,3,10,1.25,1.5,1.375,0.006498692265411889,0.05549
HPMR,15,3,11,1.0,1.25,1.125,0.00962382407035222,0.06489
HPMR,15,3,12,0.8,1.0,0.9,0.0119305899845817,0.07986
HPMR,15,3,13,0.6,0.8,0.7,0.7612517009481018,0.10675
HPMR,15,3,14,0.5,0.6,0.55,0.023667572248165732,0.1431
HPMR,15,3,15,0.4,0.5,0.45,0.058697749326488455,0.19685
HPMR,15,3,16,0.3,0.4,0.35,0.013314333858799113,0.3177
HPMR,15,3,17,0.2,0.3,0.25,0.013220510878371956,0.7008000000000001
HPMR,15,3,18,0.15,0.2,0.175,0.009544575746912693,1.5062499999999999
HPMR,15,3,19,0.1,0.15,0.125,0.026715807899044628,3.7815000000000003
HPMR,15,3,20,0.088,0.1,0.094,0.003219438408977935,6.616
HPMR,15,3,21,0.08,0.088,0.08399999999999999,0.002901319591180967,2.1645
HPMR,15,3,22,0.06,0.08,0.07,0.006405480409365211,3.7199999999999998
HPMR,15,3,23,0.05,0.06,0.055,0.002454002924141619,6.531000000000001
HPMR,15,3,24,0.04,0.05,0.045,0.0042449842578269675,11.2005
HPMR,15,3,25,0.03,0.04,0.035,0.00579488361828164,22.34
HPMR,15,3,26,0.02,0.03,0.025,0.004369803115105644,58.34
HPMR,15,3,27,0.0159,0.02,0.01795,0.0018983706598381307,120.58000000000001
HPMR,15,3,28,0.0155,0.0159,0.0157,0.00019103989066193965,138.0
HPMR,15,3,29,0.0152,0.0155,0.015349999999999999,0.00014005810983178565,145.05
HPMR,15,3,30,0.015,0.0152,0.015099999999999999,9.184958506076555e-05,109.69999999999999
HPMR,15,3,31,0.013,0.015,0.013999999999999999,0.0009825930377158963,136.85
HPMR,15,3,32,0.01,0.013,0.0115,0.0015863707358921327,98.805
HPMR,15,3,33,0.008,0.01,0.009000000000000001,0.0011545660763290309,179.64999999999998
HPMR,15,3,34,0.006,0.008,0.007,0.0012870543247537768,347.95
HPMR,15,3,35,0.005,0.006,0.0055,0.0007660211090627869,598.8
HPMR,15,3,36,0.004,0.005,0.0045000000000000005,8.317446784071857e-06,990.7
HPMR,15,3,37,0.00385,0.004,0.003925,2.8293871739940554e-07,1309.5
HPMR,15,3,38,0.0037,0.00385,0.003775,8.922591818092181e-07,1339.5
HPMR,15,3,39,0.00355,0.0037,0.003625,2.225780942370615e-09,1513.5
HPMR,15,3,40,0.0033,0.00355,0.003425,2.4900975128207576e-07,1540.5
HPMR,15,3,41,0.00307,0.0033,0.003185,4.113775237817643e-07,1971.0
HPMR,15,3,42,0.003,0.00307,0.003035,1.216297200871822e-09,1911.0
HPMR,15,3,43,0.00259,0.003,0.0027949999999999997,1.0376355597946092e-05,2211.5
HPMR,15,3,44,0.00253,0.00259,0.0025599999999999998,2.741461411941152e-12,1835.0
HPMR,15,3,45,0.00248,0.00253,0.0025050000000000003,3.755094556086034e-09,1561.5
HPMR,15,3,46,0.002,0.00248,0.00224,1.1998423911498967e-06,1042.8
HPMR,15,3,47,0.0015,0.002,0.00175,2.543486481809562e-08,1820.5
HPMR,15,3,48,0.001,0.0015,0.00125,2.6311322697577978e-11,3783.0
HPMR,15,4,1,15.0,20.0,17.5,7.676304493554812e-80,0.05932
HPMR,15,4,2,10.0,15.0,12.5,3.1420216581639624e-13,0.05315
HPMR,15,4,3,8.0,10.0,9.0,3.094309687598958e-12,0.048235
HPMR,15,4,4,6.0,8.0,7.0,2.13435028743952e-11,0.045329999999999995
HPMR,15,4,5,5.0,6.0,5.5,3.7417352520259817e-11,0.043315
HPMR,15,4,6,4.0,5.0,4.5,9.130225788783525e-11,0.042345
HPMR,15,4,7,3.0,4.0,3.5,3.266193082985967e-05,0.042155
HPMR,15,4,8,2.0,3.0,2.5,0.013844869860192226,0.0442
HPMR,15,4,9,1.5,2.0,1.75,0.006204996248063116,0.04914
HPMR,15,4,10,1.25,1.5,1.375,0.007864984681624079,0.05549
HPMR,15,4,11,1.0,1.25,1.125,0.010790861125846436,0.06489
HPMR,15,4,12,0.8,1.0,0.9,0.011299020850405914,0.07986
HPMR,15,4,13,0.6,0.8,0.7,0.7667009511658347,0.10675
HPMR,15,4,14,0.5,0.6,0.55,0.026229099708082834,0.1431
HPMR,15,4,15,0.4,0.5,0.45,0.04753719312763435,0.19685
HPMR,15,4,16,0.3,0.4,0.35,0.01462410485043798,0.3177
HPMR,15,4,17,0.2,0.3,0.25,0.014969006559636473,0.7008000000000001
HPMR,15,4,18,0.15,0.2,0.175,0.010804423401018932,1.5062499999999999
HPMR,15,4,19,0.1,0.15,0.125,0.02732514717652128,3.7815000000000003
HPMR,15,4,20,0.088,0.1,0.094,0.0036069296415666293,6.616
HPMR,15,4,21,0.08,0.088,0.08399999999999999,0.0033263641880148754,2.1645
HPMR,15,4,22,0.06,0.08,0.07,0.007214177060292114,3.7199999999999998
HPMR,15,4,23,0.05,0.06,0.055,0.0027516210693281948,6.531000000000001
HPMR,15,4,24,0.04,0.05,0.045,0.004719195094290852,11.2005
HPMR,15,4,25,0.03,0.04,0.035,0.006342355424977543,22.34
HPMR,15,4,26,0.02,0.03,0.025,0.004775850222040733,58.34
HPMR,15,4,27,0.0159,0.02,0.01795,0.0021134097940976562,120.58000000000001
HPMR,15,4,28,0.0155,0.0159,0.0157,0.00021335535747055368,138.0
HPMR,15,4,29,0.0152,0.0155,0.015349999999999999,0.00015641268678864747,145.05
HPMR,15,4,30,0.015,0.0152,0.015099999999999999,0.00010257683259537791,109.69999999999999
HPMR,15,4,31,0.013,0.015,0.013999999999999999,0.0010958545323062879,136.85
HPMR,15,4,32,0.01,0.013,0.0115,0.0017694785536439331,98.805
HPMR,15,4,33,0.008,0.01,0.009000000000000001,0.0012867523509769803,179.64999999999998
HPMR,15,4,34,0.006,0.008,0.007,0.0014328572092704227,347.95
HPMR,15,4,35,0.005,0.006,0.0055,0.0008467467476441819,598.8
HPMR,15,4,36,0.004,0.005,0.0045000000000000005,8.13116844890086e-06,990.7
HPMR,15,4,37,0.00385,0.004,0.003925,1.324962784492264e-07,1309.5
HPMR,15,4,38,0.0037,0.00385,0.003775,9.88734689352835e-07,1339.5
HPMR,15,4,39,0.00355,0.0037,0.003625,1.1503788507142138e-09,1513.5
HPMR,15,4,40,0.0033,0.00355,0.003425,2.676731774711458e-07,1540.5
HPMR,15,4,41,0.00307,0.0033,0.003185,3.2733414801743757e-07,1971.0
HPMR,15,4,42,0.003,0.00307,0.003035,1.4846386568300729e-09,1911.0
HPMR,15,4,43,0.00259,0.003,0.0027949999999999997,7.894715004671671e-06,2211.5
HPMR,15,4,44,0.00253,0.00259,0.0025599999999999998,3.2872176737830837e-12,1835.0
HPMR,15,4,45,0.00248,0.00253,0.0025050000000000003,3.502710423122455e-09,1561.5
HPMR,15,4,46,0.002,0.00248,0.00224,9.703643322750414e-07,1042.8
HPMR,15,4,47,0.0015,0.002,0.00175,2.3736762102010606e-08,1820.5
HPMR,15,4,48,0.001,0.0015,0.00125,3.123862963372333e-11,3783.0
HPMR,15,5,1,15.0,20.0,17.5,2.0600290962025413e-95,0.05932
HPMR,15,5,2,10.0,15.0,12.5,3.5541596956450715e-13,0.05315
HPMR,15,5,3,8.0,10.0,9.0,3.5001662893772245e-12,0.048235
HPMR,15,5,4,6.0,8.0,7.0,2.4144486393900924e-11,0.045329999999999995
HPMR,15,5,5,5.0,6.0,5.5,4.2333497209044264e-11,0.043315
HPMR,15,5,6,4.0,5.0,4.5,1.0330561575382657e-10,0.042345
HPMR,15,5,7,3.0,4.0,3.5,3.698548329347539e-05,0.042155
HPMR,15,5,8,2.0,3.0,2.5,0.016035296133901696,0.0442
HPMR,15,5,9,1.5,2.0,1.75,0.004182030178223661,0.04914
HPMR,15,5,10,1.25,1.5,1.375,0.009358773453517525,0.05549
HPMR,15,5,11,1.0,1.25,1.125,0.012229485014062149,0.06489
HPMR,15,5,12,0.8,1.0,0.9,0.012451745444403974,0.07986
HPMR,15,5,13,0.6,0.8,0.7,0.7549442366343018,0.10675
HPMR,15,5,14,0.5,0.6,0.55,0.029830425053424443,0.1431
HPMR,15,5,15,0.4,0.5,0.45,0.03971397111791352,0.19685
HPMR,15,5,16,0.3,0.4,0.35,0.016530211796240007,0.3177
HPMR,15,5,17,0.2,0.3,0.25,0.01689910461176622,0.7008000000000001
HPMR,15,5,18,0.15,0.2,0.175,0.012233821977789187,1.5062499999999999
HPMR,15,5,19,0.1,0.15,0.125,0.02887629303347616,3.7815000000000003
HPMR,15,5,20,0.088,0.1,0.094,0.0040584173929074764,6.616
HPMR,15,5,21,0.08,0.088,0.08399999999999999,0.0037894941002767635,2.1645
HPMR,15,5,22,0.06,0.08,0.07,0.008111054079121596,3.7199999999999998
HPMR,15,5,23,0.05,0.06,0.055,0.0030841331871253944,6.531000000000001
HPMR,15,5,24,0.04,0.05,0.045,0.005267927041587944,11.2005
HPMR,15,5,25,0.03,0.04,0.035,0.007032892065115119,22.34
HPMR,15,5,26,0.02,0.03,0.025,0.005265790818132312,58.34
HPMR,15,5,27,0.0159,0.02,0.01795,0.002353006264943668,120.58000000000001
HPMR,15,5,28,0.0155,0.0159,0.0157,0.00023828689484049789,138.0
HPMR,15,5,29,0.0152,0.0155,0.015349999999999999,0.0001746859597831134,145.05
HPMR,15,5,30,0.015,0.0152,0.015099999999999999,0.00011456205098384844,109.69999999999999
HPMR,15,5,31,0.013,0.015,0.013999999999999999,0.0012232617663894736,136.85
HPMR,15,5,32,0.01,0.013,0.0115,0.0019742948502808467,98.805
HPMR,15,5,33,0.008,0.01,0.009000000000000001,0.001434724949184744,179.64999999999998
HPMR,15,5,34,0.006,0.008,0.007,0.0015965589298725313,347.95
HPMR,15,5,35,0.005,0.006,0.0055,0.0009410265041040353,598.8
HPMR,15,5,36,0.004,0.005,0.0045000000000000005,9.068612658840991e-06,990.7
HPMR,15,5,37,0.00385,0.004,0.003925,7.692068974121343e-08,1309.5
HPMR,15,5,38,0.0037,0.00385,0.003775,1.11199965017298e-06,1339.5
HPMR,15,5,39,0.00355,0.0037,0.003625,1.1026353927901217e-09,1513.5
HPMR,15,5,40,0.0033,0.00355,0.003425,2.9708201530207923e-07,1540.5
HPMR,15,5,41,0.00307,0.0033,0.003185,2.620906177505501e-07,1971.0
HPMR,15,5,42,0.003,0.00307,0.003035,1.7751566732296603e-09,1911.0
HPMR,15,5,43,0.00259,0.003,0.0027949999999999997,5.88346750044789e-06,2211.5
HPMR,15,5,44,0.00253,0.00259,0.0025599999999999998,3.8654759843260425e-12,1835.0
HPMR,15,5,45,0.00248,0.00253,0.0025050000000000003,3.1978146839334174e-09,1561.5
HPMR,15,5,46,0.002,0.00248,0.00224,7.750643074309151e-07,1042.8
HPMR,15,5,47,0.0015,0.002,0.00175,2.168618065685461e-08,1820.5
HPMR,15,5,48,0.001,0.0015,0.00125,3.6305045943111065e-11,3783.0
HPMR,15,6,1,15.0,20.0,17.5,5.4415938182403054e-111,0.05932
HPMR,15,6,2,10.0,15.0,12.5,3.9649810922109306e-13,0.05315
HPMR,15,6,3,8.0,10.0,9.0,3.904938574704675e-12,0.048235
HPMR,15,6,4,6.0,8.0,7.0,2.6939979440247607e-11,0.045329999999999995
HPMR,15,6,5,5.0,6.0,5.5,4.723677487707143e-11,0.043315
HPMR,15,6,6,4.0,5.0,4.5,1.1528216843253577e-10,0.042345
HPMR,15,6,7,3.0,4.0,3.5,4.28833358108518e-05,0.042155
HPMR,15,6,8,2.0,3.0,2.5,0.018490528253411163,0.0442
HPMR,15,6,9,1.5,2.0,1.75,0.004100772023281344,0.04914
HPMR,15,6,10,1.25,1.5,1.375,0.010986060364292323,0.05549
HPMR,15,6,11,1.0,1.25,1.125,0.01388581267761591,0.06489
HPMR,15,6,12,0.8,1.0,0.9,0.01420622365360758,0.07986
HPMR,15,6,13,0.6,0.8,0.7,0.7349218404646386,0.10675
HPMR,15,6,14,0.5,0.6,0.55,0.03408429027475833,0.1431
HPMR,15,6,15,0.4,0.5,0.45,0.03435473118644773,0.19685
HPMR,15,6,16,0.3,0.4,0.35,0.018711230856358743,0.3177
HPMR,15,6,17,0.2,0.3,0.25,0.01901197826441413,0.7008000000000001
HPMR,15,6,18,0.15,0.2,0.175,0.013806926650310334,1.5062499999999999
HPMR,15,6,19,0.1,0.15,0.125,0.03121836535958442,3.7815000000000003
HPMR,15,6,20,0.088,0.1,0.094,0.00455876736183426,6.616
HPMR,15,6,21,0.08,0.088,0.08399999999999999,0.0042918277418426696,2.1645
HPMR,15,6,22,0.06,0.08,0.07,0.009098545029592613,3.7199999999999998
HPMR,15,6,23,0.05,0.06,0.055,0.0034521595189968683,6.531000000000001
HPMR,15,6,24,0.04,0.05,0.045,0.005886929954987641,11.2005
HPMR,15,6,25,0.03,0.04,0.035,0.00784538923220996,22.34
HPMR,15,6,26,0.02,0.03,0.025,0.005829721986259144,58.34
HPMR,15,6,27,0.0159,0.02,0.01795,0.002618247747725523,120.58000000000001
HPMR,15,6,28,0.0155,0.0159,0.0157,0.0002659173283871132,138.0
HPMR,15,6,29,0.0152,0.0155,0.015349999999999999,0.00019493719634237336,145.05
HPMR,15,6,30,0.015,0.0152,0.015099999999999999,0.0001278397543385354,109.69999999999999
HPMR,15,6,31,0.013,0.015,0.013999999999999999,0.001364719358711079,136.85
HPMR,15,6,32,0.01,0.013,0.0115,0.0022014460686743003,98.805
HPMR,15,6,33,0.008,0.01,0.009000000000000001,0.0015989422245080494,179.64999999999998
HPMR,15,6,34,0.006,0.008,0.007,0.0017784529506890158,347.95
HPMR,15,6,35,0.005,0.006,0.0055,0.001047198196284661,598.8
HPMR,15,6,36,0.004,0.005,0.0045000000000000005,1.049253689832307e-05,990.7
HPMR,15,6,37,0.00385,0.004,0.003925,5.102243956122515e-08,1309.5
HPMR,15,6,38,0.0037,0.00385,0.003775,1.262313261806648e-06,1339.5
HPMR,15,6,39,0.00355,0.0037,0.003625,1.296360382054981e-09,1513.5
HPMR,15,6,40,0.0033,0.00355,0.003425,3.315608251414684e-07,1540.5
HPMR,15,6,41,0.00307,0.0033,0.003185,2.1507170940483274e-07,1971.0
HPMR,15,6,42,0.003,0.00307,0.003035,2.091089062448253e-09,1911.0
HPMR,15,6,43,0.00259,0.003,0.0027949999999999997,4.32123538318114e-06,2211.5
HPMR,15,6,44,0.00253,0.00259,0.0025599999999999998,4.4821097533791225e-12,1835.0
HPMR,15,6,45,0.00248,0.00253,0.0025050000000000003,2.873711010637347e-09,1561.5
HPMR,15,6,46,0.002,0.00248,0.00224,6.152358528725125e-07,1042.8
HPMR,15,6,47,0.0015,0.002,0.00175,1.9506776385965834e-08,1820.5
HPMR,15,6,48,0.001,0.0015,0.00125,4.1535053269581574e-11,3783.0
HPMR,15,7,1,15.0,20.0,17.5,0.0,0.05932
HPMR,15,7,2,10.0,15.0,12.5,4.3610263780269104e-13,0.05315
HPMR,15,7,3,8.0,10.0,9.0,4.295242152349289e-12,0.048235
HPMR,15,7,4,6.0,8.0,7.0,2.963467600107997e-11,0.045329999999999995
HPMR,15,7,5,5.0,6.0,5.5,5.196724843161768e-11,0.043315
HPMR,15,7,6,4.0,5.0,4.5,1.268395763358712e-10,0.042345
HPMR,15,7,7,3.0,4.0,3.5,4.933566132320774e-05,0.042155
HPMR,15,7,8,2.0,3.0,2.5,0.021029580248940978,0.0442
HPMR,15,7,9,1.5,2.0,1.75,0.004515667831459702,0.04914
HPMR,15,7,10,1.25,1.5,1.375,0.012705144232375716,0.05549
HPMR,15,7,11,1.0,1.25,1.125,0.015686642794787792,0.06489
HPMR,15,7,12,0.8,1.0,0.9,0.01619881764383529,0.07986
HPMR,15,7,13,0.6,0.8,0.7,0.7103736815440772,0.10675
HPMR,15,7,14,0.5,0.6,0.55,0.03874694163631486,0.1431
HPMR,15,7,15,0.4,0.5,0.45,0.030840403920610663,0.19685
HPMR,15,7,16,0.3,0.4,0.35,0.021020856996737745,0.3177
HPMR,15,7,17,0.2,0.3,0.25,0.02123566708224233,0.7008000000000001
HPMR,15,7,18,0.15,0.2,0.175,0.015463382058711332,1.5062499999999999
HPMR,15,7,19,0.1,0.15,0.125,0.034079020341713,3.7815000000000003
HPMR,15,7,20,0.088,0.1,0.094,0.005088421305432544,6.616
HPMR,15,7,21,0.08,0.088,0.08399999999999999,0.004817119438659832,2.1645
HPMR,15,7,22,0.06,0.08,0.07,0.010142830650524688,3.7199999999999998
HPMR,15,7,23,0.05,0.06,0.055,0.0038427888686981652,6.531000000000001
HPMR,15,7,24,0.04,0.05,0.045,0.006549832108666063,11.2005
HPMR,15,7,25,0.03,0.04,0.035,0.00873594453518747,22.34
HPMR,15,7,26,0.02,0.03,0.025,0.006442012711434119,58.34
HPMR,15,7,27,0.0159,0.02,0.01795,0.002899905622929149,120.58000000000001
HPMR,15,7,28,0.0155,0.0159,0.0157,0.00029527510847763265,138.0
HPMR,15,7,29,0.0152,0.0155,0.015349999999999999,0.00021645245581314567,145.05
HPMR,15,7,30,0.015,0.0152,0.015099999999999999,0.00014194925232587194,109.69999999999999
HPMR,15,7,31,0.013,0.015,0.013999999999999999,0.001515028272900683,136.85
HPMR,15,7,32,0.01,0.013,0.0115,0.002442979491710818,98.805
HPMR,15,7,33,0.008,0.01,0.009000000000000001,0.0017736029147088796,179.64999999999998
HPMR,15,7,34,0.006,0.008,0.007,0.0019720830720890118,347.95
HPMR,15,7,35,0.005,0.006,0.0055,0.0011607770009274413,598.8
HPMR,15,7,36,0.004,0.005,0.0045000000000000005,1.2194059789853624e-05,990.7
HPMR,15,7,37,0.00385,0.004,0.003925,3.628966691505599e-08,1309.5
HPMR,15,7,38,0.0037,0.00385,0.003775,1.4342452873848253e-06,1339.5
HPMR,15,7,39,0.00355,0.0037,0.003625,1.5681245282487045e-09,1513.5
HPMR,15,7,40,0.0033,0.00355,0.003425,3.692664969500123e-07,1540.5
HPMR,15,7,41,0.00307,0.0033,0.003185,1.8328813388933303e-07,1971.0
HPMR,15,7,42,0.003,0.00307,0.003035,2.425513578068202e-09,1911.0
HPMR,15,7,43,0.00259,0.003,0.0027949999999999997,3.128632784998767e-06,2211.5
HPMR,15,7,44,0.00253,0.00259,0.0025599999999999998,5.122293693737692e-12,1835.0
HPMR,15,7,45,0.00248,0.00253,0.0025050000000000003,2.5405933381088974e-09,1561.5
HPMR,15,7,46,0.002,0.00248,0.00224,4.853463996639377e-07,1042.8
HPMR,15,7,47,0.0015,0.002,0.00175,1.7268550061517607e-08,1820.5
HPMR,15,7,48,0.001,0.0015,0.00125,4.6748453760381744e-11,3783.0
HPMR,15,8,1,15.0,20.0,17.5,0.0,0.05932
HPMR,15,8,2,10.0,15.0,12.5,4.723414450028005e-13,0.05315
HPMR,15,8,3,8.0,10.0,9.0,4.652403357413946e-12,0.048235
HPMR,15,8,4,6.0,8.0,7.0,3.21021823075075e-11,0.045329999999999995
HPMR,15,8,5,5.0,6.0,5.5,5.629936806023837e-11,0.043315
HPMR,15,8,6,4.0,5.0,4.5,1.3742981656796054e-10,0.042345
HPMR,15,8,7,3.0,4.0,3.5,5.586298557997553e-05,0.042155
HPMR,15,8,8,2.0,3.0,2.5,0.023509614702447678,0.0442
HPMR,15,8,9,1.5,2.0,1.75,0.0050432448047815935,0.04914
HPMR,15,8,10,1.25,1.5,1.375,0.01445179522961695,0.05549
HPMR,15,8,11,1.0,1.25,1.125,0.0175455242368376,0.06489
HPMR,15,8,12,0.8,1.0,0.9,0.018266734741380082,0.07986
HPMR,15,8,13,0.6,0.8,0.7,0.6837340295558239,0.10675
HPMR,15,8,14,0.5,0.6,0.55,0.0435795395124213,0.1431
HPMR,15,8,15,0.4,0.5,0.45,0.02870689072864096,0.19685
HPMR,15,8,16,0.3,0.4,0.35,0.023334799618762808,0.3177
HPMR,15,8,17,0.2,0.3,0.25,0.023466369591791002,0.7008000000000001
HPMR,15,8,18,0.15,0.2,0.175,0.017125456957413434,1.5062499999999999
HPMR,15,8,19,0.1,0.15,0.125,0.037170483067311993,3.7815000000000003
HPMR,15,8,20,0.088,0.1,0.094,0.0056210885942919,6.616
HPMR,15,8,21,0.08,0.088,0.08399999999999999,0.0053410070485212895,2.1645
HPMR,15,8,22,0.06,0.08,0.07,0.011194979736904684,3.7199999999999998
HPMR,15,8,23,0.05,0.06,0.055,0.004237155942141147,6.531000000000001
HPMR,15,8,24,0.04,0.05,0.045,0.007222012107138868,11.2005
HPMR,15,8,25,0.03,0.04,0.035,0.00965204660699042,22.34
HPMR,15,8,26,0.02,0.03,0.025,0.007069789317627367,58.34
HPMR,15,8,27,0.0159,0.02,0.01795,0.0031845057363206093,120.58000000000001
HPMR,15,8,28,0.0155,0.0159,0.0157,0.00032495697088988465,138.0
HPMR,15,8,29,0.0152,0.0155,0.015349999999999999,0.00023820004518499124,145.05
HPMR,15,8,30,0.015,0.0152,0.015099999999999999,0.0001562137104144785,109.69999999999999
HPMR,15,8,31,0.013,0.015,0.013999999999999999,0.0016671016367306698,136.85
HPMR,15,8,32,0.01,0.013,0.0115,0.0026872695226164488,98.805
HPMR,15,8,33,0.008,0.01,0.009000000000000001,0.0019503702161108873,179.64999999999998
HPMR,15,8,34,0.006,0.008,0.007,0.0021681054168935557,347.95
HPMR,15,8,35,0.005,0.006,0.0055,0.0012759325748883496,598.8
HPMR,15,8,36,0.004,0.005,0.0045000000000000005,1.4065432927347019e-05,990.7
HPMR,15,8,37,0.00385,0.004,0.003925,2.692749857548758e-08,1309.5
HPMR,15,8,38,0.0037,0.00385,0.003775,1.61999696547078e-06,1339.5
HPMR,15,8,39,0.00355,0.0037,0.003625,1.8783690725543687e-09,1513.5
HPMR,15,8,40,0.0033,0.00355,0.003425,4.082753861144129e-07,1540.5
HPMR,15,8,41,0.00307,0.0033,0.003185,1.6383366665079592e-07,1971.0
HPMR,15,8,42,0.003,0.00307,0.003035,2.7667270405707067e-09,1911.0
HPMR,15,8,43,0.00259,0.003,0.0027949999999999997,2.2323605748567238e-06,2211.5
HPMR,15,8,44,0.00253,0.00259,0.0025599999999999998,5.7618883843921246e-12,1835.0
HPMR,15,8,45,0.00248,0.00253,0.0025050000000000003,2.206628947741263e-09,1561.5
HPMR,15,8,46,0.002,0.00248,0.00224,3.800906604400828e-07,1042.8
HPMR,15,8,47,0.0015,0.002,0.00175,1.5025710266346994e-08,1820.5
HPMR,15,8,48,0.001,0.0015,0.00125,5.1692322271613776e-11,3783.0
HPMR,15,9,1,15.0,20.0,17.5,0.0,0.05932
HPMR,15,9,2,10.0,15.0,12.5,5.034534719647326e-13,0.05315
HPMR,15,9,3,8.0,10.0,9.0,4.959117185481853e-12,0.048235
HPMR,15,9,4,6.0,8.0,7.0,3.4222344832613427e-11,0.045329999999999995
HPMR,15,9,5,5.0,6.0,5.5,6.002576527283744e-11,0.043315
HPMR,15,9,6,4.0,5.0,4.5,1.4654011520248912e-10,0.042345
HPMR,15,9,7,3.0,4.0,3.5,6.211619635062013e-05,0.042155
HPMR,15,9,8,2.0,3.0,2.5,0.025803420440224007,0.0442
HPMR,15,9,9,1.5,2.0,1.75,0.005568381532086253,0.04914
HPMR,15,9,10,1.25,1.5,1.375,0.016151756999303362,0.05549
HPMR,15,9,11,1.0,1.25,1.125,0.01937042103120956,0.06489
HPMR,15,9,12,0.8,1.0,0.9,0.02029539272360635,0.07986
HPMR,15,9,13,0.6,0.8,0.7,0.6570465117812285,0.10675
HPMR,15,9,14,0.5,0.6,0.55,0.048339634076879065,0.1431
HPMR,15,9,15,0.4,0.5,0.45,0.027571614087261973,0.19685
HPMR,15,9,16,0.3,0.4,0.35,0.025532570325723543,0.3177
HPMR,15,9,17,0.2,0.3,0.25,0.025591625544752753,0.7008000000000001
HPMR,15,9,18,0.15,0.2,0.175,0.01871061036415021,1.5062499999999999
HPMR,15,9,19,0.1,0.15,0.125,0.04022788958033006,3.7815000000000003
HPMR,15,9,20,0.088,0.1,0.094,0.006130141984179408,6.616
HPMR,15,9,21,0.08,0.088,0.08399999999999999,0.005837450714326987,2.1645
HPMR,15,9,22,0.06,0.08,0.07,0.012201612144468854,3.7199999999999998
HPMR,15,9,23,0.05,0.06,0.055,0.004615273583502771,6.531000000000001
HPMR,15,9,24,0.04,0.05,0.045,0.00786671171602204,11.2005
HPMR,15,9,25,0.03,0.04,0.035,0.010540274433014637,22.34
HPMR,15,9,26,0.02,0.03,0.025,0.0076781060426826765,58.34
HPMR,15,9,27,0.0159,0.02,0.01795,0.0034575102371580016,120.58000000000001
HPMR,15,9,28,0.0155,0.0159,0.0157,0.00035344962903084736,138.0
HPMR,15,9,29,0.0152,0.0155,0.015349999999999999,0.00025908745887147047,145.05
HPMR,15,9,30,0.015,0.0152,0.015099999999999999,0.00016990563726050617,109.69999999999999
HPMR,15,9,31,0.013,0.015,0.013999999999999999,0.0018131003486704352,136.85
HPMR,15,9,32,0.01,0.013,0.0115,0.0029219161941288424,98.805
HPMR,15,9,33,0.008,0.01,0.009000000000000001,0.0021201442010743525,179.64999999999998
HPMR,15,9,34,0.006,0.008,0.007,0.0023564763854574283,347.95
HPMR,15,9,35,0.005,0.006,0.0055,0.0013865547048801843,598.8
HPMR,15,9,36,0.004,0.005,0.0045000000000000005,1.6020320488259818e-05,990.7
HPMR,15,9,37,0.00385,0.004,0.003925,2.0685531288649535e-08,1309.5
HPMR,15,9,38,0.0037,0.00385,0.003775,1.8111533815802422e-06,1339.5
HPMR,15,9,39,0.00355,0.0037,0.003625,2.2117887799136488e-09,1513.5
HPMR,15,9,40,0.0033,0.00355,0.003425,4.466966140384204e-07,1540.5
HPMR,15,9,41,0.00307,0.0033,0.003185,1.5408286111774352e-07,1971.0
HPMR,15,9,42,0.003,0.00307,0.003035,3.1010053198949076e-09,1911.0
HPMR,15,9,43,0.00259,0.003,0.0027949999999999997,1.571313038916165e-06,2211.5
HPMR,15,9,44,0.00253,0.00259,0.0025599999999999998,6.374471049112072e-12,1835.0
HPMR,15,9,45,0.00248,0.00253,0.0025050000000000003,1.881309126649174e-09,1561.5
HPMR,15,9,46,0.002,0.00248,0.00224,2.9530429324016625e-07,1042.8
HPMR,15,9,47,0.0015,0.002,0.00175,1.2843118785525432e-08,1820.5
HPMR,15,9,48,0.001,0.0015,0.00125,5.610864187031874e-11,3783.0
HPMR,15,10,1,15.0,20.0,17.5,0.0,0.05932
HPMR,15,10,2,10.0,15.0,12.5,5.281641713241954e-13,0.05315
HPMR,15,10,3,8.0,10.0,9.0,5.202853882750087e-12,0.048235
HPMR,15,10,4,6.0,8.0,7.0,3.5908862342144466e-11,0.045329999999999995
HPMR,15,10,5,5.0,6.0,5.5,6.298944910368152e-11,0.043315
HPMR,15,10,6,4.0,5.0,4.5,1.5379845653181576e-10,0.042345
HPMR,15,10,7,3.0,4.0,3.5,6.780529527266319e-05,0.042155
HPMR,15,10,8,2.0,3.0,2.5,0.027799150679546605,0.0442
HPMR,15,10,9,1.5,2.0,1.75,0.006045460478902907,0.04914
HPMR,15,10,10,1.25,1.5,1.375,0.017734243423401144,0.05549
HPMR,15,10,11,1.0,1.25,1.125,0.021075189711844564,0.06489
HPMR,15,10,12,0.8,1.0,0.9,0.022189124897745435,0.07986
HPMR,15,10,13,0.6,0.8,0.7,0.6320641459163059,0.10675
HPMR,15,10,14,0.5,0.6,0.55,0.05280102189152547,0.1431
HPMR,15,10,15,0.4,0.5,0.45,0.027110159945208018,0.19685
HPMR,15,10,16,0.3,0.4,0.35,0.027510579419997187,0.3177
HPMR,15,10,17,0.2,0.3,0.25,0.027507357160275168,0.7008000000000001
HPMR,15,10,18,0.15,0.2,0.175,0.020142345522320977,1.5062499999999999
HPMR,15,10,19,0.1,0.15,0.125,0.04302880322679644,3.7815000000000003
HPMR,15,10,20,0.088,0.1,0.094,0.006590669688098851,6.616
HPMR,15,10,21,0.08,0.088,0.08399999999999999,0.006282547188671671,2.1645
HPMR,15,10,22,0.06,0.08,0.07,0.013113952616660042,3.7199999999999998
HPMR,15,10,23,0.05,0.06,0.055,0.0049587354862101665,6.531000000000001
HPMR,15,10,24,0.04,0.05,0.045,0.00845134279890313,11.2005
HPMR,15,10,25,0.03,0.04,0.035,0.011353345707436392,22.34
HPMR,15,10,26,0.02,0.03,0.025,0.00823555880618547,58.34
HPMR,15,10,27,0.0159,0.02,0.01795,0.003705587939452469,120.58000000000001
HPMR,15,10,28,0.0155,0.0159,0.0157,0.0003793648717366581,138.0
HPMR,15,10,29,0.0152,0.0155,0.015349999999999999,0.00027807360281260587,145.05
HPMR,15,10,30,0.015,0.0152,0.015099999999999999,0.0001823631445155417,109.69999999999999
HPMR,15,10,31,0.013,0.015,0.013999999999999999,0.001945915485548202,136.85
HPMR,15,10,32,0.01,0.013,0.0115,0.0031353482167359075,98.805
HPMR,15,10,33,0.008,0.01,0.009000000000000001,0.0022747220281598584,179.64999999999998
HPMR,15,10,34,0.006,0.008,0.007,0.0025280059634646226,347.95
HPMR,15,10,35,0.005,0.006,0.0055,0.0014871086645961075,598.8
HPMR,15,10,36,0.004,0.005,0.0045000000000000005,1.797924257093175e-05,990.7
HPMR,15,10,37,0.00385,0.004,0.003925,1.6424436019720378e-08,1309.5
HPMR,15,10,38,0.0037,0.00385,0.003775,1.9996314501863513e-06,1339.5
HPMR,15,10,39,0.00355,0.0037,0.003625,2.557162938588141e-09,1513.5
HPMR,15,10,40,0.0033,0.00355,0.003425,4.828722676859699e-07,1540.5
HPMR,15,10,41,0.00307,0.0033,0.003185,1.5171070791417015e-07,1971.0
HPMR,15,10,42,0.003,0.00307,0.003035,3.415239066623072e-09,1911.0
HPMR,15,10,43,0.00259,0.003,0.0027949999999999997,1.0940951241433636e-06,2211.5
HPMR,15,10,44,0.00253,0.00259,0.0025599999999999998,6.935929804908834e-12,1835.0
HPMR,15,10,45,0.00248,0.00253,0.0025050000000000003,1.5744238116105461e-09,1561.5
HPMR,15,10,46,0.002,0.00248,0.00224,2.2758720168517594e-07,1042.8
HPMR,15,10,47,0.0015,0.002,0.00175,1.07859415732752e-08,1820.5
HPMR,15,10,48,0.001,0.0015,0.00125,5.978007842055375e-11,3783.0
HPMR,15,11,1,15.0,20.0,17.5,0.0,0.05932
HPMR,15,11,2,10.0,15.0,12.5,5.459259368175283e-13,0.05315
HPMR,15,11,3,8.0,10.0,9.0,5.378101032998285e-12,0.048235
HPMR,15,11,4,6.0,8.0,7.0,3.7123330254009246e-11,0.045329999999999995
HPMR,15,11,5,5.0,6.0,5.5,6.512664175815918e-11,0.043315
HPMR,15,11,6,4.0,5.0,4.5,1.5904256057085e-10,0.042345
HPMR,15,11,7,3.0,4.0,3.5,7.271627178788454e-05,0.042155
HPMR,15,11,8,2.0,3.0,2.5,0.029421780163528914,0.0442
HPMR,15,11,9,1.5,2.0,1.75,0.006451409528299378,0.04914
HPMR,15,11,10,1.25,1.5,1.375,0.019144419198806745,0.05549
HPMR,15,11,11,1.0,1.25,1.125,0.02259233497150048,0.06489
HPMR,15,11,12,0.8,1.0,0.9,0.023876361083371427,0.07986
HPMR,15,11,13,0.6,0.8,0.7,0.6101028057165879,0.10675
HPMR,15,11,14,0.5,0.6,0.55,0.056780288755789325,0.1431
HPMR,15,11,15,0.4,0.5,0.45,0.02706095110904509,0.19685
HPMR,15,11,16,0.3,0.4,0.35,0.0291908534006175,0.3177
HPMR,15,11,17,0.2,0.3,0.25,0.029138721785709806,0.7008000000000001
HPMR,15,11,18,0.15,0.2,0.175,0.021365001990841636,1.5062499999999999
HPMR,15,11,19,0.1,0.15,0.125,0.04541356031470503,3.7815000000000003
HPMR,15,11,20,0.088,0.1,0.094,0.006984867456310898,6.616
HPMR,15,11,21,0.08,0.088,0.08399999999999999,0.006659790996876185,2.1645
HPMR,15,11,22,0.06,0.08,0.07,0.013896659421424939,3.7199999999999998
HPMR,15,11,23,0.05,0.06,0.055,0.005253319125377825,6.531000000000001
HPMR,15,11,24,0.04,0.05,0.045,0.008951161190947377,11.2005
HPMR,15,11,25,0.03,0.04,0.035,0.012056087592590223,22.34
HPMR,15,11,26,0.02,0.03,0.025,0.008718605315070092,58.34
HPMR,15,11,27,0.0159,0.02,0.01795,0.003918797842573392,120.58000000000001
HPMR,15,11,28,0.0155,0.0159,0.0157,0.00040167515178719793,138.0
HPMR,15,11,29,0.0152,0.0155,0.015349999999999999,0.0002944185490805079,145.05
HPMR,15,11,30,0.015,0.0152,0.015099999999999999,0.00019308230580306925,109.69999999999999
HPMR,15,11,31,0.013,0.015,0.013999999999999999,0.002060322876800298,136.85
HPMR,15,11,32,0.01,0.013,0.0115,0.0033191506838717282,98.805
HPMR,15,11,33,0.008,0.01,0.009000000000000001,0.002407796381289727,179.64999999999998
HPMR,15,11,34,0.006,0.008,0.007,0.0026758424831283883,347.95
HPMR,15,11,35,0.005,0.006,0.0055,0.001573531704252476,598.8
HPMR,15,11,36,0.004,0.005,0.0045000000000000005,1.9875463278326768e-05,990.7
HPMR,15,11,37,0.00385,0.004,0.003925,1.3455139261807306e-08,1309.5
HPMR,15,11,38,0.0037,0.00385,0.003775,2.178787084339132e-06,1339.5
HPMR,15,11,39,0.00355,0.0037,0.003625,2.9046371444457307e-09,1513.5
HPMR,15,11,40,0.0033,0.00355,0.003425,5.156769745455813e-07,1540.5
HPMR,15,11,41,0.00307,0.0033,0.003185,1.5469664107632955e-07,1971.0
HPMR,15,11,42,0.003,0.00307,0.003035,3.698874108633428e-09,1911.0
HPMR,15,11,43,0.00259,0.003,0.0027949999999999997,7.573166214092342e-07,2211.5
HPMR,15,11,44,0.00253,0.00259,0.0025599999999999998,7.428755124346172e-12,1835.0
HPMR,15,11,45,0.00248,0.00253,0.0025050000000000003,1.2943683318956283e-09,1561.5
HPMR,15,11,46,0.002,0.00248,0.00224,1.74091182061568e-07,1042.8
HPMR,15,11,47,0.0015,0.002,0.00175,8.910209363767938e-09,1820.5
HPMR,15,11,48,0.001,0.0015,0.00125,6.256913804087124e-11,3783.0
HPMR,15,12,1,15.0,20.0,17.5,0.0,0.05932
HPMR,15,12,2,10.0,15.0,12.5,5.568544803078955e-13,0.05315
HPMR,15,12,3,8.0,10.0,9.0,5.4861754626400405e-12,0.048235
HPMR,15,12,4,6.0,8.0,7.0,3.787430877851048e-11,0.045329999999999995
HPMR,15,12,5,5.0,6.0,5.5,6.64556312676838e-11,0.043315
HPMR,15,12,6,4.0,5.0,4.5,1.6230616001725596e-10,0.042345
HPMR,15,12,7,3.0,4.0,3.5,7.67217170581115e-05,0.042155
HPMR,15,12,8,2.0,3.0,2.5,0.030635542372740073,0.0442
HPMR,15,12,9,1.5,2.0,1.75,0.00677516539521573,0.04914
HPMR,15,12,10,1.25,1.5,1.375,0.020347806827604276,0.05549
HPMR,15,12,11,1.0,1.25,1.125,0.02387705868325733,0.06489
HPMR,15,12,12,0.8,1.0,0.9,0.02531052312630406,0.07986
HPMR,15,12,13,0.6,0.8,0.7,0.5919890696011341,0.10675
HPMR,15,12,14,0.5,0.6,0.55,0.06015851524563847,0.1431
HPMR,15,12,15,0.4,0.5,0.45,0.027222082520952155,0.19685
HPMR,15,12,16,0.3,0.4,0.35,0.030531714707003107,0.3177
HPMR,15,12,17,0.2,0.3,0.25,0.030441834041141255,0.7008000000000001
HPMR,15,12,18,0.15,0.2,0.175,0.022346193133239607,1.5062499999999999
HPMR,15,12,19,0.1,0.15,0.125,0.04729104050791607,3.7815000000000003
HPMR,15,12,20,0.088,0.1,0.094,0.007302027444811793,6.616
HPMR,15,12,21,0.08,0.088,0.08399999999999999,0.006958918485923298,2.1645
HPMR,15,12,22,0.06,0.08,0.07,0.014527577928739757,3.7199999999999998
HPMR,15,12,23,0.05,0.06,0.055,0.005491426097887142,6.531000000000001
HPMR,15,12,24,0.04,0.05,0.045,0.009353104239779243,11.2005
HPMR,15,12,25,0.03,0.04,0.035,0.01262827913202109,22.34
HPMR,15,12,26,0.02,0.03,0.025,0.009112951487027676,58.34
HPMR,15,12,27,0.0159,0.02,0.01795,0.004091318685326035,120.58000000000001
HPMR,15,12,28,0.0155,0.0159,0.0157,0.00041976002937861253,138.0
HPMR,15,12,29,0.0152,0.0155,0.015349999999999999,0.00030766881179407167,145.05
HPMR,15,12,30,0.015,0.0152,0.015099999999999999,0.00020177653429127873,109.69999999999999
HPMR,15,12,31,0.013,0.015,0.013999999999999999,0.0021530703846424065,136.85
HPMR,15,12,32,0.01,0.013,0.0115,0.0034683134934536076,98.805
HPMR,15,12,33,0.008,0.01,0.009000000000000001,0.0025158746951192516,179.64999999999998
HPMR,15,12,34,0.006,0.008,0.007,0.0027959541533956597,347.95
HPMR,15,12,35,0.005,0.006,0.0055,0.0016433166548931511,598.8
HPMR,15,12,36,0.004,0.005,0.0045000000000000005,2.1659690806053403e-05,990.7
HPMR,15,12,37,0.00385,0.004,0.003925,1.1328726398069392e-08,1309.5
HPMR,15,12,38,0.0037,0.00385,0.003775,2.3438851695514477e-06,1339.5
HPMR,15,12,39,0.00355,0.0037,0.003625,3.246046856473254e-09,1513.5
HPMR,15,12,40,0.0033,0.00355,0.003425,5.444669464482284e-07,1540.5
HPMR,15,12,41,0.00307,0.0033,0.003185,1.6134184347981227e-07,1971.0
HPMR,15,12,42,0.003,0.00307,0.003035,3.945186943105125e-09,1911.0
HPMR,15,12,43,0.00259,0.003,0.0027949999999999997,5.249812556423162e-07,2211.5
HPMR,15,12,44,0.00253,0.00259,0.0025599999999999998,7.843515612904341e-12,1835.0
HPMR,15,12,45,0.00248,0.00253,0.0025050000000000003,1.046861126949658e-09,1561.5
HPMR,15,12,46,0.002,0.00248,0.00224,1.323303016229226e-07,1042.8
HPMR,15,12,47,0.0015,0.002,0.00175,7.2542174938673465e-09,1820.5
HPMR,15,12,48,0.001,0.0015,0.00125,6.442739108976677e-11,3783.0
HPMR,15,13,1,15.0,20.0,17.5,0.0,0.05932
HPMR,15,13,2,10.0,15.0,12.5,5.616072627063729e-13,0.05315
HPMR,15,13,3,8.0,10.0,9.0,5.533423742629466e-12,0.048235
HPMR,15,13,4,6.0,8.0,7.0,3.8206585687561756e-11,0.045329999999999995
HPMR,15,13,5,5.0,6.0,5.5,6.704904573135131e-11,0.043315
HPMR,15,13,6,4.0,5.0,4.5,1.6378322630192828e-10,0.042345
HPMR,15,13,7,3.0,4.0,3.5,7.977562678053454e-05,0.042155
HPMR,15,13,8,2.0,3.0,2.5,0.03143693731005287,0.0442
HPMR,15,13,9,1.5,2.0,1.75,0.007013794850989744,0.04914
HPMR,15,13,10,1.25,1.5,1.375,0.021329514589204,0.05549
HPMR,15,13,11,1.0,1.25,1.125,0.024911535939882556,0.06489
HPMR,15,13,12,0.8,1.0,0.9,0.026471871678675887,0.07986
HPMR,15,13,13,0.6,0.8,0.7,0.5780917993572504,0.10675
HPMR,15,13,14,0.5,0.6,0.55,0.06287990665156912,0.1431
HPMR,15,13,15,0.4,0.5,0.45,0.027448155971026136,0.19685
HPMR,15,13,16,0.3,0.4,0.35,0.03151932480645705,0.3177
HPMR,15,13,17,0.2,0.3,0.25,0.03140426380629281,0.7008000000000001
HPMR,15,13,18,0.15,0.2,0.175,0.023077295705722287,1.5062499999999999
HPMR,15,13,19,0.1,0.15,0.125,0.04862697030750303,3.7815000000000003
HPMR,15,13,20,0.088,0.1,0.094,0.007538977691704416,6.616
HPMR,15,13,21,0.08,0.088,0.08399999999999999,0.007177610750795433,2.1645
HPMR,15,13,22,0.06,0.08,0.07,0.015000857978598046,3.7199999999999998
HPMR,15,13,23,0.05,0.06,0.055,0.00567091384645175,6.531000000000001
HPMR,15,13,24,0.04,0.05,0.045,0.009652004345362649,11.2005
HPMR,15,13,25,0.03,0.04,0.035,0.013062414400907657,22.34
HPMR,15,13,26,0.02,0.03,0.025,0.009413487767914296,58.34
HPMR,15,13,27,0.0159,0.02,0.01795,0.004221279959751769,120.58000000000001
HPMR,15,13,28,0.0155,0.0159,0.0157,0.00043343936190919015,138.0
HPMR,15,13,29,0.0152,0.0155,0.015349999999999999,0.00031768206424636665,145.05
HPMR,15,13,30,0.015,0.0152,0.015099999999999999,0.0002083387261724272,109.69999999999999
HPMR,15,13,31,0.013,0.015,0.013999999999999999,0.0022232459432345152,136.85
HPMR,15,13,32,0.01,0.013,0.0115,0.003581141679423475,98.805
HPMR,15,13,33,0.008,0.01,0.009000000000000001,0.002597694349710445,179.64999999999998
HPMR,15,13,34,0.006,0.008,0.007,0.0028869403117659396,347.95
HPMR,15,13,35,0.005,0.006,0.0055,0.001695800085382495,598.8
HPMR,15,13,36,0.004,0.005,0.0045000000000000005,2.330007873443696e-05,990.7
HPMR,15,13,37,0.00385,0.004,0.003925,9.750452125538116e-09,1309.5
HPMR,15,13,38,0.0037,0.00385,0.003775,2.4921252537231504e-06,1339.5
HPMR,15,13,39,0.00355,0.0037,0.003625,3.5751096479600808e-09,1513.5
HPMR,15,13,40,0.0033,0.00355,0.003425,5.690716503076782e-07,1540.5
HPMR,15,13,41,0.00307,0.0033,0.003185,1.7028894314275637e-07,1971.0
HPMR,15,13,42,0.003,0.00307,0.003035,4.151771353191219e-09,1911.0
HPMR,15,13,43,0.00259,0.003,0.0027949999999999997,3.6798729650777236e-07,2211.5
HPMR,15,13,44,0.00253,0.00259,0.0025599999999999998,8.177826122638119e-12,1835.0
HPMR,15,13,45,0.00248,0.00253,0.0025050000000000003,8.343873874085264e-10,1561.5
HPMR,15,13,46,0.002,0.00248,0.00224,1.0008829166579696e-07,1042.8
HPMR,15,13,47,0.0015,0.002,0.00175,5.834683500682885e-09,1820.5
HPMR,15,13,48,0.001,0.0015,0.00125,6.537716767741405e-11,3783.0
HPMR,15,14,1,15.0,20.0,17.5,0.0,0.05932
HPMR,15,14,2,10.0,15.0,12.5,5.61246239566147e-13,0.05315
HPMR,15,14,3,8.0,10.0,9.0,5.530250291044992e-12,0.048235
HPMR,15,14,4,6.0,8.0,7.0,3.8190911147607254e-11,0.045329999999999995
HPMR,15,14,5,5.0,6.0,5.5,6.70271161362776e-11,0.043315
HPMR,15,14,6,4.0,5.0,4.5,1.6376730068627995e-10,0.042345
HPMR,15,14,7,3.0,4.0,3.5,8.19121163801626e-05,0.042155
HPMR,15,14,8,2.0,3.0,2.5,0.031857327394832415,0.0442
HPMR,15,14,9,1.5,2.0,1.75,0.007171716944764844,0.04914
HPMR,15,14,10,1.25,1.5,1.375,0.022094982111493716,0.05549
HPMR,15,14,11,1.0,1.25,1.125,0.02569949404948279,0.06489
HPMR,15,14,12,0.8,1.0,0.9,0.027366481600240997,0.07986
HPMR,15,14,13,0.6,0.8,0.7,0.568334282784779,0.10675
HPMR,15,14,14,0.5,0.6,0.55,0.0649556645190932,0.1431
HPMR,15,14,15,0.4,0.5,0.45,0.027647310003944905,0.19685
HPMR,15,14,16,0.3,0.4,0.35,0.03217280772437346,0.3177
HPMR,15,14,17,0.2,0.3,0.25,0.03204071436411274,0.7008000000000001
HPMR,15,14,18,0.15,0.2,0.175,0.023570426078517035,1.5062499999999999
HPMR,15,14,19,0.1,0.15,0.125,0.0494433166131328,3.7815000000000003
HPMR,15,14,20,0.088,0.1,0.094,0.007699224361373722,6.616
HPMR,15,14,21,0.08,0.088,0.08399999999999999,0.007320129008172577,2.1645
HPMR,15,14,22,0.06,0.08,0.07,0.015324034122580014,3.7199999999999998
HPMR,15,14,23,0.05,0.06,0.055,0.0057931998338035424,6.531000000000001
HPMR,15,14,24,0.04,0.05,0.045,0.00985264283731717,11.2005
HPMR,15,14,25,0.03,0.04,0.035,0.013364366443088282,22.34
HPMR,15,14,26,0.02,0.03,0.025,0.0096234364969062,58.34
HPMR,15,14,27,0.0159,0.02,0.01795,0.004310582425450523,120.58000000000001
HPMR,15,14,28,0.0155,0.0159,0.0157,0.00044287734111684353,138.0
HPMR,15,14,29,0.0152,0.0155,0.015349999999999999,0.00032458935190353893,145.05
HPMR,15,14,30,0.015,0.0152,0.015099999999999999,0.00021286858691611023,109.69999999999999
HPMR,15,14,31,0.013,0.015,0.013999999999999999,0.0022717430330658492,136.85
HPMR,15,14,32,0.01,0.013,0.0115,0.003659248842640833,98.805
HPMR,15,14,33,0.008,0.01,0.009000000000000001,0.0026543703645529543,179.64999999999998
HPMR,15,14,34,0.006,0.008,0.007,0.002950001107508626,347.95
HPMR,15,14,35,0.005,0.006,0.0055,0.0017317094653194422,598.8
HPMR,15,14,36,0.004,0.005,0.0045000000000000005,2.478532369321506e-05,990.7
HPMR,15,14,37,0.00385,0.004,0.003925,8.533961883601199e-09,1309.5
HPMR,15,14,38,0.0037,0.00385,0.003775,2.6227092885864413e-06,1339.5
HPMR,15,14,39,0.00355,0.0037,0.003625,3.88837443804294e-09,1513.5
HPMR,15,14,40,0.0033,0.00355,0.003425,5.898143711253947e-07,1540.5
HPMR,15,14,41,0.00307,0.0033,0.003185,1.805405735991088e-07,1971.0
HPMR,15,14,42,0.003,0.00307,0.003035,4.319056545702641e-09,1911.0
HPMR,15,14,43,0.00259,0.003,0.0027949999999999997,2.638386739507133e-07,2211.5
HPMR,15,14,44,0.00253,0.00259,0.0025599999999999998,8.436737776421812e-12,1835.0
HPMR,15,14,45,0.00248,0.00253,0.0025050000000000003,6.567139375188594e-10,1561.5
HPMR,15,14,46,0.002,0.00248,0.00224,7.544988803699707e-08,1042.8
HPMR,15,14,47,0.0015,0.002,0.00175,4.649516579803064e-09,1820.5
HPMR,15,14,48,0.001,0.0015,0.00125,6.551020481724538e-11,3783.0
HPMR,15,15,1,15.0,20.0,17.5,0.0,0.05932
HPMR,15,15,2,10.0,15.0,12.5,5.569408126869113e-13,0.05315
HPMR,15,15,3,8.0,10.0,9.0,5.4882993539044314e-12,0.048235
HPMR,15,15,4,6.0,8.0,7.0,3.790718865625219e-11,0.045329999999999995
HPMR,15,15,5,5.0,6.0,5.5,6.654328653031488e-11,0.043315
HPMR,15,15,6,4.0,5.0,4.5,1.626062498882311e-10,0.042345
HPMR,15,15,7,3.0,4.0,3.5,8.32215765772159e-05,0.042155
HPMR,15,15,8,2.0,3.0,2.5,0.03193978660488363,0.0442
HPMR,15,15,9,1.5,2.0,1.75,0.007257114708818393,0.04914
HPMR,15,15,10,1.25,1.5,1.375,0.022663387270903855,0.05549
HPMR,15,15,11,1.0,1.25,1.125,0.026260078568594143,0.06489
HPMR,15,15,12,0.8,1.0,0.9,0.028014289507693944,0.07986
HPMR,15,15,13,0.6,0.8,0.7,0.5623773595592513,0.10675
HPMR,15,15,14,0.5,0.6,0.55,0.06642649839092864,0.1431
HPMR,15,15,15,0.4,0.5,0.45,0.02776956527016179,0.19685
HPMR,15,15,16,0.3,0.4,0.35,0.03252644056161894,0.3177
HPMR,15,15,17,0.2,0.3,0.25,0.032391013507057885,0.7008000000000001
HPMR,15,15,18,0.15,0.2,0.175,0.023848373998313112,1.5062499999999999
HPMR,15,15,19,0.1,0.15,0.125,0.04979421579287675,3.7815000000000003
HPMR,15,15,20,0.088,0.1,0.094,0.0077908919506879375,6.616
HPMR,15,15,21,0.08,0.088,0.08399999999999999,0.007394713550900765,2.1645
HPMR,15,15,22,0.06,0.08,0.07,0.015511352395578723,3.7199999999999998
HPMR,15,15,23,0.05,0.06,0.055,0.0058649057130799095,6.531000000000001
HPMR,15,15,24,0.04,0.05,0.045,0.009965744275902721,11.2005
HPMR,15,15,25,0.03,0.04,0.035,0.013547660104443384,22.34
HPMR,15,15,26,0.02,0.03,0.025,0.009751514719210316,58.34
HPMR,15,15,27,0.0159,0.02,0.01795,0.00436336650338141,120.58000000000001
HPMR,15,15,28,0.0155,0.0159,0.0157,0.0004485217821497444,138.0
HPMR,15,15,29,0.0152,0.0155,0.015349999999999999,0.0003287156131028715,145.05
HPMR,15,15,30,0.015,0.0152,0.015099999999999999,0.00021557462574824584,109.69999999999999
HPMR,15,15,31,0.013,0.015,0.013999999999999999,0.0023007735330367028,136.85
HPMR,15,15,32,0.01,0.013,0.0115,0.003705905903189093,98.805
HPMR,15,15,33,0.008,0.01,0.009000000000000001,0.002688356797636316,179.64999999999998
HPMR,15,15,34,0.006,0.008,0.007,0.0029880658349340722,347.95
HPMR,15,15,35,0.005,0.006,0.0055,0.001752665560689739,598.8
HPMR,15,15,36,0.004,0.005,0.0045000000000000005,2.611754395302498e-05,990.7
HPMR,15,15,37,0.00385,0.004,0.003925,7.561176758584183e-09,1309.5
HPMR,15,15,38,0.0037,0.00385,0.003775,2.7363655705103937e-06,1339.5
HPMR,15,15,39,0.00355,0.0037,0.003625,4.1843922188064655e-09,1513.5
HPMR,15,15,40,0.0033,0.00355,0.003425,6.071909740946648e-07,1540.5
HPMR,15,15,41,0.00307,0.0033,0.003185,1.914031025072854e-07,1971.0
HPMR,15,15,42,0.003,0.00307,0.003035,4.4506998482397455e-09,1911.0
HPMR,15,15,43,0.00259,0.003,0.0027949999999999997,1.9579436014177296e-07,2211.5
HPMR,15,15,44,0.00253,0.00259,0.0025599999999999998,8.629581790287894e-12,1835.0
HPMR,15,15,45,0.00248,0.00253,0.0025050000000000003,5.113789872686117e-10,1561.5
HPMR,15,15,46,0.002,0.00248,0.00224,5.6784233667562374e-08,1042.8
HPMR,15,15,47,0.0015,0.002,0.00175,3.682129489559493e-09,1820.5
HPMR,15,15,48,0.001,0.0015,0.00125,6.494570736098291e-11,3783.0
HPMR,15,16,1,15.0,20.0,17.5,0.0,0.05932
HPMR,15,16,2,10.0,15.0,12.5,5.498510688792909e-13,0.05315
HPMR,15,16,3,8.0,10.0,9.0,5.419019689071441e-12,0.048235
HPMR,15,16,4,6.0,8.0,7.0,3.7435038740373365e-11,0.045329999999999995
HPMR,15,16,5,5.0,6.0,5.5,6.572385653331901e-11,0.043315
HPMR,15,16,6,4.0,5.0,4.5,1.6063619839110122e-10,0.042345
HPMR,15,16,7,3.0,4.0,3.5,8.380287778703305e-05,0.042155
HPMR,15,16,8,2.0,3.0,2.5,0.03173907616266141,0.0442
HPMR,15,16,9,1.5,2.0,1.75,0.007280554144392016,0.04914
HPMR,15,16,10,1.25,1.5,1.375,0.023058783719425654,0.05549
HPMR,15,16,11,1.0,1.25,1.125,0.02662057138227627,0.06489
HPMR,15,16,12,0.8,1.0,0.9,0.028446678515112223,0.07986
HPMR,15,16,13,0.6,0.8,0.7,0.559726498014987,0.10675
HPMR,15,16,14,0.5,0.6,0.55,0.0673709372605694,0.1431
HPMR,15,16,15,0.4,0.5,0.45,0.0277929990602349,0.19685
HPMR,15,16,16,0.3,0.4,0.35,0.03262513718340964,0.3177
HPMR,15,16,17,0.2,0.3,0.25,0.03248869411708371,0.7008000000000001
HPMR,15,16,18,0.15,0.2,0.175,0.023945884126413207,1.5062499999999999
HPMR,15,16,19,0.1,0.15,0.125,0.04974565534514978,3.7815000000000003
HPMR,15,16,20,0.088,0.1,0.094,0.007823882277205726,6.616
HPMR,15,16,21,0.08,0.088,0.08399999999999999,0.007411375705990843,2.1645
HPMR,15,16,22,0.06,0.08,0.07,0.015583234417225724,3.7199999999999998
HPMR,15,16,23,0.05,0.06,0.055,0.00589311209972502,6.531000000000001
HPMR,15,16,24,0.04,0.05,0.045,0.01000305316726403,11.2005
HPMR,15,16,25,0.03,0.04,0.035,0.013628936314873023,22.34
HPMR,15,16,26,0.02,0.03,0.025,0.009809601340538748,58.34
HPMR,15,16,27,0.0159,0.02,0.01795,0.004384730221905435,120.58000000000001
HPMR,15,16,28,0.0155,0.0159,0.0157,0.00045090112093691627,138.0
HPMR,15,16,29,0.0152,0.0155,0.015349999999999999,0.0003304628388896305,145.05
HPMR,15,16,30,0.015,0.0152,0.015099999999999999,0.0002167204719753929,109.69999999999999
HPMR,15,16,31,0.013,0.015,0.013999999999999999,0.002313232816999607,136.85
HPMR,15,16,32,0.01,0.013,0.0115,0.0037258406072793525,98.805
HPMR,15,16,33,0.008,0.01,0.009000000000000001,0.0027030467519202814,179.64999999999998
HPMR,15,16,34,0.006,0.008,0.007,0.0030045569516721172,347.95
HPMR,15,16,35,0.005,0.006,0.0055,0.0017608588742485003,598.8
HPMR,15,16,36,0.004,0.005,0.0045000000000000005,2.7309400989974402e-05,990.7
HPMR,15,16,37,0.00385,0.004,0.003925,6.761242133017258e-09,1309.5
HPMR,15,16,38,0.0037,0.00385,0.003775,2.8344686378137e-06,1339.5
HPMR,15,16,39,0.00355,0.0037,0.003625,4.463374909255672e-09,1513.5
HPMR,15,16,40,0.0033,0.00355,0.003425,6.21838644849415e-07,1540.5
HPMR,15,16,41,0.00307,0.0033,0.003185,2.024387381091184e-07,1971.0
HPMR,15,16,42,0.003,0.00307,0.003035,4.551328087792882e-09,1911.0
HPMR,15,16,43,0.00259,0.003,0.0027949999999999997,1.5180387208794964e-07,2211.5
HPMR,15,16,44,0.00253,0.00259,0.0025599999999999998,8.766543863030217e-12,1835.0
HPMR,15,16,45,0.00248,0.00253,0.0025050000000000003,3.946836799277802e-10,1561.5
HPMR,15,16,46,0.002,0.00248,0.00224,4.2740570050731596e-08,1042.8
HPMR,15,16,47,0.0015,0.002,0.00175,2.907415283813746e-09,1820.5
HPMR,15,16,48,0.001,0.0015,0.00125,6.38198899221918e-11,3783.0
HPMR,15,17,1,15.0,20.0,17.5,0.0,0.05932
HPMR,15,17,2,10.0,15.0,12.5,5.410127124701175e-13,0.05315
HPMR,15,17,3,8.0,10.0,9.0,5.332252817838618e-12,0.048235
HPMR,15,17,4,6.0,8.0,7.0,3.684282880469608e-11,0.045329999999999995
HPMR,15,17,5,5.0,6.0,5.5,6.46951824209791e-11,0.043315
HPMR,15,17,6,4.0,5.0,4.5,1.5815229837690437e-10,0.042345
HPMR,15,17,7,3.0,4.0,3.5,8.378767832877739e-05,0.042155
HPMR,15,17,8,2.0,3.0,2.5,0.031312016540629,0.0442
HPMR,15,17,9,1.5,2.0,1.75,0.0072532303059469755,0.04914
HPMR,15,17,10,1.25,1.5,1.375,0.023307192313346003,0.05549
HPMR,15,17,11,1.0,1.25,1.125,0.02681303884249082,0.06489
HPMR,15,17,12,0.8,1.0,0.9,0.028697149591844353,0.07986
HPMR,15,17,13,0.6,0.8,0.7,0.5598281067491226,0.10675
HPMR,15,17,14,0.5,0.6,0.55,0.06786158112454165,0.1431
HPMR,15,17,15,0.4,0.5,0.45,0.027716173760628862,0.19685
HPMR,15,17,16,0.3,0.4,0.35,0.032515061042786175,0.3177
HPMR,15,17,17,0.2,0.3,0.25,0.032387964296680304,0.7008000000000001
HPMR,15,17,18,0.15,0.2,0.175,0.023892251428368313,1.5062499999999999
HPMR,15,17,19,0.1,0.15,0.125,0.04937271127628348,3.7815000000000003
HPMR,15,17,20,0.088,0.1,0.094,0.00780861570352586,6.616
HPMR,15,17,21,0.08,0.088,0.08399999999999999,0.007380945504952974,2.1645
HPMR,15,17,22,0.06,0.08,0.07,0.015559767381644735,3.7199999999999998
HPMR,15,17,23,0.05,0.06,0.055,0.005885681339610406,6.531000000000001
HPMR,15,17,24,0.04,0.05,0.045,0.009979265165342883,11.2005
HPMR,15,17,25,0.03,0.04,0.035,0.013626601161973412,22.34
HPMR,15,17,26,0.02,0.03,0.025,0.009809424374303871,58.34
HPMR,15,17,27,0.0159,0.02,0.01795,0.004380549978645304,120.58000000000001
HPMR,15,17,28,0.0155,0.0159,0.0157,0.00045061025961279675,138.0
HPMR,15,17,29,0.0152,0.0155,0.015349999999999999,0.000330233945971535,145.05
HPMR,15,17,30,0.015,0.0152,0.015099999999999999,0.00021656363867972087,109.69999999999999
HPMR,15,17,31,0.013,0.015,0.013999999999999999,0.002311945245349123,136.85
HPMR,15,17,32,0.01,0.013,0.0115,0.003723694225649364,98.805
HPMR,15,17,33,0.008,0.01,0.009000000000000001,0.002701650717512958,179.64999999999998
HPMR,15,17,34,0.006,0.008,0.007,0.003003303457114529,347.95
HPMR,15,17,35,0.005,0.006,0.0055,0.0017585634748764796,598.8
HPMR,15,17,36,0.004,0.005,0.0045000000000000005,2.8378572881952067e-05,990.7
HPMR,15,17,37,0.00385,0.004,0.003925,6.090064661961008e-09,1309.5
HPMR,15,17,38,0.0037,0.00385,0.003775,2.9190305670881905e-06,1339.5
HPMR,15,17,39,0.00355,0.0037,0.003625,4.726663203734358e-09,1513.5
HPMR,15,17,40,0.0033,0.00355,0.003425,6.343623672255781e-07,1540.5
HPMR,15,17,41,0.00307,0.0033,0.003185,2.1338209255523517e-07,1971.0
HPMR,15,17,42,0.003,0.00307,0.003035,4.626025689317798e-09,1911.0
HPMR,15,17,43,0.00259,0.003,0.0027949999999999997,1.2351663847741502e-07,2211.5
HPMR,15,17,44,0.00253,0.00259,0.0025599999999999998,8.859643681381145e-12,1835.0
HPMR,15,17,45,0.00248,0.00253,0.0025050000000000003,3.0243338611594843e-10,1561.5
HPMR,15,17,46,0.002,0.00248,0.00224,3.2230719641382525e-08,1042.8
HPMR,15,17,47,0.0015,0.002,0.00175,2.29710170787039e-09,1820.5
HPMR,15,17,48,0.001,0.0015,0.00125,6.225770325866696e-11,3783.0
HPMR,15,18,1,15.0,20.0,17.5,0.0,0.05932
HPMR,15,18,2,10.0,15.0,12.5,5.312588471787848e-13,0.05315
HPMR,15,18,3,8.0,10.0,9.0,5.236545021179052e-12,0.048235
HPMR,15,18,4,6.0,8.0,7.0,3.618761612263145e-11,0.045329999999999995
HPMR,15,18,5,5.0,6.0,5.5,6.355699353840647e-11,0.043315
HPMR,15,18,6,4.0,5.0,4.5,1.5540231964180375e-10,0.042345
HPMR,15,18,7,3.0,4.0,3.5,8.327261137666071e-05,0.042155
HPMR,15,18,8,2.0,3.0,2.5,0.03070879918781234,0.0442
HPMR,15,18,9,1.5,2.0,1.75,0.007185095970973175,0.04914
HPMR,15,18,10,1.25,1.5,1.375,0.023440043454691105,0.05549
HPMR,15,18,11,1.0,1.25,1.125,0.026867559624985313,0.06489
HPMR,15,18,12,0.8,1.0,0.9,0.028798526890652733,0.07986
HPMR,15,18,13,0.6,0.8,0.7,0.5621541826473648,0.10675
HPMR,15,18,14,0.5,0.6,0.55,0.0679767067447613,0.1431
HPMR,15,18,15,0.4,0.5,0.45,0.027546692469078315,0.19685
HPMR,15,18,16,0.3,0.4,0.35,0.03223881903640329,0.3177
HPMR,15,18,17,0.2,0.3,0.25,0.03212436319016623,0.7008000000000001
HPMR,15,18,18,0.15,0.2,0.175,0.02371815849065829,1.5062499999999999
HPMR,15,18,19,0.1,0.15,0.125,0.048744041896071955,3.7815000000000003
HPMR,15,18,20,0.088,0.1,0.094,0.0077549734595548135,6.616
HPMR,15,18,21,0.08,0.088,0.08399999999999999,0.007313010585845251,2.1645
HPMR,15,18,22,0.06,0.08,0.07,0.015461112424715148,3.7199999999999998
HPMR,15,18,23,0.05,0.06,0.055,0.005849848155923405,6.531000000000001
HPMR,15,18,24,0.04,0.05,0.045,0.00990571002820727,11.2005
HPMR,15,18,25,0.03,0.04,0.035,0.013557668059342127,22.34
HPMR,15,18,26,0.02,0.03,0.025,0.00976323854433038,58.34
HPMR,15,18,27,0.0159,0.02,0.01795,0.00435560385425221,120.58000000000001
HPMR,15,18,28,0.0155,0.0159,0.0157,0.00044817826258474077,138.0
HPMR,15,18,29,0.0152,0.0155,0.015349999999999999,0.0003284295725652276,145.05
HPMR,15,18,30,0.015,0.0152,0.015099999999999999,0.00021538703781693534,109.69999999999999
HPMR,15,18,31,0.013,0.015,0.013999999999999999,0.0022997037385630225,136.85
HPMR,15,18,32,0.01,0.013,0.0115,0.0037039347819721557,98.805
HPMR,15,18,33,0.008,0.01,0.009000000000000001,0.002687642889720295,179.64999999999998
HPMR,15,18,34,0.006,0.008,0.007,0.002987959262651305,347.95
HPMR,15,18,35,0.005,0.006,0.0055,0.0017479857328917387,598.8
HPMR,15,18,36,0.004,0.005,0.0045000000000000005,2.93427200931489e-05,990.7
HPMR,15,18,37,0.00385,0.004,0.003925,5.5208347599948975e-09,1309.5
HPMR,15,18,38,0.0037,0.00385,0.003775,2.991917703311293e-06,1339.5
HPMR,15,18,39,0.00355,0.0037,0.003625,4.975971434708957e-09,1513.5
HPMR,15,18,40,0.0033,0.00355,0.003425,6.4539617391756e-07,1540.5
HPMR,15,18,41,0.00307,0.0033,0.003185,2.2410133006122215e-07,1971.0
HPMR,15,18,42,0.003,0.00307,0.003035,4.67992850238376e-09,1911.0
HPMR,15,18,43,0.00259,0.003,0.0027949999999999997,1.0530077931998365e-07,2211.5
HPMR,15,18,44,0.00253,0.00259,0.0025599999999999998,8.918151762298563e-12,1835.0
HPMR,15,18,45,0.00248,0.00253,0.0025050000000000003,2.3036401468245662e-10,1561.5
HPMR,15,18,46,0.002,0.00248,0.00224,2.4398145882090358e-08,1042.8
HPMR,15,18,47,0.0015,0.002,0.00175,1.8225368932543945e-09,1820.5
HPMR,15,18,48,0.001,0.0015,0.00125,6.037440302431267e-11,3783.0
HPMR,15,19,1,15.0,20.0,17.5,0.0,0.05932
HPMR,15,19,2,10.0,15.0,12.5,5.212417475996207e-13,0.05315
HPMR,15,19,3,8.0,10.0,9.0,5.138414770005329e-12,0.048235
HPMR,15,19,4,6.0,8.0,7.0,3.5515539910174604e-11,0.045329999999999995
HPMR,15,19,5,5.0,6.0,5.5,6.238783251233551e-11,0.043315
HPMR,15,19,6,4.0,5.0,4.5,1.5257492956508944e-10,0.042345
HPMR,15,19,7,3.0,4.0,3.5,8.237240244017037e-05,0.042155
HPMR,15,19,8,2.0,3.0,2.5,0.0299732001636803,0.0442
HPMR,15,19,9,1.5,2.0,1.75,0.007085225655993823,0.04914
HPMR,15,19,10,1.25,1.5,1.375,0.02347553664903678,0.05549
HPMR,15,19,11,1.0,1.25,1.125,0.026810752888059952,0.06489
HPMR,15,19,12,0.8,1.0,0.9,0.028780651318858732,0.07986
HPMR,15,19,13,0.6,0.8,0.7,0.5662185294099199,0.10675
HPMR,15,19,14,0.5,0.6,0.55,0.06778952060272624,0.1431
HPMR,15,19,15,0.4,0.5,0.45,0.027298160713659852,0.19685
HPMR,15,19,16,0.3,0.4,0.35,0.03183570865547505,0.3177
HPMR,15,19,17,0.2,0.3,0.25,0.0317374370784284,0.7008000000000001
HPMR,15,19,18,0.15,0.2,0.175,0.023453497531269366,1.5062499999999999
HPMR,15,19,19,0.1,0.15,0.125,0.04792123747718174,3.7815000000000003
HPMR,15,19,20,0.088,0.1,0.094,0.007672076048281216,6.616
HPMR,15,19,21,0.08,0.088,0.08399999999999999,0.007216727940326091,2.1645
HPMR,15,19,22,0.06,0.08,0.07,0.015304376841876806,3.7199999999999998
HPMR,15,19,23,0.05,0.06,0.055,0.00579225669701662,6.531000000000001
HPMR,15,19,24,0.04,0.05,0.045,0.009795335728927239,11.2005
HPMR,15,19,25,0.03,0.04,0.035,0.01343758604244215,22.34
HPMR,15,19,26,0.02,0.03,0.025,0.009680968581785795,58.34
HPMR,15,19,27,0.0159,0.02,0.01795,0.004315178042679889,120.58000000000001
HPMR,15,19,28,0.0155,0.0159,0.0157,0.0004441036540874332,138.0
HPMR,15,19,29,0.0152,0.0155,0.015349999999999999,0.00032544844034064285,145.05
HPMR,15,19,30,0.015,0.0152,0.015099999999999999,0.00021342306574878822,109.69999999999999
HPMR,15,19,31,0.013,0.015,0.013999999999999999,0.002279014592798188,136.85
HPMR,15,19,32,0.01,0.013,0.0115,0.003670735042609274,98.805
HPMR,15,19,33,0.008,0.01,0.009000000000000001,0.002663831617266368,179.64999999999998
HPMR,15,19,34,0.006,0.008,0.007,0.00296185069584721,347.95
HPMR,15,19,35,0.005,0.006,0.0055,0.001730960431070475,598.8
HPMR,15,19,36,0.004,0.005,0.0045000000000000005,3.022194317124617e-05,990.7
HPMR,15,19,37,0.00385,0.004,0.003925,5.035636064167683e-09,1309.5
HPMR,15,19,38,0.0037,0.00385,0.003775,3.0550964680482073e-06,1339.5
HPMR,15,19,39,0.00355,0.0037,0.003625,5.213495436195216e-09,1513.5
HPMR,15,19,40,0.0033,0.00355,0.003425,6.554588673098045e-07,1540.5
HPMR,15,19,41,0.00307,0.0033,0.003185,2.3454634557780654e-07,1971.0
HPMR,15,19,42,0.003,0.00307,0.003035,4.7173915727707065e-09,1911.0
HPMR,15,19,43,0.00259,0.003,0.0027949999999999997,9.344526128741504e-08,2211.5
HPMR,15,19,44,0.00253,0.00259,0.0025599999999999998,8.952373806617738e-12,1835.0
HPMR,15,19,45,0.00248,0.00253,0.0025050000000000003,1.7462740370236451e-10,1561.5
HPMR,15,19,46,0.002,0.00248,0.00224,1.857777280181571e-08,1042.8
HPMR,15,19,47,0.0015,0.002,0.00175,1.4577713535120125e-09,1820.5
HPMR,15,19,48,0.001,0.0015,0.00125,5.826707123650706e-11,3783.0
HPMR,15,20,1,15.0,20.0,17.5,0.0,0.05932
HPMR,15,20,2,10.0,15.0,12.5,5.114557208318638e-13,0.05315
HPMR,15,20,3,8.0,10.0,9.0,5.042392987235238e-12,0.048235
HPMR,15,20,4,6.0,8.0,7.0,3.485990859745021e-11,0.045329999999999995
HPMR,15,20,5,5.0,6.0,5.5,6.124655740178034e-11,0.043315
HPMR,15,20,6,4.0,5.0,4.5,1.4981384864594415e-10,0.042345
HPMR,15,20,7,3.0,4.0,3.5,8.116411384000032e-05,0.042155
HPMR,15,20,8,2.0,3.0,2.5,0.029141077283458872,0.0442
HPMR,15,20,9,1.5,2.0,1.75,0.006961398147996036,0.04914
HPMR,15,20,10,1.25,1.5,1.375,0.02344083664534258,0.05549
HPMR,15,20,11,1.0,1.25,1.125,0.026666434619262772,0.06489
HPMR,15,20,12,0.8,1.0,0.9,0.02866867355292468,0.07986
HPMR,15,20,13,0.6,0.8,0.7,0.571610056741052,0.10675
HPMR,15,20,14,0.5,0.6,0.55,0.06736026701371495,0.1431
HPMR,15,20,15,0.4,0.5,0.45,0.026985793117697058,0.19685
HPMR,15,20,16,0.3,0.4,0.35,0.031337631206868596,0.3177
HPMR,15,20,17,0.2,0.3,0.25,0.03125817728092963,0.7008000000000001
HPMR,15,20,18,0.15,0.2,0.175,0.02312024391116555,1.5062499999999999
HPMR,15,20,19,0.1,0.15,0.125,0.04695495603791041,3.7815000000000003
HPMR,15,20,20,0.088,0.1,0.094,0.007566994428708146,6.616
HPMR,15,20,21,0.08,0.088,0.08399999999999999,0.007099070973920102,2.1645
HPMR,15,20,22,0.06,0.08,0.07,0.015103188504456187,3.7199999999999998
HPMR,15,20,23,0.05,0.06,0.055,0.0057182064821465735,6.531000000000001
HPMR,15,20,24,0.04,0.05,0.045,0.009656429032005361,11.2005
HPMR,15,20,25,0.03,0.04,0.035,0.01327914235615254,22.34
HPMR,15,20,26,0.02,0.03,0.025,0.009572269582297196,58.34
HPMR,15,20,27,0.0159,0.02,0.01795,0.00426280880806092,120.58000000000001
HPMR,15,20,28,0.0155,0.0159,0.0157,0.00043880351379167813,138.0
HPMR,15,20,29,0.0152,0.0155,0.015349999999999999,0.00032152913340709687,145.05
HPMR,15,20,30,0.015,0.0152,0.015099999999999999,0.00021086555107983917,109.69999999999999
HPMR,15,20,31,0.013,0.015,0.013999999999999999,0.0022521408156734304,136.85
HPMR,15,20,32,0.01,0.013,0.0115,0.0036273802780494176,98.805
HPMR,15,20,33,0.008,0.01,0.009000000000000001,0.0026326248392669737,179.64999999999998
HPMR,15,20,34,0.006,0.008,0.007,0.002927545469994982,347.95
HPMR,15,20,35,0.005,0.006,0.0055,0.001709123372707657,598.8
HPMR,15,20,36,0.004,0.005,0.0045000000000000005,3.10312321837331e-05,990.7
HPMR,15,20,37,0.00385,0.004,0.003925,4.622079019127429e-09,1309.5
HPMR,15,20,38,0.0037,0.00385,0.003775,3.110100893005163e-06,1339.5
HPMR,15,20,39,0.00355,0.0037,0.003625,5.441070417074126e-09,1513.5
HPMR,15,20,40,0.0033,0.00355,0.003425,6.648947512734407e-07,1540.5
HPMR,15,20,41,0.00307,0.0033,0.003185,2.4471220613031266e-07,1971.0
HPMR,15,20,42,0.003,0.00307,0.003035,4.7427845748768306e-09,1911.0
HPMR,15,20,43,0.00259,0.003,0.0027949999999999997,8.55479726327226e-08,2211.5
HPMR,15,20,44,0.00253,0.00259,0.0025599999999999998,8.968648078773472e-12,1835.0
HPMR,15,20,45,0.00248,0.00253,0.0025050000000000003,1.3185585744058077e-10,1561.5
HPMR,15,20,46,0.002,0.00248,0.00224,1.4263716892852045e-08,1042.8
HPMR,15,20,47,0.0015,0.002,0.00175,1.18014921830226e-09,1820.5
HPMR,15,20,48,0.001,0.0015,0.00125,5.601308929362198e-11,3783.0
HPMR,15,21,1,15.0,20.0,17.5,0.0,0.05932
HPMR,15,21,2,10.0,15.0,12.5,5.022611564040614e-13,0.05315
HPMR,15,21,3,8.0,10.0,9.0,4.9522853618147465e-12,0.048235
HPMR,15,21,4,6.0,8.0,7.0,3.424277100932385e-11,0.045329999999999995
HPMR,15,21,5,5.0,6.0,5.5,6.017356976219437e-11,0.043315
HPMR,15,21,6,4.0,5.0,4.5,1.4721505862106177e-10,0.042345
HPMR,15,21,7,3.0,4.0,3.5,7.971909640481093e-05,0.042155
HPMR,15,21,8,2.0,3.0,2.5,0.028241746357656063,0.0442
HPMR,15,21,9,1.5,2.0,1.75,0.0068196492811875165,0.04914
HPMR,15,21,10,1.25,1.5,1.375,0.023347270837195823,0.05549
HPMR,15,21,11,1.0,1.25,1.125,0.026453666113148165,0.06489
HPMR,15,21,12,0.8,1.0,0.9,0.02848428097556775,0.07986
HPMR,15,21,13,0.6,0.8,0.7,0.5779971900874209,0.10675
HPMR,15,21,14,0.5,0.6,0.55,0.06674120476832758,0.1431
HPMR,15,21,15,0.4,0.5,0.45,0.026622492379972083,0.19685
HPMR,15,21,16,0.3,0.4,0.35,0.03077024406025706,0.3177
HPMR,15,21,17,0.2,0.3,0.25,0.030711679059774243,0.7008000000000001
HPMR,15,21,18,0.15,0.2,0.175,0.022737037992658835,1.5062499999999999
HPMR,15,21,19,0.1,0.15,0.125,0.045883950652619895,3.7815000000000003
HPMR,15,21,20,0.088,0.1,0.094,0.007446020036968659,6.616
HPMR,15,21,21,0.08,0.088,0.08399999999999999,0.006966333318336437,2.1645
HPMR,15,21,22,0.06,0.08,0.07,0.014870850630141232,3.7199999999999998
HPMR,15,21,23,0.05,0.06,0.055,0.005632418627366957,6.531000000000001
HPMR,15,21,24,0.04,0.05,0.045,0.009497652423978525,11.2005
HPMR,15,21,25,0.03,0.04,0.035,0.013093816596286813,22.34
HPMR,15,21,26,0.02,0.03,0.025,0.009443505907757102,58.34
HPMR,15,21,27,0.0159,0.02,0.01795,0.004201794562966452,120.58000000000001
HPMR,15,21,28,0.0155,0.0159,0.0157,0.0004325925853084452,138.0
HPMR,15,21,29,0.0152,0.0155,0.015349999999999999,0.00031697113520573163,145.05
HPMR,15,21,30,0.015,0.0152,0.015099999999999999,0.00020787491872745718,109.69999999999999
HPMR,15,21,31,0.013,0.015,0.013999999999999999,0.0022206177192671942,136.85
HPMR,15,21,32,0.01,0.013,0.0115,0.0035764657661102248,98.805
HPMR,15,21,33,0.008,0.01,0.009000000000000001,0.0025959478732530835,179.64999999999998
HPMR,15,21,34,0.006,0.008,0.007,0.0028872304229795457,347.95
HPMR,15,21,35,0.005,0.006,0.0055,0.001683795982331299,598.8
HPMR,15,21,36,0.004,0.005,0.0045000000000000005,3.1785611743524965e-05,990.7
HPMR,15,21,37,0.00385,0.004,0.003925,4.270618882223832e-09,1309.5
HPMR,15,21,38,0.0037,0.00385,0.003775,3.1583614710309614e-06,1339.5
HPMR,15,21,39,0.00355,0.0037,0.003625,5.660584456131395e-09,1513.5
HPMR,15,21,40,0.0033,0.00355,0.003425,6.740100497266964e-07,1540.5
HPMR,15,21,41,0.00307,0.0033,0.003185,2.546166417801528e-07,1971.0
HPMR,15,21,42,0.003,0.00307,0.003035,4.758488553372074e-09,1911.0
HPMR,15,21,43,0.00259,0.003,0.0027949999999999997,8.008869056286477e-08,2211.5
HPMR,15,21,44,0.00253,0.00259,0.0025599999999999998,8.973372755458784e-12,1835.0
HPMR,15,21,45,0.00248,0.00253,0.0025050000000000003,9.924041778728289e-11,1561.5
HPMR,15,21,46,0.002,0.00248,0.00224,1.1072856523658753e-08,1042.8
HPMR,15,21,47,0.0015,0.002,0.00175,9.707048409929772e-10,1820.5
HPMR,15,21,48,0.001,0.0015,0.00125,5.3674541766228954e-11,3783.0
HPMR,15,22,1,15.0,20.0,17.5,0.0,0.05932
HPMR,15,22,2,10.0,15.0,12.5,4.938732723832691e-13,0.05315
HPMR,15,22,3,8.0,10.0,9.0,4.869951353032179e-12,0.048235
HPMR,15,22,4,6.0,8.0,7.0,3.3680091983129614e-11,0.045329999999999995
HPMR,15,22,5,5.0,6.0,5.5,5.919670388510279e-11,0.043315
HPMR,15,22,6,4.0,5.0,4.5,1.4485642062767965e-10,0.042345
HPMR,15,22,7,3.0,4.0,3.5,7.809351562804672e-05,0.042155
HPMR,15,22,8,2.0,3.0,2.5,0.027298101974265927,0.0442
HPMR,15,22,9,1.5,2.0,1.75,0.006665109250797614,0.04914
HPMR,15,22,10,1.25,1.5,1.375,0.02321047926155203,0.05549
HPMR,15,22,11,1.0,1.25,1.125,0.026190407327442208,0.06489
HPMR,15,22,12,0.8,1.0,0.9,0.028244336045450937,0.07986
HPMR,15,22,13,0.6,0.8,0.7,0.5850997492515104,0.10675
HPMR,15,22,14,0.5,0.6,0.55,0.06597237399518789,0.1431
HPMR,15,22,15,0.4,0.5,0.45,0.026221948463148372,0.19685
HPMR,15,22,16,0.3,0.4,0.35,0.030155078020412625,0.3177
HPMR,15,22,17,0.2,0.3,0.25,0.030118864123861097,0.7008000000000001
HPMR,15,22,18,0.15,0.2,0.175,0.022319150130299975,1.5062499999999999
HPMR,15,22,19,0.1,0.15,0.125,0.04474585720220114,3.7815000000000003
HPMR,15,22,20,0.088,0.1,0.094,0.0073138086128407675,6.616
HPMR,15,22,21,0.08,0.088,0.08399999999999999,0.0068228382931326765,2.1645
HPMR,15,22,22,0.06,0.08,0.07,0.014616395924280039,3.7199999999999998
HPMR,15,22,23,0.05,0.06,0.055,0.005538206219213154,6.531000000000001
HPMR,15,22,24,0.04,0.05,0.045,0.009324911477701788,11.2005
HPMR,15,22,25,0.03,0.04,0.035,0.012888642601708893,22.34
HPMR,15,22,26,0.02,0.03,0.025,0.009300880136211375,58.34
HPMR,15,22,27,0.0159,0.02,0.01795,0.004134790061339892,120.58000000000001
HPMR,15,22,28,0.0155,0.0159,0.0157,0.0004257636109542775,138.0
HPMR,15,22,29,0.0152,0.0155,0.015349999999999999,0.0003119606900616886,145.05
HPMR,15,22,30,0.015,0.0152,0.015099999999999999,0.00020457987816750695,109.69999999999999
HPMR,15,22,31,0.013,0.015,0.013999999999999999,0.0021858707958500507,136.85
HPMR,15,22,32,0.01,0.013,0.0115,0.003520524774619131,98.805
HPMR,15,22,33,0.008,0.01,0.009000000000000001,0.002555733167505414,179.64999999999998
HPMR,15,22,34,0.006,0.008,0.007,0.0028427908792947147,347.95
HPMR,15,22,35,0.005,0.006,0.0055,0.0016560097551633086,598.8
HPMR,15,22,36,0.004,0.005,0.0045000000000000005,3.24956305509893e-05,990.7
HPMR,15,22,37,0.00385,0.004,0.003925,3.97348802580129e-09,1309.5
HPMR,15,22,38,0.0037,0.00385,0.003775,3.200907515585849e-06,1339.5
HPMR,15,22,39,0.00355,0.0037,0.003625,5.873393367709643e-09,1513.5
HPMR,15,22,40,0.0033,0.00355,0.003425,6.830938023405156e-07,1540.5
HPMR,15,22,41,0.00307,0.0033,0.003185,2.6428562928141676e-07,1971.0
HPMR,15,22,42,0.003,0.00307,0.003035,4.767728367935966e-09,1911.0
HPMR,15,22,43,0.00259,0.003,0.0027949999999999997,7.61186149778351e-08,2211.5
HPMR,15,22,44,0.00253,0.00259,0.0025599999999999998,8.970846375390053e-12,1835.0
HPMR,15,22,45,0.00248,0.00253,0.0025050000000000003,7.449565666143691e-11,1561.5
HPMR,15,22,46,0.002,0.00248,0.00224,8.71750263310001e-09,1042.8
HPMR,15,22,47,0.0015,0.002,0.00175,8.141117582825095e-10,1820.5
HPMR,15,22,48,0.001,0.0015,0.00125,5.129606660149772e-11,3783.0
HPMR,15,23,1,15.0,20.0,17.5,0.0,0.05932
HPMR,15,23,2,10.0,15.0,12.5,4.86457204248421e-13,0.05315
HPMR,15,23,3,8.0,10.0,9.0,4.7971109936358575e-12,0.048235
HPMR,15,23,4,6.0,8.0,7.0,3.3182430426482397e-11,0.045329999999999995
HPMR,15,23,5,5.0,6.0,5.5,5.833266352040148e-11,0.043315
HPMR,15,23,6,4.0,5.0,4.5,1.4277078990728822e-10,0.042345
HPMR,15,23,7,3.0,4.0,3.5,7.633363391672927e-05,0.042155
HPMR,15,23,8,2.0,3.0,2.5,0.026328055790130533,0.0442
HPMR,15,23,9,1.5,2.0,1.75,0.0065016764082682825,0.04914
HPMR,15,23,10,1.25,1.5,1.375,0.023043361669288106,0.05549
HPMR,15,23,11,1.0,1.25,1.125,0.025888101827797504,0.06489
HPMR,15,23,12,0.8,1.0,0.9,0.027962652310232507,0.07986
HPMR,15,23,13,0.6,0.8,0.7,0.592702518957557,0.10675
HPMR,15,23,14,0.5,0.6,0.55,0.06508845387821582,0.1431
HPMR,15,23,15,0.4,0.5,0.45,0.025794317047030887,0.19685
HPMR,15,23,16,0.3,0.4,0.35,0.02950860945708803,0.3177
HPMR,15,23,17,0.2,0.3,0.25,0.029495724318928298,0.7008000000000001
HPMR,15,23,18,0.15,0.2,0.175,0.021878272775721082,1.5062499999999999
HPMR,15,23,19,0.1,0.15,0.125,0.0435630090467343,3.7815000000000003
HPMR,15,23,20,0.088,0.1,0.094,0.007174386122679652,6.616
HPMR,15,23,21,0.08,0.088,0.08399999999999999,0.006672661326873511,2.1645
HPMR,15,23,22,0.06,0.08,0.07,0.014347817534451362,3.7199999999999998
HPMR,15,23,23,0.05,0.06,0.055,0.005438687101065578,6.531000000000001
HPMR,15,23,24,0.04,0.05,0.045,0.009142654105107471,11.2005
HPMR,15,23,25,0.03,0.04,0.035,0.01267102002494034,22.34
HPMR,15,23,26,0.02,0.03,0.025,0.009148880480594052,58.34
HPMR,15,23,27,0.0159,0.02,0.01795,0.004064153313422465,120.58000000000001
HPMR,15,23,28,0.0155,0.0159,0.0157,0.00041849614285752136,138.0
HPMR,15,23,29,0.0152,0.0155,0.015349999999999999,0.0003066360210984869,145.05
HPMR,15,23,30,0.015,0.0152,0.015099999999999999,0.00020108940949186994,109.69999999999999
HPMR,15,23,31,0.013,0.015,0.013999999999999999,0.0021490127446082644,136.85
HPMR,15,23,32,0.01,0.013,0.0115,0.0034610259393967517,98.805
HPMR,15,23,33,0.008,0.01,0.009000000000000001,0.002512809486996679,179.64999999999998
HPMR,15,23,34,0.006,0.008,0.007,0.0027954696385999655,347.95
HPMR,15,23,35,0.005,0.006,0.0055,0.0016266405958691255,598.8
HPMR,15,23,36,0.004,0.005,0.0045000000000000005,3.3172571998628645e-05,990.7
HPMR,15,23,37,0.00385,0.004,0.003925,3.724091600866332e-09,1309.5
HPMR,15,23,38,0.0037,0.00385,0.003775,3.238668234380996e-06,1339.5
HPMR,15,23,39,0.00355,0.0037,0.003625,6.080898817659554e-09,1513.5
HPMR,15,23,40,0.0033,0.00355,0.003425,6.922441027261415e-07,1540.5
HPMR,15,23,41,0.00307,0.0033,0.003185,2.737560195657777e-07,1971.0
HPMR,15,23,42,0.003,0.00307,0.003035,4.7725023687318335e-09,1911.0
HPMR,15,23,43,0.00259,0.003,0.0027949999999999997,7.303824686076298e-08,2211.5
HPMR,15,23,44,0.00253,0.00259,0.0025599999999999998,8.96509517171766e-12,1835.0
HPMR,15,23,45,0.00248,0.00253,0.0025050000000000003,5.579852004961953e-11,1561.5
HPMR,15,23,46,0.002,0.00248,0.00224,6.98361343686832e-09,1042.8
HPMR,15,23,47,0.0015,0.002,0.00175,6.980804649704374e-10,1820.5
HPMR,15,23,48,0.001,0.0015,0.00125,4.891596241644716e-11,3783.0
HPMR,15,24,1,15.0,20.0,17.5,0.0,0.05932
HPMR,15,24,2,10.0,15.0,12.5,4.80031187666637e-13,0.05315
HPMR,15,24,3,8.0,10.0,9.0,4.734375517303858e-12,0.048235
HPMR,15,24,4,6.0,8.0,7.0,3.2754027402984424e-11,0.045329999999999995
HPMR,15,24,5,5.0,6.0,5.5,5.7590056096197136e-11,0.043315
HPMR,15,24,6,4.0,5.0,4.5,1.4098626680785152e-10,0.042345
HPMR,15,24,7,3.0,4.0,3.5,7.447740344327764e-05,0.042155
HPMR,15,24,8,2.0,3.0,2.5,0.02534493107879586,0.0442
HPMR,15,24,9,1.5,2.0,1.75,0.006332207350934464,0.04914
HPMR,15,24,10,1.25,1.5,1.375,0.022851720876689977,0.05549
HPMR,15,24,11,1.0,1.25,1.125,0.025557383735811144,0.06489
HPMR,15,24,12,0.8,1.0,0.9,0.02764979640959829,0.07986
HPMR,15,24,13,0.6,0.8,0.7,0.6006407846885891,0.10675
HPMR,15,24,14,0.5,0.6,0.55,0.06411588608970406,0.1431
HPMR,15,24,15,0.4,0.5,0.45,0.025347256876304233,0.19685
HPMR,15,24,16,0.3,0.4,0.35,0.02884293053139612,0.3177
HPMR,15,24,17,0.2,0.3,0.25,0.02885420170393672,0.7008000000000001
HPMR,15,24,18,0.15,0.2,0.175,0.021423368118419855,1.5062499999999999
HPMR,15,24,19,0.1,0.15,0.125,0.042358587121331344,3.7815000000000003
HPMR,15,24,20,0.088,0.1,0.094,0.007030474380574716,6.616
HPMR,15,24,21,0.08,0.088,0.08399999999999999,0.006518645068281037,2.1645
HPMR,15,24,22,0.06,0.08,0.07,0.014070180388182687,3.7199999999999998
HPMR,15,24,23,0.05,0.06,0.055,0.0053357909714702376,6.531000000000001
HPMR,15,24,24,0.04,0.05,0.045,0.008954946583506923,11.2005
HPMR,15,24,25,0.03,0.04,0.035,0.01244525301357948,22.34
HPMR,15,24,26,0.02,0.03,0.025,0.008990996444886783,58.34
HPMR,15,24,27,0.0159,0.02,0.01795,0.003990793901362877,120.58000000000001
HPMR,15,24,28,0.0155,0.0159,0.0157,0.0004109906042604435,138.0
HPMR,15,24,29,0.0152,0.0155,0.015349999999999999,0.0003011241342909397,145.05
HPMR,15,24,30,0.015,0.0152,0.015099999999999999,0.00019747178377656994,109.69999999999999
HPMR,15,24,31,0.013,0.015,0.013999999999999999,0.0021108150993034403,136.85
HPMR,15,24,32,0.01,0.013,0.0115,0.003399501928120464,98.805
HPMR,15,24,33,0.008,0.01,0.009000000000000001,0.0024685478031420418,179.64999999999998
HPMR,15,24,34,0.006,0.008,0.007,0.0027465342776433863,347.95
HPMR,15,24,35,0.005,0.006,0.0055,0.0015962306114998377,598.8
HPMR,15,24,36,0.004,0.005,0.0045000000000000005,3.3822373543082746e-05,990.7
HPMR,15,24,37,0.00385,0.004,0.003925,3.5164667320855362e-09,1309.5
HPMR,15,24,38,0.0037,0.00385,0.003775,3.2721958233493905e-06,1339.5
HPMR,15,24,39,0.00355,0.0037,0.003625,6.283960470698172e-09,1513.5
HPMR,15,24,40,0.0033,0.00355,0.003425,7.016694030337577e-07,1540.5
HPMR,15,24,41,0.00307,0.0033,0.003185,2.830582785102391e-07,1971.0
HPMR,15,24,42,0.003,0.00307,0.003035,4.774243443654968e-09,1911.0
HPMR,15,24,43,0.00259,0.003,0.0027949999999999997,7.049155007254505e-08,2211.5
HPMR,15,24,44,0.00253,0.00259,0.0025599999999999998,8.957626617866577e-12,1835.0
HPMR,15,24,45,0.00248,0.00253,0.0025050000000000003,4.171324629760674e-11,1561.5
HPMR,15,24,46,0.002,0.00248,0.00224,5.711128173372253e-09,1042.8
HPMR,15,24,47,0.0015,0.002,0.00175,6.129952421455915e-10,1820.5
HPMR,15,24,48,0.001,0.0015,0.00125,4.655620435520172e-11,3783.0
HPMR,15,25,1,15.0,20.0,17.5,0.0,0.05932
HPMR,15,25,2,10.0,15.0,12.5,4.746876136301272e-13,0.05315
HPMR,15,25,3,8.0,10.0,9.0,4.681884604906576e-12,0.048235
HPMR,15,25,4,6.0,8.0,7.0,3.2397470047875203e-11,0.045329999999999995
HPMR,15,25,5,5.0,6.0,5.5,5.6973045312344464e-11,0.043315
HPMR,15,25,6,4.0,5.0,4.5,1.395003727599406e-10,0.042345
HPMR,15,25,7,3.0,4.0,3.5,7.255124285742185e-05,0.042155
HPMR,15,25,8,2.0,3.0,2.5,0.024359583508391364,0.0442
HPMR,15,25,9,1.5,2.0,1.75,0.006159321798694307,0.04914
HPMR,15,25,10,1.25,1.5,1.375,0.02264354378765317,0.05549
HPMR,15,25,11,1.0,1.25,1.125,0.025203272435842767,0.06489
HPMR,15,25,12,0.8,1.0,0.9,0.027313072149028773,0.07986
HPMR,15,25,13,0.6,0.8,0.7,0.6087863448255363,0.10675
HPMR,15,25,14,0.5,0.6,0.55,0.06307541291188479,0.1431
HPMR,15,25,15,0.4,0.5,0.45,0.024888569306210875,0.19685
HPMR,15,25,16,0.3,0.4,0.35,0.028168170392936807,0.3177
HPMR,15,25,17,0.2,0.3,0.25,0.02820364551455097,0.7008000000000001
HPMR,15,25,18,0.15,0.2,0.175,0.020961547250026483,1.5062499999999999
HPMR,15,25,19,0.1,0.15,0.125,0.04114513616902991,3.7815000000000003
HPMR,15,25,20,0.088,0.1,0.094,0.0068843390536959944,6.616
HPMR,15,25,21,0.08,0.088,0.08399999999999999,0.006362729124912093,2.1645
HPMR,15,25,22,0.06,0.08,0.07,0.013788551566146258,3.7199999999999998
HPMR,15,25,23,0.05,0.06,0.055,0.0052313702190963565,6.531000000000001
HPMR,15,25,24,0.04,0.05,0.045,0.008764295084411334,11.2005
HPMR,15,25,25,0.03,0.04,0.035,0.012216467856489494,22.34
HPMR,15,25,26,0.02,0.03,0.025,0.008829979489275056,58.34
HPMR,15,25,27,0.0159,0.02,0.01795,0.003916187362791398,120.58000000000001
HPMR,15,25,28,0.0155,0.0159,0.0157,0.00040336044723465227,138.0
HPMR,15,25,29,0.0152,0.0155,0.015349999999999999,0.0002954997257137302,145.05
HPMR,15,25,30,0.015,0.0152,0.015099999999999999,0.00019379414103574958,109.69999999999999
HPMR,15,25,31,0.013,0.015,0.013999999999999999,0.0020719946890533367,136.85
HPMR,15,25,32,0.01,0.013,0.0115,0.003336804720328767,98.805
HPMR,15,25,33,0.008,0.01,0.009000000000000001,0.0024233388153899324,179.64999999999998
HPMR,15,25,34,0.006,0.008,0.007,0.002696792877832432,347.95
HPMR,15,25,35,0.005,0.006,0.0055,0.0015654783159187115,598.8
HPMR,15,25,36,0.004,0.005,0.0045000000000000005,3.445105462694086e-05,990.7
HPMR,15,25,37,0.00385,0.004,0.003925,3.345309973118891e-09,1309.5
HPMR,15,25,38,0.0037,0.00385,0.003775,3.3020695875795256e-06,1339.5
HPMR,15,25,39,0.00355,0.0037,0.003625,6.483514985273626e-09,1513.5
HPMR,15,25,40,0.0033,0.00355,0.003425,7.113579474332968e-07,1540.5
HPMR,15,25,41,0.00307,0.0033,0.003185,2.922217782850171e-07,1971.0
HPMR,15,25,42,0.003,0.00307,0.003035,4.774246116457889e-09,1911.0
HPMR,15,25,43,0.00259,0.003,0.0027949999999999997,6.826061928131812e-08,2211.5
HPMR,15,25,44,0.00253,0.00259,0.0025599999999999998,8.951555687306923e-12,1835.0
HPMR,15,25,45,0.00248,0.00253,0.0025050000000000003,3.113382312019645e-11,1561.5
HPMR,15,25,46,0.002,0.00248,0.00224,4.7806865139271855e-09,1042.8
HPMR,15,25,47,0.0015,0.002,0.00175,5.513609917126113e-10,1820.5
HPMR,15,25,48,0.001,0.0015,0.00125,4.4239970997348734e-11,3783.0
HPMR,15,26,1,15.0,20.0,17.5,0.0,0.05932
HPMR,15,26,2,10.0,15.0,12.5,4.703602987794138e-13,0.05315
HPMR,15,26,3,8.0,10.0,9.0,4.6396751448771876e-12,0.048235
HPMR,15,26,4,6.0,8.0,7.0,3.2111593822888684e-11,0.045329999999999995
HPMR,15,26,5,5.0,6.0,5.5,5.6478677220988836e-11,0.043315
HPMR,15,26,6,4.0,5.0,4.5,1.3831565285901667e-10,0.042345
HPMR,15,26,7,3.0,4.0,3.5,7.057881566513621e-05,0.042155
HPMR,15,26,8,2.0,3.0,2.5,0.023379869823874445,0.0442
HPMR,15,26,9,1.5,2.0,1.75,0.005984494022215817,0.04914
HPMR,15,26,10,1.25,1.5,1.375,0.02242295290247675,0.05549
HPMR,15,26,11,1.0,1.25,1.125,0.02483610988197519,0.06489
HPMR,15,26,12,0.8,1.0,0.9,0.02695830466733298,0.07986
HPMR,15,26,13,0.6,0.8,0.7,0.6170361129140823,0.10675
HPMR,15,26,14,0.5,0.6,0.55,0.06198380769382068,0.1431
HPMR,15,26,15,0.4,0.5,0.45,0.02442453271148155,0.19685
HPMR,15,26,16,0.3,0.4,0.35,0.027491925901577157,0.3177
HPMR,15,26,17,0.2,0.3,0.25,0.027551852299780976,0.7008000000000001
HPMR,15,26,18,0.15,0.2,0.175,0.020498067450473657,1.5062499999999999
HPMR,15,26,19,0.1,0.15,0.125,0.03993346551213111,3.7815000000000003
HPMR,15,26,20,0.088,0.1,0.094,0.006737846018357281,6.616
HPMR,15,26,21,0.08,0.088,0.08399999999999999,0.006206880981222679,2.1645
HPMR,15,26,22,0.06,0.08,0.07,0.013504875906822348,3.7199999999999998
HPMR,15,26,23,0.05,0.06,0.055,0.005126593802969517,6.531000000000001
HPMR,15,26,24,0.04,0.05,0.045,0.008573581187601646,11.2005
HPMR,15,26,25,0.03,0.04,0.035,0.011986994545640733,22.34
HPMR,15,26,26,0.02,0.03,0.025,0.008668367791056304,58.34
HPMR,15,26,27,0.0159,0.02,0.01795,0.003841319281137094,120.58000000000001
HPMR,15,26,28,0.0155,0.0159,0.0157,0.00039569314988737407,138.0
HPMR,15,26,29,0.0152,0.0155,0.015349999999999999,0.0002898717242383148,145.05
HPMR,15,26,30,0.015,0.0152,0.015099999999999999,0.00019009853943665123,109.69999999999999
HPMR,15,26,31,0.013,0.015,0.013999999999999999,0.0020330006772522084,136.85
HPMR,15,26,32,0.01,0.013,0.0115,0.0032739725370357323,98.805
HPMR,15,26,33,0.008,0.01,0.009000000000000001,0.0023780585930146723,179.64999999999998
HPMR,15,26,34,0.006,0.008,0.007,0.002646688914756304,347.95
HPMR,15,26,35,0.005,0.006,0.0055,0.0015345826292342823,598.8
HPMR,15,26,36,0.004,0.005,0.0045000000000000005,3.5062087663864914e-05,990.7
HPMR,15,26,37,0.00385,0.004,0.003925,3.205901293390826e-09,1309.5
HPMR,15,26,38,0.0037,0.00385,0.003775,3.328594639182321e-06,1339.5
HPMR,15,26,39,0.00355,0.0037,0.003625,6.679937967921267e-09,1513.5
HPMR,15,26,40,0.0033,0.00355,0.003425,7.214023655569645e-07,1540.5
HPMR,15,26,41,0.00307,0.0033,0.003185,3.0125203307469946e-07,1971.0
HPMR,15,26,42,0.003,0.00307,0.003035,4.773379323249305e-09,1911.0
HPMR,15,26,43,0.00259,0.003,0.0027949999999999997,6.620950480137635e-08,2211.5
HPMR,15,26,44,0.00253,0.00259,0.0025599999999999998,8.946651121805899e-12,1835.0
HPMR,15,26,45,0.00248,0.00253,0.0025050000000000003,2.3204677999809122e-11,1561.5
HPMR,15,26,46,0.002,0.00248,0.00224,4.104393882712019e-09,1042.8
HPMR,15,26,47,0.0015,0.002,0.00175,5.074832257430351e-10,1820.5
HPMR,15,26,48,0.001,0.0015,0.00125,4.1979442302953046e-11,3783.0
HPMR,15,27,1,15.0,20.0,17.5,0.0,0.05932
HPMR,15,27,2,10.0,15.0,12.5,4.670371101240775e-13,0.05315
HPMR,15,27,3,8.0,10.0,9.0,4.60754997341192e-12,0.048235
HPMR,15,27,4,6.0,8.0,7.0,3.1893742973204784e-11,0.045329999999999995
HPMR,15,27,5,5.0,6.0,5.5,5.610509591560506e-11,0.043315
HPMR,15,27,6,4.0,5.0,4.5,1.374263688113603e-10,0.042345
HPMR,15,27,7,3.0,4.0,3.5,6.857580611926902e-05,0.042155
HPMR,15,27,8,2.0,3.0,2.5,0.02241130488102491,0.0442
HPMR,15,27,9,1.5,2.0,1.75,0.0058093842866100845,0.04914
HPMR,15,27,10,1.25,1.5,1.375,0.02219383014726874,0.05549
HPMR,15,27,11,1.0,1.25,1.125,0.02445873198528773,0.06489
HPMR,15,27,12,0.8,1.0,0.9,0.026593296174074167,0.07986
HPMR,15,27,13,0.6,0.8,0.7,0.6253184840861196,0.10675
HPMR,15,27,14,0.5,0.6,0.55,0.06085230072988863,0.1431
HPMR,15,27,15,0.4,0.5,0.45,0.02395710498519228,0.19685
HPMR,15,27,16,0.3,0.4,0.35,0.026818989073178142,0.3177
HPMR,15,27,17,0.2,0.3,0.25,0.026903574846668415,0.7008000000000001
HPMR,15,27,18,0.15,0.2,0.175,0.020036966518777354,1.5062499999999999
HPMR,15,27,19,0.1,0.15,0.125,0.03873331721687709,3.7815000000000003
HPMR,15,27,20,0.088,0.1,0.094,0.0065920028711838816,6.616
HPMR,15,27,21,0.08,0.088,0.08399999999999999,0.006051953126926192,2.1645
HPMR,15,27,22,0.06,0.08,0.07,0.013223209580215601,3.7199999999999998
HPMR,15,27,23,0.05,0.06,0.055,0.005022344083760799,6.531000000000001
HPMR,15,27,24,0.04,0.05,0.045,0.00838397112677133,11.2005
HPMR,15,27,25,0.03,0.04,0.035,0.011758894425359509,22.34
HPMR,15,27,26,0.02,0.03,0.025,0.0085066597492712,58.34
HPMR,15,27,27,0.0159,0.02,0.01795,0.003766899856837645,120.58000000000001
HPMR,15,27,28,0.0155,0.0159,0.0157,0.0003880461654752446,138.0
HPMR,15,27,29,0.0152,0.0155,0.015349999999999999,0.0002842664276952864,145.05
HPMR,15,27,30,0.015,0.0152,0.015099999999999999,0.000186421490764697,109.69999999999999
HPMR,15,27,31,0.013,0.015,0.013999999999999999,0.0019942106812010476,136.85
HPMR,15,27,32,0.01,0.013,0.0115,0.003211384261350488,98.805
HPMR,15,27,33,0.008,0.01,0.009000000000000001,0.0023329188088946043,179.64999999999998
HPMR,15,27,34,0.006,0.008,0.007,0.0025969991263157448,347.95
HPMR,15,27,35,0.005,0.006,0.0055,0.001503821224934029,598.8
HPMR,15,27,36,0.004,0.005,0.0045000000000000005,3.5658791166996307e-05,990.7
HPMR,15,27,37,0.00385,0.004,0.003925,3.094062714118657e-09,1309.5
HPMR,15,27,38,0.0037,0.00385,0.003775,3.3521018213948688e-06,1339.5
HPMR,15,27,39,0.00355,0.0037,0.003625,6.873700481927036e-09,1513.5
HPMR,15,27,40,0.0033,0.00355,0.003425,7.317940156057926e-07,1540.5
HPMR,15,27,41,0.00307,0.0033,0.003185,3.101728324373051e-07,1971.0
HPMR,15,27,42,0.003,0.00307,0.003035,4.772330714104072e-09,1911.0
HPMR,15,27,43,0.00259,0.003,0.0027949999999999997,6.426599414344897e-08,2211.5
HPMR,15,27,44,0.00253,0.00259,0.0025599999999999998,8.94494358404943e-12,1835.0
HPMR,15,27,45,0.00248,0.00253,0.0025050000000000003,1.7272998804431014e-11,1561.5
HPMR,15,27,46,0.002,0.00248,0.00224,3.6165877972703114e-09,1042.8
HPMR,15,27,47,0.0015,0.002,0.00175,4.769430658477935e-10,1820.5
HPMR,15,27,48,0.001,0.0015,0.00125,3.978327983444776e-11,3783.0
HPMR,15,28,1,15.0,20.0,17.5,0.0,0.05932
HPMR,15,28,2,10.0,15.0,12.5,4.646898357277042e-13,0.05315
HPMR,15,28,3,8.0,10.0,9.0,4.584710884149024e-12,0.048235
HPMR,15,28,4,6.0,8.0,7.0,3.1741051625205077e-11,0.045329999999999995
HPMR,15,28,5,5.0,6.0,5.5,5.5845461359551524e-11,0.043315
HPMR,15,28,6,4.0,5.0,4.5,1.3681445995544196e-10,0.042345
HPMR,15,28,7,3.0,4.0,3.5,6.6554729763599e-05,0.042155
HPMR,15,28,8,2.0,3.0,2.5,0.021458716376771842,0.0442
HPMR,15,28,9,1.5,2.0,1.75,0.005635386414311111,0.04914
HPMR,15,28,10,1.25,1.5,1.375,0.021959951448331273,0.05549
HPMR,15,28,11,1.0,1.25,1.125,0.024072912183021877,0.06489
HPMR,15,28,12,0.8,1.0,0.9,0.026219894311290633,0.07986
HPMR,15,28,13,0.6,0.8,0.7,0.633563149524921,0.10675
HPMR,15,28,14,0.5,0.6,0.55,0.05969331125934762,0.1431
HPMR,15,28,15,0.4,0.5,0.45,0.023492327511010144,0.19685
HPMR,15,28,16,0.3,0.4,0.35,0.02615548585697947,0.3177
HPMR,15,28,17,0.2,0.3,0.25,0.02626411202757322,0.7008000000000001
HPMR,15,28,18,0.15,0.2,0.175,0.019581633939100094,1.5062499999999999
HPMR,15,28,19,0.1,0.15,0.125,0.03755477273315359,3.7815000000000003
HPMR,15,28,20,0.088,0.1,0.094,0.006448215050496556,6.616
HPMR,15,28,21,0.08,0.088,0.08399999999999999,0.0058994429053226445,2.1645
HPMR,15,28,22,0.06,0.08,0.07,0.0129451705425941,3.7199999999999998
HPMR,15,28,23,0.05,0.06,0.055,0.004919584369721991,6.531000000000001
HPMR,15,28,24,0.04,0.05,0.045,0.008197056015579799,11.2005
HPMR,15,28,25,0.03,0.04,0.035,0.011534362913585295,22.34
HPMR,15,28,26,0.02,0.03,0.025,0.008346851101013813,58.34
HPMR,15,28,27,0.0159,0.02,0.01795,0.003693460411923683,120.58000000000001
HPMR,15,28,28,0.0155,0.0159,0.0157,0.0003805203022932138,138.0
HPMR,15,28,29,0.0152,0.0155,0.015349999999999999,0.0002787304934978264,145.05
HPMR,15,28,30,0.015,0.0152,0.015099999999999999,0.00018279089047400522,109.69999999999999
HPMR,15,28,31,0.013,0.015,0.013999999999999999,0.0019559090980091186,136.85
HPMR,15,28,32,0.01,0.013,0.0115,0.0031494724621256424,98.805
HPMR,15,28,33,0.008,0.01,0.009000000000000001,0.002288357675944854,179.64999999999998
HPMR,15,28,34,0.006,0.008,0.007,0.002547707705921928,347.95
HPMR,15,28,35,0.005,0.006,0.0055,0.0014733989168973923,598.8
HPMR,15,28,36,0.004,0.005,0.0045000000000000005,3.6245201464620075e-05,990.7
HPMR,15,28,37,0.00385,0.004,0.003925,3.0061389176292233e-09,1309.5
HPMR,15,28,38,0.0037,0.00385,0.003775,3.3728128155972003e-06,1339.5
HPMR,15,28,39,0.00355,0.0037,0.003625,7.065241480807622e-09,1513.5
HPMR,15,28,40,0.0033,0.00355,0.003425,7.425678964567022e-07,1540.5
HPMR,15,28,41,0.00307,0.0033,0.003185,3.189973568305617e-07,1971.0
HPMR,15,28,42,0.003,0.00307,0.003035,4.771725878925988e-09,1911.0
HPMR,15,28,43,0.00259,0.003,0.0027949999999999997,6.239244950048388e-08,2211.5
HPMR,15,28,44,0.00253,0.00259,0.0025599999999999998,8.946209121244521e-12,1835.0
HPMR,15,28,45,0.00248,0.00253,0.0025050000000000003,1.2843220439529503e-11,1561.5
HPMR,15,28,46,0.002,0.00248,0.00224,3.2686640421149817e-09,1042.8
HPMR,15,28,47,0.0015,0.002,0.00175,4.563712516599304e-10,1820.5
HPMR,15,28,48,0.001,0.0015,0.00125,3.7658250265550044e-11,3783.0
HPMR,15,29,1,15.0,20.0,17.5,0.0,0.05932
HPMR,15,29,2,10.0,15.0,12.5,4.632496959764416e-13,0.05315
HPMR,15,29,3,8.0,10.0,9.0,4.570764917411453e-12,0.048235
HPMR,15,29,4,6.0,8.0,7.0,3.165038124402537e-11,0.045329999999999995
HPMR,15,29,5,5.0,6.0,5.5,5.569371484885865e-11,0.043315
HPMR,15,29,6,4.0,5.0,4.5,1.3645997651287224e-10,0.042345
HPMR,15,29,7,3.0,4.0,3.5,6.452741448257021e-05,0.042155
HPMR,15,29,8,2.0,3.0,2.5,0.020525644704031204,0.0442
HPMR,15,29,9,1.5,2.0,1.75,0.005462559488915485,0.04914
HPMR,15,29,10,1.25,1.5,1.375,0.02172254600418982,0.05549
HPMR,15,29,11,1.0,1.25,1.125,0.023682538348896418,0.06489
HPMR,15,29,12,0.8,1.0,0.9,0.025840929177618904,0.07986
HPMR,15,29,13,0.6,0.8,0.7,0.6417372619285383,0.10675
HPMR,15,29,14,0.5,0.6,0.55,0.05851377979540641,0.1431
HPMR,15,29,15,0.4,0.5,0.45,0.02303030560225456,0.19685
HPMR,15,29,16,0.3,0.4,0.35,0.025502596084991985,0.3177
HPMR,15,29,17,0.2,0.3,0.25,0.025635916546208056,0.7008000000000001
HPMR,15,29,18,0.15,0.2,0.175,0.019134028092131536,1.5062499999999999
HPMR,15,29,19,0.1,0.15,0.125,0.03639856093861929,3.7815000000000003
HPMR,15,29,20,0.088,0.1,0.094,0.006307022702904522,6.616
HPMR,15,29,21,0.08,0.088,0.08399999999999999,0.005749707899568599,2.1645
HPMR,15,29,22,0.06,0.08,0.07,0.012672063150487663,3.7199999999999998
HPMR,15,29,23,0.05,0.06,0.055,0.0048187617255396695,6.531000000000001
HPMR,15,29,24,0.04,0.05,0.045,0.008013451980537966,11.2005
HPMR,15,29,25,0.03,0.04,0.035,0.011314393974315542,22.34
HPMR,15,29,26,0.02,0.03,0.025,0.008190130123265464,58.34
HPMR,15,29,27,0.0159,0.02,0.01795,0.0036214993707467872,120.58000000000001
HPMR,15,29,28,0.0155,0.0159,0.0157,0.0003731148965638769,138.0
HPMR,15,29,29,0.0152,0.0155,0.015349999999999999,0.0002732936030716772,145.05
HPMR,15,29,30,0.015,0.0152,0.015099999999999999,0.00017922420040706482,109.69999999999999
HPMR,15,29,31,0.013,0.015,0.013999999999999999,0.0019183123222285185,136.85
HPMR,15,29,32,0.01,0.013,0.0115,0.003088801645879919,98.805
HPMR,15,29,33,0.008,0.01,0.009000000000000001,0.002244577059953759,179.64999999999998
HPMR,15,29,34,0.006,0.008,0.007,0.0024994940819054088,347.95
HPMR,15,29,35,0.005,0.006,0.0055,0.0014435856539410103,598.8
HPMR,15,29,36,0.004,0.005,0.0045000000000000005,3.68201025992581e-05,990.7
HPMR,15,29,37,0.00385,0.004,0.003925,2.9386096618617923e-09,1309.5
HPMR,15,29,38,0.0037,0.00385,0.003775,3.3906900082256146e-06,1339.5
HPMR,15,29,39,0.00355,0.0037,0.003625,7.2544902389910755e-09,1513.5
HPMR,15,29,40,0.0033,0.00355,0.003425,7.536937676805514e-07,1540.5
HPMR,15,29,41,0.00307,0.0033,0.003185,3.2773170892934294e-07,1971.0
HPMR,15,29,42,0.003,0.00307,0.003035,4.771834686964254e-09,1911.0
HPMR,15,29,43,0.00259,0.003,0.0027949999999999997,6.054886216642046e-08,2211.5
HPMR,15,29,44,0.00253,0.00259,0.0025599999999999998,8.950834887184674e-12,1835.0
HPMR,15,29,45,0.00248,0.00253,0.0025050000000000003,9.539262639866492e-12,1561.5
HPMR,15,29,46,0.002,0.00248,0.00224,3.0243064980615026e-09,1042.8
HPMR,15,29,47,0.0015,0.002,0.00175,4.432723770603691e-10,1820.5
HPMR,15,29,48,0.001,0.0015,0.00125,3.561005081780833e-11,3783.0
HPMR,15,30,1,15.0,20.0,17.5,0.0,0.05932
HPMR,15,30,2,10.0,15.0,12.5,4.626587127625194e-13,0.05315
HPMR,15,30,3,8.0,10.0,9.0,4.565197565392986e-12,0.048235
HPMR,15,30,4,6.0,8.0,7.0,3.161621042949767e-11,0.045329999999999995
HPMR,15,30,5,5.0,6.0,5.5,5.5641015076454397e-11,0.043315
HPMR,15,30,6,4.0,5.0,4.5,1.363576903116142e-10,0.042345
HPMR,15,30,7,3.0,4.0,3.5,6.2503160156164e-05,0.042155
HPMR,15,30,8,2.0,3.0,2.5,0.019614726777073967,0.0442
HPMR,15,30,9,1.5,2.0,1.75,0.005291986920239269,0.04914
HPMR,15,30,10,1.25,1.5,1.375,0.02148392336891697,0.05549
HPMR,15,30,11,1.0,1.25,1.125,0.023291922141043843,0.06489
HPMR,15,30,12,0.8,1.0,0.9,0.025457653860188445,0.07986
HPMR,15,30,13,0.6,0.8,0.7,0.6498026041670153,0.10675
HPMR,15,30,14,0.5,0.6,0.55,0.05732014689923127,0.1431
HPMR,15,30,15,0.4,0.5,0.45,0.022574805130897695,0.19685
HPMR,15,30,16,0.3,0.4,0.35,0.02486346510757477,0.3177
HPMR,15,30,17,0.2,0.3,0.25,0.025020800494381944,0.7008000000000001
HPMR,15,30,18,0.15,0.2,0.175,0.018696439910471933,1.5062499999999999
HPMR,15,30,19,0.1,0.15,0.125,0.03526997059705754,3.7815000000000003
HPMR,15,30,20,0.088,0.1,0.094,0.006168744488330376,6.616
HPMR,15,30,21,0.08,0.088,0.08399999999999999,0.005603406592969819,2.1645
HPMR,15,30,22,0.06,0.08,0.07,0.012405037734603991,3.7199999999999998
HPMR,15,30,23,0.05,0.06,0.055,0.004720200084921159,6.531000000000001
HPMR,15,30,24,0.04,0.05,0.045,0.007834119850814562,11.2005
HPMR,15,30,25,0.03,0.04,0.035,0.011099228590638511,22.34
HPMR,15,30,26,0.02,0.03,0.025,0.008036141896230808,58.34
HPMR,15,30,27,0.0159,0.02,0.01795,0.0035510737413556735,120.58000000000001
HPMR,15,30,28,0.0155,0.0159,0.0157,0.00036585878180203326,138.0
HPMR,15,30,29,0.0152,0.0155,0.015349999999999999,0.000267976155419767,145.05
HPMR,15,30,30,0.015,0.0152,0.015099999999999999,0.0001757390039384989,109.69999999999999
HPMR,15,30,31,0.013,0.015,0.013999999999999999,0.0018815522665320769,136.85
HPMR,15,30,32,0.01,0.013,0.0115,0.0030294784922833525,98.805
HPMR,15,30,33,0.008,0.01,0.009000000000000001,0.0022017793121679894,179.64999999999998
HPMR,15,30,34,0.006,0.008,0.007,0.002452195038170897,347.95
HPMR,15,30,35,0.005,0.006,0.0055,0.0014145484553079026,598.8
HPMR,15,30,36,0.004,0.005,0.0045000000000000005,3.738595578564091e-05,990.7
HPMR,15,30,37,0.00385,0.004,0.003925,2.8887725078014817e-09,1309.5
HPMR,15,30,38,0.0037,0.00385,0.003775,3.406093283572238e-06,1339.5
HPMR,15,30,39,0.00355,0.0037,0.003625,7.441692160748027e-09,1513.5
HPMR,15,30,40,0.0033,0.00355,0.003425,7.651495756608596e-07,1540.5
HPMR,15,30,41,0.00307,0.0033,0.003185,3.3637351247737344e-07,1971.0
HPMR,15,30,42,0.003,0.00307,0.003035,4.772930555127111e-09,1911.0
HPMR,15,30,43,0.00259,0.003,0.0027949999999999997,5.873389110120781e-08,2211.5
HPMR,15,30,44,0.00253,0.00259,0.0025599999999999998,8.959301153213727e-12,1835.0
HPMR,15,30,45,0.00248,0.00253,0.0025050000000000003,7.078775774378889e-12,1561.5
HPMR,15,30,46,0.002,0.00248,0.00224,2.8567691905367382e-09,1042.8
HPMR,15,30,47,0.0015,0.002,0.00175,4.357295416150227e-10,1820.5
HPMR,15,30,48,0.001,0.0015,0.00125,3.3640159210361744e-11,3783.0
HPMR,15,31,1,15.0,20.0,17.5,0.0,0.05932
HPMR,15,31,2,10.0,15.0,12.5,4.628146377797732e-13,0.05315
HPMR,15,31,3,8.0,10.0,9.0,4.56726092952223e-12,0.048235
HPMR,15,31,4,6.0,8.0,7.0,3.16344267560078e-11,0.045329999999999995
HPMR,15,31,5,5.0,6.0,5.5,5.5681447065665904e-11,0.043315
HPMR,15,31,6,4.0,5.0,4.5,1.3648087330414178e-10,0.042345
HPMR,15,31,7,3.0,4.0,3.5,6.048999881873796e-05,0.042155
HPMR,15,31,8,2.0,3.0,2.5,0.018727301781581027,0.0442
HPMR,15,31,9,1.5,2.0,1.75,0.005124397747760391,0.04914
HPMR,15,31,10,1.25,1.5,1.375,0.021245191521800568,0.05549
HPMR,15,31,11,1.0,1.25,1.125,0.02290096538705305,0.06489
HPMR,15,31,12,0.8,1.0,0.9,0.025075582270564972,0.07986
HPMR,15,31,13,0.6,0.8,0.7,0.6577311177400045,0.10675
HPMR,15,31,14,0.5,0.6,0.55,0.0561189656135753,0.1431
HPMR,15,31,15,0.4,0.5,0.45,0.02212626580537459,0.19685
HPMR,15,31,16,0.3,0.4,0.35,0.024240210317825885,0.3177
HPMR,15,31,17,0.2,0.3,0.25,0.024421926937499547,0.7008000000000001
HPMR,15,31,18,0.15,0.2,0.175,0.018269458945482042,1.5062499999999999
HPMR,15,31,19,0.1,0.15,0.125,0.034168843639177215,3.7815000000000003
HPMR,15,31,20,0.088,0.1,0.094,0.0060342505677886795,6.616
HPMR,15,31,21,0.08,0.088,0.08399999999999999,0.0054607822005568775,2.1645
HPMR,15,31,22,0.06,0.08,0.07,0.012144964167316889,3.7199999999999998
HPMR,15,31,23,0.05,0.06,0.055,0.00462435469607634,6.531000000000001
HPMR,15,31,24,0.04,0.05,0.045,0.007659371909799521,11.2005
HPMR,15,31,25,0.03,0.04,0.035,0.010890540358625637,22.34
HPMR,15,31,26,0.02,0.03,0.025,0.007886042358296833,58.34
HPMR,15,31,27,0.0159,0.02,0.01795,0.003482510397778264,120.58000000000001
HPMR,15,31,28,0.0155,0.0159,0.0157,0.0003588233411207348,138.0
HPMR,15,31,29,0.0152,0.0155,0.015349999999999999,0.00026280273857300676,145.05
HPMR,15,31,30,0.015,0.0152,0.015099999999999999,0.00017234727579676338,109.69999999999999
HPMR,15,31,31,0.013,0.015,0.013999999999999999,0.0018457775495298982,136.85
HPMR,15,31,32,0.01,0.013,0.0115,0.0029716294740522935,98.805
HPMR,15,31,33,0.008,0.01,0.009000000000000001,0.0021602095856742888,179.64999999999998
HPMR,15,31,34,0.006,0.008,0.007,0.002406199034988378,347.95
HPMR,15,31,35,0.005,0.006,0.0055,0.001386116454530511,598.8
HPMR,15,31,36,0.004,0.005,0.0045000000000000005,3.794380699447832e-05,990.7
HPMR,15,31,37,0.00385,0.004,0.003925,2.853980255729846e-09,1309.5
HPMR,15,31,38,0.0037,0.00385,0.003775,3.418928812477008e-06,1339.5
HPMR,15,31,39,0.00355,0.0037,0.003625,7.626924074434463e-09,1513.5
HPMR,15,31,40,0.0033,0.00355,0.003425,7.768702375111894e-07,1540.5
HPMR,15,31,41,0.00307,0.0033,0.003185,3.449286852080637e-07,1971.0
HPMR,15,31,42,0.003,0.00307,0.003035,4.775220466792952e-09,1911.0
HPMR,15,31,43,0.00259,0.003,0.0027949999999999997,5.693893372273326e-08,2211.5
HPMR,15,31,44,0.00253,0.00259,0.0025599999999999998,8.971009682448152e-12,1835.0
HPMR,15,31,45,0.00248,0.00253,0.0025050000000000003,5.248241284625268e-12,1561.5
HPMR,15,31,46,0.002,0.00248,0.00224,2.7460744574573446e-09,1042.8
HPMR,15,31,47,0.0015,0.002,0.00175,4.3231727845871684e-10,1820.5
HPMR,15,31,48,0.001,0.0015,0.00125,3.175123677791468e-11,3783.0
HPMR,15,32,1,15.0,20.0,17.5,0.0,0.05932
HPMR,15,32,2,10.0,15.0,12.5,4.636998333085406e-13,0.05315
HPMR,15,32,3,8.0,10.0,9.0,4.576366262139083e-12,0.048235
HPMR,15,32,4,6.0,8.0,7.0,3.170091945787111e-11,0.045329999999999995
HPMR,15,32,5,5.0,6.0,5.5,5.5806479322741734e-11,0.043315
HPMR,15,32,6,4.0,5.0,4.5,1.3680516975599902e-10,0.042345
HPMR,15,32,7,3.0,4.0,3.5,5.849281379963388e-05,0.042155
HPMR,15,32,8,2.0,3.0,2.5,0.017865406571318666,0.0442
HPMR,15,32,9,1.5,2.0,1.75,0.004959981141746637,0.04914
HPMR,15,32,10,1.25,1.5,1.375,0.021007349512613054,0.05549
HPMR,15,32,11,1.0,1.25,1.125,0.022511420201247766,0.06489
HPMR,15,32,12,0.8,1.0,0.9,0.02469205812040421,0.07986
HPMR,15,32,13,0.6,0.8,0.7,0.6655013736133325,0.10675
HPMR,15,32,14,0.5,0.6,0.55,0.05491458088717376,0.1431
HPMR,15,32,15,0.4,0.5,0.45,0.021687444467986667,0.19685
HPMR,15,32,16,0.3,0.4,0.35,0.02363418862990005,0.3177
HPMR,15,32,17,0.2,0.3,0.25,0.023839020653839506,0.7008000000000001
HPMR,15,32,18,0.15,0.2,0.175,0.01785420744480475,1.5062499999999999
HPMR,15,32,19,0.1,0.15,0.125,0.033101818193496405,3.7815000000000003
HPMR,15,32,20,0.088,0.1,0.094,0.005903641940061918,6.616
HPMR,15,32,21,0.08,0.088,0.08399999999999999,0.005322443111194712,2.1645
HPMR,15,32,22,0.06,0.08,0.07,0.011892509232894711,3.7199999999999998
HPMR,15,32,23,0.05,0.06,0.055,0.004531435366565267,6.531000000000001
HPMR,15,32,24,0.04,0.05,0.045,0.007489763029100809,11.2005
HPMR,15,32,25,0.03,0.04,0.035,0.010688222362347661,22.34
HPMR,15,32,26,0.02,0.03,0.025,0.007740276290090515,58.34
HPMR,15,32,27,0.0159,0.02,0.01795,0.0034159660806096933,120.58000000000001
HPMR,15,32,28,0.0155,0.0159,0.0157,0.0003519690598521306,138.0
HPMR,15,32,29,0.0152,0.0155,0.015349999999999999,0.0002577773728186772,145.05
HPMR,15,32,30,0.015,0.0152,0.015099999999999999,0.00016904931404455393,109.69999999999999
HPMR,15,32,31,0.013,0.015,0.013999999999999999,0.0018110555450708203,136.85
HPMR,15,32,32,0.01,0.013,0.0115,0.002915546999252397,98.805
HPMR,15,32,33,0.008,0.01,0.009000000000000001,0.002119658675288189,179.64999999999998
HPMR,15,32,34,0.006,0.008,0.007,0.0023615374097356676,347.95
HPMR,15,32,35,0.005,0.006,0.0055,0.0013586668295413314,598.8
HPMR,15,32,36,0.004,0.005,0.0045000000000000005,3.849352566235436e-05,990.7
HPMR,15,32,37,0.00385,0.004,0.003925,2.8320339929255012e-09,1309.5
HPMR,15,32,38,0.0037,0.00385,0.003775,3.4293170072919895e-06,1339.5
HPMR,15,32,39,0.00355,0.0037,0.003625,7.81010004412313e-09,1513.5
HPMR,15,32,40,0.0033,0.00355,0.003425,7.889269469231605e-07,1540.5
HPMR,15,32,41,0.00307,0.0033,0.003185,3.5339634372982275e-07,1971.0
HPMR,15,32,42,0.003,0.00307,0.003035,4.77883448644525e-09,1911.0
HPMR,15,32,43,0.00259,0.003,0.0027949999999999997,5.5161484669688014e-08,2211.5
HPMR,15,32,44,0.00253,0.00259,0.0025599999999999998,8.98625078917295e-12,1835.0
HPMR,15,32,45,0.00248,0.00253,0.0025050000000000003,3.88780947075409e-12,1561.5
HPMR,15,32,46,0.002,0.00248,0.00224,2.677333066965331e-09,1042.8
HPMR,15,32,47,0.0015,0.002,0.00175,4.31950309641599e-10,1820.5
HPMR,15,32,48,0.001,0.0015,0.00125,2.994366451657313e-11,3783.0
HPMR,15,33,1,15.0,20.0,17.5,0.0,0.05932
HPMR,15,33,2,10.0,15.0,12.5,4.652226759728624e-13,0.05315
HPMR,15,33,3,8.0,10.0,9.0,4.591718566990233e-12,0.048235
HPMR,15,33,4,6.0,8.0,7.0,3.181175799499679e-11,0.045329999999999995
HPMR,15,33,5,5.0,6.0,5.5,5.600746583197415e-11,0.043315
HPMR,15,33,6,4.0,5.0,4.5,1.3732010928210685e-10,0.042345
HPMR,15,33,7,3.0,4.0,3.5,5.6516326429358986e-05,0.042155
HPMR,15,33,8,2.0,3.0,2.5,0.01702911106664131,0.0442
HPMR,15,33,9,1.5,2.0,1.75,0.004798737783654503,0.04914
HPMR,15,33,10,1.25,1.5,1.375,0.020770675763369186,0.05549
HPMR,15,33,11,1.0,1.25,1.125,0.022124340141571254,0.06489
HPMR,15,33,12,0.8,1.0,0.9,0.02431176979878792,0.07986
HPMR,15,33,13,0.6,0.8,0.7,0.6730997419200806,0.10675
HPMR,15,33,14,0.5,0.6,0.55,0.05371019591396296,0.1431
HPMR,15,33,15,0.4,0.5,0.45,0.02125654187128464,0.19685
HPMR,15,33,16,0.3,0.4,0.35,0.023045983363508125,0.3177
HPMR,15,33,17,0.2,0.3,0.25,0.02327432265793977,0.7008000000000001
HPMR,15,33,18,0.15,0.2,0.175,0.01745167064993282,1.5062499999999999
HPMR,15,33,19,0.1,0.15,0.125,0.032068998094148066,3.7815000000000003
HPMR,15,33,20,0.088,0.1,0.094,0.005777032317128491,6.616
HPMR,15,33,21,0.08,0.088,0.08399999999999999,0.00518827246326719,2.1645
HPMR,15,33,22,0.06,0.08,0.07,0.011647827102140225,3.7199999999999998
HPMR,15,33,23,0.05,0.06,0.055,0.0044415146624612895,6.531000000000001
HPMR,15,33,24,0.04,0.05,0.045,0.00732552825914739,11.2005
HPMR,15,33,25,0.03,0.04,0.035,0.010493400513617402,22.34
HPMR,15,33,26,0.02,0.03,0.025,0.007599076669533306,58.34
HPMR,15,33,27,0.0159,0.02,0.01795,0.0033515388181206925,120.58000000000001
HPMR,15,33,28,0.0155,0.0159,0.0157,0.000345359363792954,138.0
HPMR,15,33,29,0.0152,0.0155,0.015349999999999999,0.00025291336197041036,145.05
HPMR,15,33,30,0.015,0.0152,0.015099999999999999,0.00016586052555430804,109.69999999999999
HPMR,15,33,31,0.013,0.015,0.013999999999999999,0.0017774637142674633,136.85
HPMR,15,33,32,0.01,0.013,0.0115,0.002861191135816237,98.805
HPMR,15,33,33,0.008,0.01,0.009000000000000001,0.002080445071174193,179.64999999999998
HPMR,15,33,34,0.006,0.008,0.007,0.0023183262185926348,347.95
HPMR,15,33,35,0.005,0.006,0.0055,0.0013319371660824918,598.8
HPMR,15,33,36,0.004,0.005,0.0045000000000000005,3.903466546024291e-05,990.7
HPMR,15,33,37,0.00385,0.004,0.003925,2.8209467652441583e-09,1309.5
HPMR,15,33,38,0.0037,0.00385,0.003775,3.437273055321463e-06,1339.5
HPMR,15,33,39,0.00355,0.0037,0.003625,7.991190057852823e-09,1513.5
HPMR,15,33,40,0.0033,0.00355,0.003425,8.012306568444097e-07,1540.5
HPMR,15,33,41,0.00307,0.0033,0.003185,3.6177473415936884e-07,1971.0
HPMR,15,33,42,0.003,0.00307,0.003035,4.783820954418521e-09,1911.0
HPMR,15,33,43,0.00259,0.003,0.0027949999999999997,5.3402426427702875e-08,2211.5
HPMR,15,33,44,0.00253,0.00259,0.0025599999999999998,9.004573264771226e-12,1835.0
HPMR,15,33,45,0.00248,0.00253,0.0025050000000000003,2.8777615039508215e-12,1561.5
HPMR,15,33,46,0.002,0.00248,0.00224,2.6396068310591393e-09,1042.8
HPMR,15,33,47,0.0015,0.002,0.00175,4.338331908468245e-10,1820.5
HPMR,15,33,48,0.001,0.0015,0.00125,2.8213550464536896e-11,3783.0
HPMR,15,34,1,15.0,20.0,17.5,0.0,0.05932
HPMR,15,34,2,10.0,15.0,12.5,4.673333742812425e-13,0.05315
HPMR,15,34,3,8.0,10.0,9.0,4.612790761384414e-12,0.048235
HPMR,15,34,4,6.0,8.0,7.0,3.196209391317523e-11,0.045329999999999995
HPMR,15,34,5,5.0,6.0,5.5,5.627915482552141e-11,0.043315
HPMR,15,34,6,4.0,5.0,4.5,1.380013831759142e-10,0.042345
HPMR,15,34,7,3.0,4.0,3.5,5.456672376330484e-05,0.042155
HPMR,15,34,8,2.0,3.0,2.5,0.016220097263175828,0.0442
HPMR,15,34,9,1.5,2.0,1.75,0.004641354749908504,0.04914
HPMR,15,34,10,1.25,1.5,1.375,0.020536850565846736,0.05549
HPMR,15,34,11,1.0,1.25,1.125,0.02174107968762135,0.06489
HPMR,15,34,12,0.8,1.0,0.9,0.023933195643396722,0.07986
HPMR,15,34,13,0.6,0.8,0.7,0.6805129689954346,0.10675
HPMR,15,34,14,0.5,0.6,0.55,0.05250845016131635,0.1431
HPMR,15,34,15,0.4,0.5,0.45,0.02083645558927319,0.19685
HPMR,15,34,16,0.3,0.4,0.35,0.022477300649025925,0.3177
HPMR,15,34,17,0.2,0.3,0.25,0.022727969011751704,0.7008000000000001
HPMR,15,34,18,0.15,0.2,0.175,0.017062523687252137,1.5062499999999999
HPMR,15,34,19,0.1,0.15,0.125,0.031069498610323043,3.7815000000000003
HPMR,15,34,20,0.088,0.1,0.094,0.0056548576373810664,6.616
HPMR,15,34,21,0.08,0.088,0.08399999999999999,0.005058600219744526,2.1645
HPMR,15,34,22,0.06,0.08,0.07,0.011411653742270616,3.7199999999999998
HPMR,15,34,23,0.05,0.06,0.055,0.0043547056193869735,6.531000000000001
HPMR,15,34,24,0.04,0.05,0.045,0.007166861975191208,11.2005
HPMR,15,34,25,0.03,0.04,0.035,0.010305450502230477,22.34
HPMR,15,34,26,0.02,0.03,0.025,0.007462547371597516,58.34
HPMR,15,34,27,0.0159,0.02,0.01795,0.0032893514647265344,120.58000000000001
HPMR,15,34,28,0.0155,0.0159,0.0157,0.00033896462706768074,138.0
HPMR,15,34,29,0.0152,0.0155,0.015349999999999999,0.00024821650693516246,145.05
HPMR,15,34,30,0.015,0.0152,0.015099999999999999,0.0001627802324812032,109.69999999999999
HPMR,15,34,31,0.013,0.015,0.013999999999999999,0.0017450508085195815,136.85
HPMR,15,34,32,0.01,0.013,0.0115,0.0028087296160141636,98.805
HPMR,15,34,33,0.008,0.01,0.009000000000000001,0.0020427500013230687,179.64999999999998
HPMR,15,34,34,0.006,0.008,0.007,0.002276646115733881,347.95
HPMR,15,34,35,0.005,0.006,0.0055,0.0013062567784009247,598.8
HPMR,15,34,36,0.004,0.005,0.0045000000000000005,3.95679306438028e-05,990.7
HPMR,15,34,37,0.00385,0.004,0.003925,2.8190550167138014e-09,1309.5
HPMR,15,34,38,0.0037,0.00385,0.003775,3.442910011841169e-06,1339.5
HPMR,15,34,39,0.00355,0.0037,0.003625,8.170312897022722e-09,1513.5
HPMR,15,34,40,0.0033,0.00355,0.003425,8.137632713356965e-07,1540.5
HPMR,15,34,41,0.00307,0.0033,0.003185,3.700649898069349e-07,1971.0
HPMR,15,34,42,0.003,0.00307,0.003035,4.7902687737124655e-09,1911.0
HPMR,15,34,43,0.00259,0.003,0.0027949999999999997,5.16633668403617e-08,2211.5
HPMR,15,34,44,0.00253,0.00259,0.0025599999999999998,9.025412977387692e-12,1835.0
HPMR,15,34,45,0.00248,0.00253,0.0025050000000000003,2.128592649562818e-12,1561.5
HPMR,15,34,46,0.002,0.00248,0.00224,2.6246310719992334e-09,1042.8
HPMR,15,34,47,0.0015,0.002,0.00175,4.373141948873968e-10,1820.5
HPMR,15,34,48,0.001,0.0015,0.00125,2.6563687848686202e-11,3783.0
HPMR,15,35,1,15.0,20.0,17.5,0.0,0.05932
HPMR,15,35,2,10.0,15.0,12.5,4.699825509725366e-13,0.05315
HPMR,15,35,3,8.0,10.0,9.0,4.638977063539582e-12,0.048235
HPMR,15,35,4,6.0,8.0,7.0,3.2146602498435304e-11,0.045329999999999995
HPMR,15,35,5,5.0,6.0,5.5,5.6611493642262876e-11,0.043315
HPMR,15,35,6,4.0,5.0,4.5,1.3882589196340753e-10,0.042345
HPMR,15,35,7,3.0,4.0,3.5,5.2646445218356184e-05,0.042155
HPMR,15,35,8,2.0,3.0,2.5,0.015437698371193388,0.0442
HPMR,15,35,9,1.5,2.0,1.75,0.0044878578895573736,0.04914
HPMR,15,35,10,1.25,1.5,1.375,0.0203050340975927,0.05549
HPMR,15,35,11,1.0,1.25,1.125,0.021361962368379405,0.06489
HPMR,15,35,12,0.8,1.0,0.9,0.023557744125163524,0.07986
HPMR,15,35,13,0.6,0.8,0.7,0.6877350332793912,0.10675
HPMR,15,35,14,0.5,0.6,0.55,0.05131332307849409,0.1431
HPMR,15,35,15,0.4,0.5,0.45,0.020427006973845606,0.19685
HPMR,15,35,16,0.3,0.4,0.35,0.021927759323373534,0.3177
HPMR,15,35,17,0.2,0.3,0.25,0.022200503393932182,0.7008000000000001
HPMR,15,35,18,0.15,0.2,0.175,0.016686465437759083,1.5062499999999999
HPMR,15,35,19,0.1,0.15,0.125,0.03010624166439254,3.7815000000000003
HPMR,15,35,20,0.088,0.1,0.094,0.005536803026593857,6.616
HPMR,15,35,21,0.08,0.088,0.08399999999999999,0.004933468663947787,2.1645
HPMR,15,35,22,0.06,0.08,0.07,0.011183778818618479,3.7199999999999998
HPMR,15,35,23,0.05,0.06,0.055,0.004271138546910664,6.531000000000001
HPMR,15,35,24,0.04,0.05,0.045,0.0070137583659708,11.2005
HPMR,15,35,25,0.03,0.04,0.035,0.010124768669422532,22.34
HPMR,15,35,26,0.02,0.03,0.025,0.0073303718743632515,58.34
HPMR,15,35,27,0.0159,0.02,0.01795,0.003229432827060695,120.58000000000001
HPMR,15,35,28,0.0155,0.0159,0.0157,0.0003327966992236393,138.0
HPMR,15,35,29,0.0152,0.0155,0.015349999999999999,0.00024368973545832947,145.05
HPMR,15,35,30,0.015,0.0152,0.015099999999999999,0.0001598090664546483,109.69999999999999
HPMR,15,35,31,0.013,0.015,0.013999999999999999,0.0017138023064827408,136.85
HPMR,15,35,32,0.01,0.013,0.0115,0.002758072516555315,98.805
HPMR,15,35,33,0.008,0.01,0.009000000000000001,0.0020063068229453015,179.64999999999998
HPMR,15,35,34,0.006,0.008,0.007,0.0022364533813841406,347.95
HPMR,15,35,35,0.005,0.006,0.0055,0.0012814603571351673,598.8
HPMR,15,35,36,0.004,0.005,0.0045000000000000005,4.009157847724263e-05,990.7
HPMR,15,35,37,0.00385,0.004,0.003925,2.824798819448673e-09,1309.5
HPMR,15,35,38,0.0037,0.00385,0.003775,3.446313320295509e-06,1339.5
HPMR,15,35,39,0.00355,0.0037,0.003625,8.347075494444716e-09,1513.5
HPMR,15,35,40,0.0033,0.00355,0.003425,8.26472730393762e-07,1540.5
HPMR,15,35,41,0.00307,0.0033,0.003185,3.782565361712118e-07,1971.0
HPMR,15,35,42,0.003,0.00307,0.003035,4.798127608454755e-09,1911.0
HPMR,15,35,43,0.00259,0.003,0.0027949999999999997,4.9945521764046786e-08,2211.5
HPMR,15,35,44,0.00253,0.00259,0.0025599999999999998,9.048969100801788e-12,1835.0
HPMR,15,35,45,0.00248,0.00253,0.0025050000000000003,1.5733687484140343e-12,1561.5
HPMR,15,35,46,0.002,0.00248,0.00224,2.626345170005945e-09,1042.8
HPMR,15,35,47,0.0015,0.002,0.00175,4.419401887685967e-10,1820.5
HPMR,15,35,48,0.001,0.0015,0.00125,2.4991240402738916e-11,3783.0
HPMR,15,36,1,15.0,20.0,17.5,0.0,0.05932
HPMR,15,36,2,10.0,15.0,12.5,4.730698827876636e-13,0.05315
HPMR,15,36,3,8.0,10.0,9.0,4.6697643373374454e-12,0.048235
HPMR,15,36,4,6.0,8.0,7.0,3.23639385666605e-11,0.045329999999999995
HPMR,15,36,5,5.0,6.0,5.5,5.69993730173684e-11,0.043315
HPMR,15,36,6,4.0,5.0,4.5,1.397950009209076e-10,0.042345
HPMR,15,36,7,3.0,4.0,3.5,5.075843061914618e-05,0.042155
HPMR,15,36,8,2.0,3.0,2.5,0.014683740964640282,0.0442
HPMR,15,36,9,1.5,2.0,1.75,0.004338364079938182,0.04914
HPMR,15,36,10,1.25,1.5,1.375,0.02007635142390215,0.05549
HPMR,15,36,11,1.0,1.25,1.125,0.020988284503641586,0.06489
HPMR,15,36,12,0.8,1.0,0.9,0.02318551234785784,0.07986
HPMR,15,36,13,0.6,0.8,0.7,0.6947561800181123,0.10675
HPMR,15,36,14,0.5,0.6,0.55,0.05012799772105258,0.1431
HPMR,15,36,15,0.4,0.5,0.45,0.020028566277649328,0.19685
HPMR,15,36,16,0.3,0.4,0.35,0.021397446734128342,0.3177
HPMR,15,36,17,0.2,0.3,0.25,0.021692433422734563,0.7008000000000001
HPMR,15,36,18,0.15,0.2,0.175,0.0163244358386754,1.5062499999999999
HPMR,15,36,19,0.1,0.15,0.125,0.02917621873966057,3.7815000000000003
HPMR,15,36,20,0.088,0.1,0.094,0.005423356016993278,6.616
HPMR,15,36,21,0.08,0.088,0.08399999999999999,0.004812829203173202,2.1645
HPMR,15,36,22,0.06,0.08,0.07,0.010964603721557713,3.7199999999999998
HPMR,15,36,23,0.05,0.06,0.055,0.004190932037939435,6.531000000000001
HPMR,15,36,24,0.04,0.05,0.045,0.006866605977036196,11.2005
HPMR,15,36,25,0.03,0.04,0.035,0.009952061299893802,22.34
HPMR,15,36,26,0.02,0.03,0.025,0.007203020762932548,58.34
HPMR,15,36,27,0.0159,0.02,0.01795,0.003171856874908523,120.58000000000001
HPMR,15,36,28,0.0155,0.0159,0.0157,0.0003268736707240009,138.0
HPMR,15,36,29,0.0152,0.0155,0.015349999999999999,0.00023933525517816427,145.05
HPMR,15,36,30,0.015,0.0152,0.015099999999999999,0.00015695572279573553,109.69999999999999
HPMR,15,36,31,0.013,0.015,0.013999999999999999,0.0016837830377274615,136.85
HPMR,15,36,32,0.01,0.013,0.0115,0.002709478481816009,98.805
HPMR,15,36,33,0.008,0.01,0.009000000000000001,0.0019712761326480623,179.64999999999998
HPMR,15,36,34,0.006,0.008,0.007,0.0021977611742642327,347.95
HPMR,15,36,35,0.005,0.006,0.0055,0.0012576302605628005,598.8
HPMR,15,36,36,0.004,0.005,0.0045000000000000005,4.060885329458712e-05,990.7
HPMR,15,36,37,0.00385,0.004,0.003925,2.8370988450899507e-09,1309.5
HPMR,15,36,38,0.0037,0.00385,0.003775,3.4474533994347605e-06,1339.5
HPMR,15,36,39,0.00355,0.0037,0.003625,8.521725283288492e-09,1513.5
HPMR,15,36,40,0.0033,0.00355,0.003425,8.394300474365476e-07,1540.5
HPMR,15,36,41,0.00307,0.0033,0.003185,3.8635642461213284e-07,1971.0
HPMR,15,36,42,0.003,0.00307,0.003035,4.807522017475073e-09,1911.0
HPMR,15,36,43,0.00259,0.003,0.0027949999999999997,4.825206874052225e-08,2211.5
HPMR,15,36,44,0.00253,0.00259,0.0025599999999999998,9.07580125711066e-12,1835.0
HPMR,15,36,45,0.00248,0.00253,0.0025050000000000003,1.1622821276081881e-12,1561.5
HPMR,15,36,46,0.002,0.00248,0.00224,2.6402245329467825e-09,1042.8
HPMR,15,36,47,0.0015,0.002,0.00175,4.4739647771944104e-10,1820.5
HPMR,15,36,48,0.001,0.0015,0.00125,2.349533419412049e-11,3783.0
HPMR,30,0,1,15.0,20.0,17.5,3.0440967634780586e-19,0.05932
HPMR,30,0,2,10.0,15.0,12.5,5.314177170047247e-11,0.05315
HPMR,30,0,3,8.0,10.0,9.0,1.13948628087278e-06,0.048235
HPMR,30,0,4,6.0,8.0,7.0,0.0015410722757289333,0.045329999999999995
HPMR,30,0,5,5.0,6.0,5.5,0.010229575982624724,0.043315
HPMR,30,0,6,4.0,5.0,4.5,0.023124061267226784,0.042345
HPMR,30,0,7,3.0,4.0,3.5,0.054985896758157744,0.042155
HPMR,30,0,8,2.0,3.0,2.5,0.1443235106637997,0.0442
HPMR,30,0,9,1.5,2.0,1.75,0.11830398535880017,0.04914
HPMR,30,0,10,1.25,1.5,1.375,0.1010333005919943,0.05549
HPMR,30,0,11,1.0,1.25,1.125,0.09369668601771715,0.06489
HPMR,30,0,12,0.8,1.0,0.9,0.11848855427890777,0.07986
HPMR,30,0,13,0.6,0.8,0.7,0.11803026026542025,0.10675
HPMR,30,0,14,0.5,0.6,0.55,0.051767280695857606,0.1431
HPMR,30,0,15,0.4,0.5,0.45,0.039139090823529434,0.19685
HPMR,30,0,16,0.3,0.4,0.35,0.03450523782128559,0.3177
HPMR,30,0,17,0.2,0.3,0.25,0.03417535998017802,0.7008000000000001
HPMR,30,0,18,0.15,0.2,0.175,0.012390440076935327,1.5062499999999999
HPMR,30,0,19,0.1,0.15,0.125,0.01806057717913077,3.7815000000000003
HPMR,30,0,20,0.088,0.1,0.094,0.0035172391901738937,6.616
HPMR,30,0,21,0.08,0.088,0.08399999999999999,0.0020673908852798374,2.1645
HPMR,30,0,22,0.06,0.08,0.07,0.006620205618449323,3.7199999999999998
HPMR,30,0,23,0.05,0.06,0.055,0.0014839810419668361,6.531000000000001
HPMR,30,0,24,0.04,0.05,0.045,0.0023240198913989404,11.2005
HPMR,30,0,25,0.03,0.04,0.035,0.002922946037148107,22.34
HPMR,30,0,26,0.02,0.03,0.025,0.002553972431988932,58.34
HPMR,30,0,27,0.0159,0.02,0.01795,0.0016650412756203242,120.58000000000001
HPMR,30,0,28,0.0155,0.0159,0.0157,0.00010026644019109807,138.0
HPMR,30,0,29,0.0152,0.0155,0.015349999999999999,6.05210013614304e-05,145.05
HPMR,30,0,30,0.015,0.0152,0.015099999999999999,3.985869063187437e-05,109.69999999999999
HPMR,30,0,31,0.013,0.015,0.013999999999999999,0.0008398542805119967,136.85
HPMR,30,0,32,0.01,0.013,0.0115,0.0006608122610755838,98.805
HPMR,30,0,33,0.008,0.01,0.009000000000000001,0.0004716877733424454,179.64999999999998
HPMR,30,0,34,0.006,0.008,0.007,0.0005115155565009186,347.95
HPMR,30,0,35,0.005,0.006,0.0055,0.0002975274454285393,598.8
HPMR,30,0,36,0.004,0.005,0.0045000000000000005,2.492173126620701e-05,990.7
HPMR,30,0,37,0.00385,0.004,0.003925,3.2324446540176926e-06,1309.5
HPMR,30,0,38,0.0037,0.00385,0.003775,7.485904240206555e-07,1339.5
HPMR,30,0,39,0.00355,0.0037,0.003625,4.436563686011034e-07,1513.5
HPMR,30,0,40,0.0033,0.00355,0.003425,3.0567596773336606e-05,1540.5
HPMR,30,0,41,0.00307,0.0033,0.003185,9.263152783077245e-08,1971.0
HPMR,30,0,42,0.003,0.00307,0.003035,1.4009388705874238e-09,1911.0
HPMR,30,0,43,0.00259,0.003,0.0027949999999999997,1.2909431456772296e-06,2211.5
HPMR,30,0,44,0.00253,0.00259,0.0025599999999999998,9.422299680655108e-07,1835.0
HPMR,30,0,45,0.00248,0.00253,0.0025050000000000003,2.042390086565229e-09,1561.5
HPMR,30,0,46,0.002,0.00248,0.00224,4.384857015871567e-06,1042.8
HPMR,30,0,47,0.0015,0.002,0.00175,4.874496462909563e-07,1820.5
HPMR,30,0,48,0.001,0.0015,0.00125,1.5028094180328978e-08,3783.0
HPMR,30,1,1,15.0,20.0,17.5,2.7889828618451557e-33,0.05932
HPMR,30,1,2,10.0,15.0,12.5,1.7903371613563233e-13,0.05315
HPMR,30,1,3,8.0,10.0,9.0,1.7628635686301261e-12,0.048235
HPMR,30,1,4,6.0,8.0,7.0,1.2156584119959336e-11,0.045329999999999995
HPMR,30,1,5,5.0,6.0,5.5,2.130679151052245e-11,0.043315
HPMR,30,1,6,4.0,5.0,4.5,5.197518022820113e-11,0.042345
HPMR,30,1,7,3.0,4.0,3.5,0.00010852524490263196,0.042155
HPMR,30,1,8,2.0,3.0,2.5,0.017322361626198293,0.0442
HPMR,30,1,9,1.5,2.0,1.75,0.16058137862689553,0.04914
HPMR,30,1,10,1.25,1.5,1.375,0.0038604529781668413,0.05549
HPMR,30,1,11,1.0,1.25,1.125,0.00842877681815317,0.06489
HPMR,30,1,12,0.8,1.0,0.9,0.04037980621969478,0.07986
HPMR,30,1,13,0.6,0.8,0.7,0.5567576691695628,0.10675
HPMR,30,1,14,0.5,0.6,0.55,0.028002151594238217,0.1431
HPMR,30,1,15,0.4,0.5,0.45,0.09232948609663623,0.19685
HPMR,30,1,16,0.3,0.4,0.35,0.021241084256218422,0.3177
HPMR,30,1,17,0.2,0.3,0.25,0.00977951963057866,0.7008000000000001
HPMR,30,1,18,0.15,0.2,0.175,0.00728755177272433,1.5062499999999999
HPMR,30,1,19,0.1,0.15,0.125,0.02471189793864964,3.7815000000000003
HPMR,30,1,20,0.088,0.1,0.094,0.002897936822970685,6.616
HPMR,30,1,21,0.08,0.088,0.08399999999999999,0.0022691912574275795,2.1645
HPMR,30,1,22,0.06,0.08,0.07,0.0044776727897080535,3.7199999999999998
HPMR,30,1,23,0.05,0.06,0.055,0.0018371518935167762,6.531000000000001
HPMR,30,1,24,0.04,0.05,0.045,0.0031702400976759784,11.2005
HPMR,30,1,25,0.03,0.04,0.035,0.004965248950367574,22.34
HPMR,30,1,26,0.02,0.03,0.025,0.0035945038782899835,58.34
HPMR,30,1,27,0.0159,0.02,0.01795,0.0013866352314359496,120.58000000000001
HPMR,30,1,28,0.0155,0.0159,0.0157,0.00013702114536160446,138.0
HPMR,30,1,29,0.0152,0.0155,0.015349999999999999,0.00010046299178402623,145.05
HPMR,30,1,30,0.015,0.0152,0.015099999999999999,6.588520358062397e-05,109.69999999999999
HPMR,30,1,31,0.013,0.015,0.013999999999999999,0.0007403790873883013,136.85
HPMR,30,1,32,0.01,0.013,0.0115,0.0011422943061893298,98.805
HPMR,30,1,33,0.008,0.01,0.009000000000000001,0.0008336186257031732,179.64999999999998
HPMR,30,1,34,0.006,0.008,0.007,0.0009377518061381831,347.95
HPMR,30,1,35,0.005,0.006,0.0055,0.0006065710537466627,598.8
HPMR,30,1,36,0.004,0.005,0.0045000000000000005,2.579967681136558e-05,990.7
HPMR,30,1,37,0.00385,0.004,0.003925,2.238230930164726e-06,1309.5
HPMR,30,1,38,0.0037,0.00385,0.003775,6.468266975417718e-07,1339.5
HPMR,30,1,39,0.00355,0.0037,0.003625,3.726162933917397e-08,1513.5
HPMR,30,1,40,0.0033,0.00355,0.003425,2.054053799926142e-06,1540.5
HPMR,30,1,41,0.00307,0.0033,0.003185,5.307142548738026e-07,1971.0
HPMR,30,1,42,0.003,0.00307,0.003035,6.032193766259367e-10,1911.0
HPMR,30,1,43,0.00259,0.003,0.0027949999999999997,1.3978841582119318e-05,2211.5
HPMR,30,1,44,0.00253,0.00259,0.0025599999999999998,1.1876978839909206e-09,1835.0
HPMR,30,1,45,0.00248,0.00253,0.0025050000000000003,3.2875396896330805e-09,1561.5
HPMR,30,1,46,0.002,0.00248,0.00224,1.4598441089138534e-06,1042.8
HPMR,30,1,47,0.0015,0.002,0.00175,2.2253778761336428e-08,1820.5
HPMR,30,1,48,0.001,0.0015,0.00125,1.6665457736274795e-11,3783.0
HPMR,30,2,1,15.0,20.0,17.5,9.518021979935337e-49,0.05932
HPMR,30,2,2,10.0,15.0,12.5,2.5626954809268107e-13,0.05315
HPMR,30,2,3,8.0,10.0,9.0,2.523425291889909e-12,0.048235
HPMR,30,2,4,6.0,8.0,7.0,1.7401565262588962e-11,0.045329999999999995
HPMR,30,2,5,5.0,6.0,5.5,3.050150859014778e-11,0.043315
HPMR,30,2,6,4.0,5.0,4.5,7.441232094556885e-11,0.042345
HPMR,30,2,7,3.0,4.0,3.5,4.990299777544258e-05,0.042155
HPMR,30,2,8,2.0,3.0,2.5,0.012432398883312113,0.0442
HPMR,30,2,9,1.5,2.0,1.75,0.051989243501840685,0.04914
HPMR,30,2,10,1.25,1.5,1.375,0.005162713085075873,0.05549
HPMR,30,2,11,1.0,1.25,1.125,0.008949547113592197,0.06489
HPMR,30,2,12,0.8,1.0,0.9,0.018534315409722103,0.07986
HPMR,30,2,13,0.6,0.8,0.7,0.7110228889488569,0.10675
HPMR,30,2,14,0.5,0.6,0.55,0.023788565912806238,0.1431
HPMR,30,2,15,0.4,0.5,0.45,0.07526090816830636,0.19685
HPMR,30,2,16,0.3,0.4,0.35,0.013687289234790742,0.3177
HPMR,30,2,17,0.2,0.3,0.25,0.011363265683783944,0.7008000000000001
HPMR,30,2,18,0.15,0.2,0.175,0.00830780979992204,1.5062499999999999
HPMR,30,2,19,0.1,0.15,0.125,0.026372042568696,3.7815000000000003
HPMR,30,2,20,0.088,0.1,0.094,0.002888937710682884,6.616
HPMR,30,2,21,0.08,0.088,0.08399999999999999,0.0024414992350372654,2.1645
HPMR,30,2,22,0.06,0.08,0.07,0.005511406028258024,3.7199999999999998
HPMR,30,2,23,0.05,0.06,0.055,0.0021311298130260374,6.531000000000001
HPMR,30,2,24,0.04,0.05,0.045,0.0037413430340407093,11.2005
HPMR,30,2,25,0.03,0.04,0.035,0.005278201687787197,22.34
HPMR,30,2,26,0.02,0.03,0.025,0.003972807933269527,58.34
HPMR,30,2,27,0.0159,0.02,0.01795,0.001657657645936805,120.58000000000001
HPMR,30,2,28,0.0155,0.0159,0.0157,0.0001662000450904356,138.0
HPMR,30,2,29,0.0152,0.0155,0.015349999999999999,0.00012185041668586202,145.05
HPMR,30,2,30,0.015,0.0152,0.015099999999999999,7.991113363598752e-05,109.69999999999999
HPMR,30,2,31,0.013,0.015,0.013999999999999999,0.000860276701389425,136.85
HPMR,30,2,32,0.01,0.013,0.0115,0.0013823030677508335,98.805
HPMR,30,2,33,0.008,0.01,0.009000000000000001,0.0010071852485043179,179.64999999999998
HPMR,30,2,34,0.006,0.008,0.007,0.0011253588765596158,347.95
HPMR,30,2,35,0.005,0.006,0.0055,0.0006842885982585772,598.8
HPMR,30,2,36,0.004,0.005,0.0045000000000000005,1.1631984970984158e-05,990.7
HPMR,30,2,37,0.00385,0.004,0.003925,7.541940865531192e-07,1309.5
HPMR,30,2,38,0.0037,0.00385,0.003775,7.91403498317945e-07,1339.5
HPMR,30,2,39,0.00355,0.0037,0.003625,8.345226752495491e-09,1513.5
HPMR,30,2,40,0.0033,0.00355,0.003425,3.538731996971991e-07,1540.5
HPMR,30,2,41,0.00307,0.0033,0.003185,5.105195019458073e-07,1971.0
HPMR,30,2,42,0.003,0.00307,0.003035,9.132200907289388e-10,1911.0
HPMR,30,2,43,0.00259,0.003,0.0027949999999999997,1.322726013071581e-05,2211.5
HPMR,30,2,44,0.00253,0.00259,0.0025599999999999998,3.3051854580138326e-12,1835.0
HPMR,30,2,45,0.00248,0.00253,0.0025050000000000003,3.817592334989523e-09,1561.5
HPMR,30,2,46,0.002,0.00248,0.00224,1.4432025854678192e-06,1042.8
HPMR,30,2,47,0.0015,0.002,0.00175,2.5848584550072475e-08,1820.5
HPMR,30,2,48,0.001,0.0015,0.00125,2.46082166363776e-11,3783.0
HPMR,30,3,1,15.0,20.0,17.5,2.753946672232282e-64,0.05932
HPMR,30,3,2,10.0,15.0,12.5,3.114413408056648e-13,0.05315
HPMR,30,3,3,8.0,10.0,9.0,3.066845674387769e-12,0.048235
HPMR,30,3,4,6.0,8.0,7.0,2.1150186449272144e-11,0.045329999999999995
HPMR,30,3,5,5.0,6.0,5.5,3.707449089674658e-11,0.043315
HPMR,30,3,6,4.0,5.0,4.5,9.045102349607591e-11,0.042345
HPMR,30,3,7,3.0,4.0,3.5,3.354746706964281e-05,0.042155
HPMR,30,3,8,2.0,3.0,2.5,0.012114088387496365,0.0442
HPMR,30,3,9,1.5,2.0,1.75,0.015728571895589457,0.04914
HPMR,30,3,10,1.25,1.5,1.375,0.006499158416572078,0.05549
HPMR,30,3,11,1.0,1.25,1.125,0.009765648341657003,0.06489
HPMR,30,3,12,0.8,1.0,0.9,0.012087769296997805,0.07986
HPMR,30,3,13,0.6,0.8,0.7,0.7608446084350506,0.10675
HPMR,30,3,14,0.5,0.6,0.55,0.02429172342928118,0.1431
HPMR,30,3,15,0.4,0.5,0.45,0.05967827938575272,0.19685
HPMR,30,3,16,0.3,0.4,0.35,0.01313814161427013,0.3177
HPMR,30,3,17,0.2,0.3,0.25,0.013048467764141834,0.7008000000000001
HPMR,30,3,18,0.15,0.2,0.175,0.009403096596560107,1.5062499999999999
HPMR,30,3,19,0.1,0.15,0.125,0.026416882968864876,3.7815000000000003
HPMR,30,3,20,0.088,0.1,0.094,0.003172623914720177,6.616
HPMR,30,3,21,0.08,0.088,0.08399999999999999,0.002852965792239793,2.1645
HPMR,30,3,22,0.06,0.08,0.07,0.006308994500071614,3.7199999999999998
HPMR,30,3,23,0.05,0.06,0.055,0.002417887460883166,6.531000000000001
HPMR,30,3,24,0.04,0.05,0.045,0.00418298619565131,11.2005
HPMR,30,3,25,0.03,0.04,0.035,0.005702149783590227,22.34
HPMR,30,3,26,0.02,0.03,0.025,0.0043135705109039815,58.34
HPMR,30,3,27,0.0159,0.02,0.01795,0.0018707129051673543,120.58000000000001
HPMR,30,3,28,0.0155,0.0159,0.0157,0.00018814831404987716,138.0
HPMR,30,3,29,0.0152,0.0155,0.015349999999999999,0.00013793938658188633,145.05
HPMR,30,3,30,0.015,0.0152,0.015099999999999999,9.046113486847721e-05,109.69999999999999
HPMR,30,3,31,0.013,0.015,0.013999999999999999,0.0009680170342047053,136.85
HPMR,30,3,32,0.01,0.013,0.0115,0.0015624063112230058,98.805
HPMR,30,3,33,0.008,0.01,0.009000000000000001,0.0011371441297158135,179.64999999999998
HPMR,30,3,34,0.006,0.008,0.007,0.0012676265931880926,347.95
HPMR,30,3,35,0.005,0.006,0.0055,0.0007546095081397103,598.8
HPMR,30,3,36,0.004,0.005,0.0045000000000000005,8.059354248938013e-06,990.7
HPMR,30,3,37,0.00385,0.004,0.003925,2.8575317780325395e-07,1309.5
HPMR,30,3,38,0.0037,0.00385,0.003775,8.754680854494552e-07,1339.5
HPMR,30,3,39,0.00355,0.0037,0.003625,2.261454566073965e-09,1513.5
HPMR,30,3,40,0.0033,0.00355,0.003425,2.6277434596492527e-07,1540.5
HPMR,30,3,41,0.00307,0.0033,0.003185,4.211625292573683e-07,1971.0
HPMR,30,3,42,0.003,0.00307,0.003035,1.1729989824451771e-09,1911.0
HPMR,30,3,43,0.00259,0.003,0.0027949999999999997,1.0614691425517417e-05,2211.5
HPMR,30,3,44,0.00253,0.00259,0.0025599999999999998,2.924337615487914e-12,1835.0
HPMR,30,3,45,0.00248,0.00253,0.0025050000000000003,3.75793436021232e-09,1561.5
HPMR,30,3,46,0.002,0.00248,0.00224,1.2204925414479e-06,1042.8
HPMR,30,3,47,0.0015,0.002,0.00175,2.545095168198908e-08,1820.5
HPMR,30,3,48,0.001,0.0015,0.00125,3.082492469636492e-11,3783.0
HPMR,30,4,1,15.0,20.0,17.5,7.560946861736716e-80,0.05932
HPMR,30,4,2,10.0,15.0,12.5,3.597430374052585e-13,0.05315
HPMR,30,4,3,8.0,10.0,9.0,3.5425269954683437e-12,0.048235
HPMR,30,4,4,6.0,8.0,7.0,2.443219423919728e-11,0.045329999999999995
HPMR,30,4,5,5.0,6.0,5.5,4.2829595295163505e-11,0.043315
HPMR,30,4,6,4.0,5.0,4.5,1.0450051159752859e-10,0.042345
HPMR,30,4,7,3.0,4.0,3.5,3.314157174400951e-05,0.042155
HPMR,30,4,8,2.0,3.0,2.5,0.01362426004183484,0.0442
HPMR,30,4,9,1.5,2.0,1.75,0.006224560854692737,0.04914
HPMR,30,4,10,1.25,1.5,1.375,0.00787473836572822,0.05549
HPMR,30,4,11,1.0,1.25,1.125,0.010918556492902872,0.06489
HPMR,30,4,12,0.8,1.0,0.9,0.011461662125550342,0.07986
HPMR,30,4,13,0.6,0.8,0.7,0.7666976388550899,0.10675
HPMR,30,4,14,0.5,0.6,0.55,0.02691171704374446,0.1431
HPMR,30,4,15,0.4,0.5,0.45,0.04827901315808272,0.19685
HPMR,30,4,16,0.3,0.4,0.35,0.014424155338581626,0.3177
HPMR,30,4,17,0.2,0.3,0.25,0.014774598377008489,0.7008000000000001
HPMR,30,4,18,0.15,0.2,0.175,0.010646686522767823,1.5062499999999999
HPMR,30,4,19,0.1,0.15,0.125,0.026986689343201052,3.7815000000000003
HPMR,30,4,20,0.088,0.1,0.094,0.003554362317245155,6.616
HPMR,30,4,21,0.08,0.088,0.08399999999999999,0.0032723863482202503,2.1645
HPMR,30,4,22,0.06,0.08,0.07,0.007106782603934413,3.7199999999999998
HPMR,30,4,23,0.05,0.06,0.055,0.0027112120098653236,6.531000000000001
HPMR,30,4,24,0.04,0.05,0.045,0.004649598873856357,11.2005
HPMR,30,4,25,0.03,0.04,0.035,0.006236379007240665,22.34
HPMR,30,4,26,0.02,0.03,0.025,0.004710950251732285,58.34
HPMR,30,4,27,0.0159,0.02,0.01795,0.002082595223534342,120.58000000000001
HPMR,30,4,28,0.0155,0.0159,0.0157,0.00021012259353339098,138.0
HPMR,30,4,29,0.0152,0.0155,0.015349999999999999,0.00015404653753950672,145.05
HPMR,30,4,30,0.015,0.0152,0.015099999999999999,0.00010102317044105341,109.69999999999999
HPMR,30,4,31,0.013,0.015,0.013999999999999999,0.0010795248044909859,136.85
HPMR,30,4,32,0.01,0.013,0.0115,0.0017426815008739077,98.805
HPMR,30,4,33,0.008,0.01,0.009000000000000001,0.0012672436146392817,179.64999999999998
HPMR,30,4,34,0.006,0.008,0.007,0.0014111007680673244,347.95
HPMR,30,4,35,0.005,0.006,0.0055,0.0008339495083905404,598.8
HPMR,30,4,36,0.004,0.005,0.0045000000000000005,7.799723143199421e-06,990.7
HPMR,30,4,37,0.00385,0.004,0.003925,1.3446396369065495e-07,1309.5
HPMR,30,4,38,0.0037,0.00385,0.003775,9.667344168810245e-07,1339.5
HPMR,30,4,39,0.00355,0.0037,0.003625,1.1749928709268836e-09,1513.5
HPMR,30,4,40,0.0033,0.00355,0.003425,2.82085709012849e-07,1540.5
HPMR,30,4,41,0.00307,0.0033,0.003185,3.3572934312008894e-07,1971.0
HPMR,30,4,42,0.003,0.00307,0.003035,1.4306708274560122e-09,1911.0
HPMR,30,4,43,0.00259,0.003,0.0027949999999999997,8.086510311695814e-06,2211.5
HPMR,30,4,44,0.00253,0.00259,0.0025599999999999998,3.5059534856397944e-12,1835.0
HPMR,30,4,45,0.00248,0.00253,0.0025050000000000003,3.5099100390513203e-09,1561.5
HPMR,30,4,46,0.002,0.00248,0.00224,9.874153253784548e-07,1042.8
HPMR,30,4,47,0.0015,0.002,0.00175,2.378186200294405e-08,1820.5
HPMR,30,4,48,0.001,0.0015,0.00125,3.664676520511741e-11,3783.0
HPMR,30,5,1,15.0,20.0,17.5,2.0316313423718275e-95,0.05932
HPMR,30,5,2,10.0,15.0,12.5,4.07409718321267e-13,0.05315
HPMR,30,5,3,8.0,10.0,9.0,4.012046152448584e-12,0.048235
HPMR,30,5,4,6.0,8.0,7.0,2.76728534281787e-11,0.045329999999999995
HPMR,30,5,5,5.0,6.0,5.5,4.851188917502629e-11,0.043315
HPMR,30,5,6,4.0,5.0,4.5,1.1836991205976512e-10,0.042345
HPMR,30,5,7,3.0,4.0,3.5,3.7601500956154924e-05,0.042155
HPMR,30,5,8,2.0,3.0,2.5,0.01579327226719593,0.0442
HPMR,30,5,9,1.5,2.0,1.75,0.004196787623002674,0.04914
HPMR,30,5,10,1.25,1.5,1.375,0.00938339355018,0.05549
HPMR,30,5,11,1.0,1.25,1.125,0.012362548837725217,0.06489
HPMR,30,5,12,0.8,1.0,0.9,0.012639009525831043,0.07986
HPMR,30,5,13,0.6,0.8,0.7,0.7552055647768234,0.10675
HPMR,30,5,14,0.5,0.6,0.55,0.030600460391994665,0.1431
HPMR,30,5,15,0.4,0.5,0.45,0.040245335755169934,0.19685
HPMR,30,5,16,0.3,0.4,0.35,0.01631014299594052,0.3177
HPMR,30,5,17,0.2,0.3,0.25,0.016683679825117287,0.7008000000000001
HPMR,30,5,18,0.15,0.2,0.175,0.01206158384406196,1.5062499999999999
HPMR,30,5,19,0.1,0.15,0.125,0.028502392339355982,3.7815000000000003
HPMR,30,5,20,0.088,0.1,0.094,0.00400050704962479,6.616
HPMR,30,5,21,0.08,0.088,0.08399999999999999,0.0037299824119051057,2.1645
HPMR,30,5,22,0.06,0.08,0.07,0.007992915975226859,3.7199999999999998
HPMR,30,5,23,0.05,0.06,0.055,0.0030396076868536835,6.531000000000001
HPMR,30,5,24,0.04,0.05,0.045,0.005191076062681526,11.2005
HPMR,30,5,25,0.03,0.04,0.035,0.006913399364963232,22.34
HPMR,30,5,26,0.02,0.03,0.025,0.00519235496784602,58.34
HPMR,30,5,27,0.0159,0.02,0.01795,0.0023189809427418763,120.58000000000001
HPMR,30,5,28,0.0155,0.0159,0.0157,0.00023472130155509444,138.0
HPMR,30,5,29,0.0152,0.0155,0.015349999999999999,0.0001720729738186174,145.05
HPMR,30,5,30,0.015,0.0152,0.015099999999999999,0.00011284820281663267,109.69999999999999
HPMR,30,5,31,0.013,0.015,0.013999999999999999,0.001205254705190907,136.85
HPMR,30,5,32,0.01,0.013,0.0115,0.0019446802693579021,98.805
HPMR,30,5,33,0.008,0.01,0.009000000000000001,0.0014131636634512387,179.64999999999998
HPMR,30,5,34,0.006,0.008,0.007,0.0015725538554049985,347.95
HPMR,30,5,35,0.005,0.006,0.0055,0.0009268527355665228,598.8
HPMR,30,5,36,0.004,0.005,0.0045000000000000005,8.65823622419726e-06,990.7
HPMR,30,5,37,0.00385,0.004,0.003925,7.830452188078241e-08,1309.5
HPMR,30,5,38,0.0037,0.00385,0.003775,1.0845393293200323e-06,1339.5
HPMR,30,5,39,0.00355,0.0037,0.003625,1.129792061399919e-09,1513.5
HPMR,30,5,40,0.0033,0.00355,0.003425,3.1298127289512313e-07,1540.5
HPMR,30,5,41,0.00307,0.0033,0.003185,2.693612683651452e-07,1971.0
HPMR,30,5,42,0.003,0.00307,0.003035,1.7090949587779042e-09,1911.0
HPMR,30,5,43,0.00259,0.003,0.0027949999999999997,6.03429551892454e-06,2211.5
HPMR,30,5,44,0.00253,0.00259,0.0025599999999999998,4.121591860176201e-12,1835.0
HPMR,30,5,45,0.00248,0.00253,0.0025050000000000003,3.2085535927633967e-09,1561.5
HPMR,30,5,46,0.002,0.00248,0.00224,7.888325663057364e-07,1042.8
HPMR,30,5,47,0.0015,0.002,0.00175,2.175375456803739e-08,1820.5
HPMR,30,5,48,0.001,0.0015,0.00125,4.2647264435806575e-11,3783.0
HPMR,30,6,1,15.0,20.0,17.5,5.373351491236722e-111,0.05932
HPMR,30,6,2,10.0,15.0,12.5,4.550524183625619e-13,0.05315
HPMR,30,6,3,8.0,10.0,9.0,4.481257972481944e-12,0.048235
HPMR,30,6,4,6.0,8.0,7.0,3.091096681729837e-11,0.045329999999999995
HPMR,30,6,5,5.0,6.0,5.5,5.41942381168297e-11,0.043315
HPMR,30,6,6,4.0,5.0,4.5,1.322461868986503e-10,0.042345
HPMR,30,6,7,3.0,4.0,3.5,4.3664001432898946e-05,0.042155
HPMR,30,6,8,2.0,3.0,2.5,0.018233642829362965,0.0442
HPMR,30,6,9,1.5,2.0,1.75,0.0041186581449855165,0.04914
HPMR,30,6,10,1.25,1.5,1.375,0.011031932256837036,0.05549
HPMR,30,6,11,1.0,1.25,1.125,0.01403654757279933,0.06489
HPMR,30,6,12,0.8,1.0,0.9,0.014432608793772776,0.07986
HPMR,30,6,13,0.6,0.8,0.7,0.7353184404681046,0.10675
HPMR,30,6,14,0.5,0.6,0.55,0.034973352737832746,0.1431
HPMR,30,6,15,0.4,0.5,0.45,0.03471061883349467,0.19685
HPMR,30,6,16,0.3,0.4,0.35,0.018475496223293385,0.3177
HPMR,30,6,17,0.2,0.3,0.25,0.018778188514454747,0.7008000000000001
HPMR,30,6,18,0.15,0.2,0.175,0.013621077992511716,1.5062499999999999
HPMR,30,6,19,0.1,0.15,0.125,0.030812272606234835,3.7815000000000003
HPMR,30,6,20,0.088,0.1,0.094,0.004496291939975457,6.616
HPMR,30,6,21,0.08,0.088,0.08399999999999999,0.004227429080064484,2.1645
HPMR,30,6,22,0.06,0.08,0.07,0.00897044753452881,3.7199999999999998
HPMR,30,6,23,0.05,0.06,0.055,0.0034038086134968895,6.531000000000001
HPMR,30,6,24,0.04,0.05,0.045,0.005803219610535659,11.2005
HPMR,30,6,25,0.03,0.04,0.035,0.007712599578791558,22.34
HPMR,30,6,26,0.02,0.03,0.025,0.005748224251828872,58.34
HPMR,30,6,27,0.0159,0.02,0.01795,0.002581140238116084,120.58000000000001
HPMR,30,6,28,0.0155,0.0159,0.0157,0.00026201864921394046,138.0
HPMR,30,6,29,0.0152,0.0155,0.015349999999999999,0.00019208352566167376,145.05
HPMR,30,6,30,0.015,0.0152,0.015099999999999999,0.0001259685741092126,109.69999999999999
HPMR,30,6,31,0.013,0.015,0.013999999999999999,0.0013450413619316465,136.85
HPMR,30,6,32,0.01,0.013,0.0115,0.0021690794387073946,98.805
HPMR,30,6,33,0.008,0.01,0.009000000000000001,0.0015753488851431277,179.64999999999998
HPMR,30,6,34,0.006,0.008,0.007,0.0017521752622011249,347.95
HPMR,30,6,35,0.005,0.006,0.0055,0.0010316849885124437,598.8
HPMR,30,6,36,0.004,0.005,0.0045000000000000005,9.99556041994532e-06,990.7
HPMR,30,6,37,0.00385,0.004,0.003925,5.201552960821488e-08,1309.5
HPMR,30,6,38,0.0037,0.00385,0.003775,1.2291995950189491e-06,1339.5
HPMR,30,6,39,0.00355,0.0037,0.003625,1.330542926953265e-09,1513.5
HPMR,30,6,40,0.0033,0.00355,0.003425,3.4897627088217636e-07,1540.5
HPMR,30,6,41,0.00307,0.0033,0.003185,2.215697807033728e-07,1971.0
HPMR,30,6,42,0.003,0.00307,0.003035,2.0114110050581723e-09,1911.0
HPMR,30,6,43,0.00259,0.003,0.0027949999999999997,4.437789256398181e-06,2211.5
HPMR,30,6,44,0.00253,0.00259,0.0025599999999999998,4.777566535799539e-12,1835.0
HPMR,30,6,45,0.00248,0.00253,0.0025050000000000003,2.887122937190897e-09,1561.5
HPMR,30,6,46,0.002,0.00248,0.00224,6.262850418798972e-07,1042.8
HPMR,30,6,47,0.0015,0.002,0.00175,1.9591176444859364e-08,1820.5
HPMR,30,6,48,0.001,0.0015,0.00125,4.885138118395811e-11,3783.0
HPMR,30,7,1,15.0,20.0,17.5,0.0,0.05932
HPMR,30,7,2,10.0,15.0,12.5,5.011116596013386e-13,0.05315
HPMR,30,7,3,8.0,10.0,9.0,4.935211497478344e-12,0.048235
HPMR,30,7,4,6.0,8.0,7.0,3.4044126739316496e-11,0.045329999999999995
HPMR,30,7,5,5.0,6.0,5.5,5.969379362391769e-11,0.043315
HPMR,30,7,6,4.0,5.0,4.5,1.4567651307137168e-10,0.042345
HPMR,30,7,7,3.0,4.0,3.5,5.0308795234865094e-05,0.042155
HPMR,30,7,8,2.0,3.0,2.5,0.02076487477378612,0.0442
HPMR,30,7,9,1.5,2.0,1.75,0.004540891411052306,0.04914
HPMR,30,7,10,1.25,1.5,1.375,0.012779382389359613,0.05549
HPMR,30,7,11,1.0,1.25,1.125,0.015866373742144724,0.06489
HPMR,30,7,12,0.8,1.0,0.9,0.016476981956614612,0.07986
HPMR,30,7,13,0.6,0.8,0.7,0.7107661420641258,0.10675
HPMR,30,7,14,0.5,0.6,0.55,0.03978844058408837,0.1431
HPMR,30,7,15,0.4,0.5,0.45,0.031057054098057514,0.19685
HPMR,30,7,16,0.3,0.4,0.35,0.020772971317629858,0.3177
HPMR,30,7,17,0.2,0.3,0.25,0.02098936985308976,0.7008000000000001
HPMR,30,7,18,0.15,0.2,0.175,0.015267045485348043,1.5062499999999999
HPMR,30,7,19,0.1,0.15,0.125,0.03364804013423364,3.7815000000000003
HPMR,30,7,20,0.088,0.1,0.094,0.005021366084470118,6.616
HPMR,30,7,21,0.08,0.088,0.08399999999999999,0.004748402149520103,2.1645
HPMR,30,7,22,0.06,0.08,0.07,0.01000637132658745,3.7199999999999998
HPMR,30,7,23,0.05,0.06,0.055,0.00379100424123412,6.531000000000001
HPMR,30,7,24,0.04,0.05,0.045,0.006460489950222491,11.2005
HPMR,30,7,25,0.03,0.04,0.035,0.008591150666410113,22.34
HPMR,30,7,26,0.02,0.03,0.025,0.00635339475665305,58.34
HPMR,30,7,27,0.0159,0.02,0.01795,0.0028600866316261615,120.58000000000001
HPMR,30,7,28,0.0155,0.0159,0.0157,0.0002910834848376909,138.0
HPMR,30,7,29,0.0152,0.0155,0.015349999999999999,0.000213386455538906,145.05
HPMR,30,7,30,0.015,0.0152,0.015099999999999999,0.00013994073740010774,109.69999999999999
HPMR,30,7,31,0.013,0.015,0.013999999999999999,0.0014939227465856704,136.85
HPMR,30,7,32,0.01,0.013,0.0115,0.002408127433588914,98.805
HPMR,30,7,33,0.008,0.01,0.009000000000000001,0.0017481910257510541,179.64999999999998
HPMR,30,7,34,0.006,0.008,0.007,0.0019437740830381448,347.95
HPMR,30,7,35,0.005,0.006,0.0055,0.0011440821278393665,598.8
HPMR,30,7,36,0.004,0.005,0.0045000000000000005,1.1604040241789016e-05,990.7
HPMR,30,7,37,0.00385,0.004,0.003925,3.7008013823204776e-08,1309.5
HPMR,30,7,38,0.0037,0.00385,0.003775,1.3952672799115262e-06,1339.5
HPMR,30,7,39,0.00355,0.0037,0.003625,1.611446840662926e-09,1513.5
HPMR,30,7,40,0.0033,0.00355,0.003425,3.8816625307389725e-07,1540.5
HPMR,30,7,41,0.00307,0.0033,0.003185,1.8935052184854183e-07,1971.0
HPMR,30,7,42,0.003,0.00307,0.003035,2.3309734431659758e-09,1911.0
HPMR,30,7,43,0.00259,0.003,0.0027949999999999997,3.21734607669401e-06,2211.5
HPMR,30,7,44,0.00253,0.00259,0.0025599999999999998,5.458212899410668e-12,1835.0
HPMR,30,7,45,0.00248,0.00253,0.0025050000000000003,2.5559730843609672e-09,1561.5
HPMR,30,7,46,0.002,0.00248,0.00224,4.941470861918993e-07,1042.8
HPMR,30,7,47,0.0015,0.002,0.00175,1.7364694384136425e-08,1820.5
HPMR,30,7,48,0.001,0.0015,0.00125,5.5061098446419e-11,3783.0
HPMR,30,8,1,15.0,20.0,17.5,0.0,0.05932
HPMR,30,8,2,10.0,15.0,12.5,5.434575265283473e-13,0.05315
HPMR,30,8,3,8.0,10.0,9.0,5.35248941008915e-12,0.048235
HPMR,30,8,4,6.0,8.0,7.0,3.692700794577529e-11,0.045329999999999995
HPMR,30,8,5,5.0,6.0,5.5,6.475182069800756e-11,0.043315
HPMR,30,8,6,4.0,5.0,4.5,1.580353691618189e-10,0.042345
HPMR,30,8,7,3.0,4.0,3.5,5.705393255366785e-05,0.042155
HPMR,30,8,8,2.0,3.0,2.5,0.02324824672608709,0.0442
HPMR,30,8,9,1.5,2.0,1.75,0.0050786262817111615,0.04914
HPMR,30,8,10,1.25,1.5,1.375,0.014561851325144476,0.05549
HPMR,30,8,11,1.0,1.25,1.125,0.017764229488128228,0.06489
HPMR,30,8,12,0.8,1.0,0.9,0.018608740459698486,0.07986
HPMR,30,8,13,0.6,0.8,0.7,0.6839712806748975,0.10675
HPMR,30,8,14,0.5,0.6,0.55,0.044802510701920886,0.1431
HPMR,30,8,15,0.4,0.5,0.45,0.028815423922566034,0.19685
HPMR,30,8,16,0.3,0.4,0.35,0.023081705344443676,0.3177
HPMR,30,8,17,0.2,0.3,0.25,0.02321391971258346,0.7008000000000001
HPMR,30,8,18,0.15,0.2,0.175,0.01692332838959093,1.5062499999999999
HPMR,30,8,19,0.1,0.15,0.125,0.036727689802850995,3.7815000000000003
HPMR,30,8,20,0.088,0.1,0.094,0.005551656957083239,6.616
HPMR,30,8,21,0.08,0.088,0.08399999999999999,0.00526949333537547,2.1645
HPMR,30,8,22,0.06,0.08,0.07,0.011052678247279579,3.7199999999999998
HPMR,30,8,23,0.05,0.06,0.055,0.004183289183695206,6.531000000000001
HPMR,30,8,24,0.04,0.05,0.045,0.0071288126998305095,11.2005
HPMR,30,8,25,0.03,0.04,0.035,0.009497620242644516,22.34
HPMR,30,8,26,0.02,0.03,0.025,0.006975581340842373,58.34
HPMR,30,8,27,0.0159,0.02,0.01795,0.003142704968567455,120.58000000000001
HPMR,30,8,28,0.0155,0.0159,0.0157,0.00032055105583321086,138.0
HPMR,30,8,29,0.0152,0.0155,0.015349999999999999,0.00023497897129391837,145.05
HPMR,30,8,30,0.015,0.0152,0.015099999999999999,0.00015409684265763472,109.69999999999999
HPMR,30,8,31,0.013,0.015,0.013999999999999999,0.0016448796184208821,136.85
HPMR,30,8,32,0.01,0.013,0.0115,0.002650601318634347,98.805
HPMR,30,8,33,0.008,0.01,0.009000000000000001,0.0019235795337338337,179.64999999999998
HPMR,30,8,34,0.006,0.008,0.007,0.0021382318857871094,347.95
HPMR,30,8,35,0.005,0.006,0.0055,0.0012583485877858851,598.8
HPMR,30,8,36,0.004,0.005,0.0045000000000000005,1.3379031025650707e-05,990.7
HPMR,30,8,37,0.00385,0.004,0.003925,2.7454346763916966e-08,1309.5
HPMR,30,8,38,0.0037,0.00385,0.003775,1.5753459340095176e-06,1339.5
HPMR,30,8,39,0.00355,0.0037,0.003625,1.9330039599251043e-09,1513.5
HPMR,30,8,40,0.0033,0.00355,0.003425,4.285616903626509e-07,1540.5
HPMR,30,8,41,0.00307,0.0033,0.003185,1.6976719076142255e-07,1971.0
HPMR,30,8,42,0.003,0.00307,0.003035,2.6563173200442097e-09,1911.0
HPMR,30,8,43,0.00259,0.003,0.0027949999999999997,2.2989421044269723e-06,2211.5
HPMR,30,8,44,0.00253,0.00259,0.0025599999999999998,6.13779403462676e-12,1835.0
HPMR,30,8,45,0.00248,0.00253,0.0025050000000000003,2.2231806139076366e-09,1561.5
HPMR,30,8,46,0.002,0.00248,0.00224,3.8707193578197316e-07,1042.8
HPMR,30,8,47,0.0015,0.002,0.00175,1.512891144176411e-08,1820.5
HPMR,30,8,48,0.001,0.0015,0.00125,6.096920527451084e-11,3783.0
HPMR,30,9,1,15.0,20.0,17.5,0.0,0.05932
HPMR,30,9,2,10.0,15.0,12.5,5.80005662413001e-13,0.05315
HPMR,30,9,3,8.0,10.0,9.0,5.7127329716031e-12,0.048235
HPMR,30,9,4,6.0,8.0,7.0,3.941770051771978e-11,0.045329999999999995
HPMR,30,9,5,5.0,6.0,5.5,6.912291772322563e-11,0.043315
HPMR,30,9,6,4.0,5.0,4.5,1.6872107065761014e-10,0.042345
HPMR,30,9,7,3.0,4.0,3.5,6.354048341516829e-05,0.042155
HPMR,30,9,8,2.0,3.0,2.5,0.02555345175742497,0.0442
HPMR,30,9,9,1.5,2.0,1.75,0.00561576774126161,0.04914
HPMR,30,9,10,1.25,1.5,1.375,0.016305059317629347,0.05549
HPMR,30,9,11,1.0,1.25,1.125,0.019636047842932956,0.06489
HPMR,30,9,12,0.8,1.0,0.9,0.020709481200354752,0.07986
HPMR,30,9,13,0.6,0.8,0.7,0.6569983054417079,0.10675
HPMR,30,9,14,0.5,0.6,0.55,0.0497649319378896,0.1431
HPMR,30,9,15,0.4,0.5,0.45,0.027598198857043833,0.19685
HPMR,30,9,16,0.3,0.4,0.35,0.025282127030322635,0.3177
HPMR,30,9,17,0.2,0.3,0.25,0.025338903757209045,0.7008000000000001
HPMR,30,9,18,0.15,0.2,0.175,0.0185073814576507,1.5062499999999999
HPMR,30,9,19,0.1,0.15,0.125,0.03978688006443279,3.7815000000000003
HPMR,30,9,20,0.088,0.1,0.094,0.006059599526293659,6.616
HPMR,30,9,21,0.08,0.088,0.08399999999999999,0.005765291998777948,2.1645
HPMR,30,9,22,0.06,0.08,0.07,0.012056446378963189,3.7199999999999998
HPMR,30,9,23,0.05,0.06,0.055,0.004560322402150602,6.531000000000001
HPMR,30,9,24,0.04,0.05,0.045,0.007771765828309511,11.2005
HPMR,30,9,25,0.03,0.04,0.035,0.010378968825567615,22.34
HPMR,30,9,26,0.02,0.03,0.025,0.007580477971043823,58.34
HPMR,30,9,27,0.0159,0.02,0.01795,0.0034144552850607864,120.58000000000001
HPMR,30,9,28,0.0155,0.0159,0.0157,0.00034890088836285016,138.0
HPMR,30,9,29,0.0152,0.0155,0.015349999999999999,0.00025575377516471427,145.05
HPMR,30,9,30,0.015,0.0152,0.015099999999999999,0.00016772823670441577,109.69999999999999
HPMR,30,9,31,0.013,0.015,0.013999999999999999,0.0017901885138016918,136.85
HPMR,30,9,32,0.01,0.013,0.0115,0.0028839751504147024,98.805
HPMR,30,9,33,0.008,0.01,0.009000000000000001,0.002092470947471771,179.64999999999998
HPMR,30,9,34,0.006,0.008,0.007,0.002325574733267348,347.95
HPMR,30,9,35,0.005,0.006,0.0055,0.0013684133097674504,598.8
HPMR,30,9,36,0.004,0.005,0.0045000000000000005,1.523693733143241e-05,990.7
HPMR,30,9,37,0.00385,0.004,0.003925,2.107511547218615e-08,1309.5
HPMR,30,9,38,0.0037,0.00385,0.003775,1.7612176002091202e-06,1339.5
HPMR,30,9,39,0.00355,0.0037,0.003625,2.2791473309523296e-09,1513.5
HPMR,30,9,40,0.0033,0.00355,0.003425,4.68156426200433e-07,1540.5
HPMR,30,9,41,0.00307,0.0033,0.003185,1.6014714648663966e-07,1971.0
HPMR,30,9,42,0.003,0.00307,0.003035,2.9741818571054884e-09,1911.0
HPMR,30,9,43,0.00259,0.003,0.0027949999999999997,1.6205490730455964e-06,2211.5
HPMR,30,9,44,0.00253,0.00259,0.0025599999999999998,6.787972195241347e-12,1835.0
HPMR,30,9,45,0.00248,0.00253,0.0025050000000000003,1.898221542871395e-09,1561.5
HPMR,30,9,46,0.002,0.00248,0.00224,3.008009012354167e-07,1042.8
HPMR,30,9,47,0.0015,0.002,0.00175,1.2947840991079823e-08,1820.5
HPMR,30,9,48,0.001,0.0015,0.00125,6.627440055450515e-11,3783.0
HPMR,30,10,1,15.0,20.0,17.5,0.0,0.05932
HPMR,30,10,2,10.0,15.0,12.5,6.092824415429533e-13,0.05315
HPMR,30,10,3,8.0,10.0,9.0,6.0013853966374804e-12,0.048235
HPMR,30,10,4,6.0,8.0,7.0,4.141199882435822e-11,0.045329999999999995
HPMR,30,10,5,5.0,6.0,5.5,7.262931321740621e-11,0.043315
HPMR,30,10,6,4.0,5.0,4.5,1.773024876577577e-10,0.042345
HPMR,30,10,7,3.0,4.0,3.5,6.947241409176328e-05,0.042155
HPMR,30,10,8,2.0,3.0,2.5,0.02757280118677182,0.0442
HPMR,30,10,9,1.5,2.0,1.75,0.006106236078381609,0.04914
HPMR,30,10,10,1.25,1.5,1.375,0.01793620275285095,0.05549
HPMR,30,10,11,1.0,1.25,1.125,0.021393726427583734,0.06489
HPMR,30,10,12,0.8,1.0,0.9,0.022683248717487364,0.07986
HPMR,30,10,13,0.6,0.8,0.7,0.6315982956563143,0.10675
HPMR,30,10,14,0.5,0.6,0.55,0.054441945215492324,0.1431
HPMR,30,10,15,0.4,0.5,0.45,0.0270821527932535,0.19685
HPMR,30,10,16,0.3,0.4,0.35,0.0272702801921288,0.3177
HPMR,30,10,17,0.2,0.3,0.25,0.0272633012724931,0.7008000000000001
HPMR,30,10,18,0.15,0.2,0.175,0.019943476584157127,1.5062499999999999
HPMR,30,10,19,0.1,0.15,0.125,0.04260402864126405,3.7815000000000003
HPMR,30,10,20,0.088,0.1,0.094,0.0065213938016318905,6.616
HPMR,30,10,21,0.08,0.088,0.08399999999999999,0.006211481220800798,2.1645
HPMR,30,10,22,0.06,0.08,0.07,0.012970109741040216,3.7199999999999998
HPMR,30,10,23,0.05,0.06,0.055,0.004903813739844358,6.531000000000001
HPMR,30,10,24,0.04,0.05,0.045,0.008357316950004405,11.2005
HPMR,30,10,25,0.03,0.04,0.035,0.011188482587433421,22.34
HPMR,30,10,26,0.02,0.03,0.025,0.008136813432645242,58.34
HPMR,30,10,27,0.0159,0.02,0.01795,0.0036622882111570095,120.58000000000001
HPMR,30,10,28,0.0155,0.0159,0.0157,0.0003747832773738493,138.0
HPMR,30,10,29,0.0152,0.0155,0.015349999999999999,0.00027471870837275224,145.05
HPMR,30,10,30,0.015,0.0152,0.015099999999999999,0.0001801660294136706,109.69999999999999
HPMR,30,10,31,0.013,0.015,0.013999999999999999,0.0019228319380271326,136.85
HPMR,30,10,32,0.01,0.013,0.0115,0.003097104955929446,98.805
HPMR,30,10,33,0.008,0.01,0.009000000000000001,0.002246750907135779,179.64999999999998
HPMR,30,10,34,0.006,0.008,0.007,0.0024968268378729843,347.95
HPMR,30,10,35,0.005,0.006,0.0055,0.0014688410784735274,598.8
HPMR,30,10,36,0.004,0.005,0.0045000000000000005,1.7102692174882396e-05,990.7
HPMR,30,10,37,0.00385,0.004,0.003925,1.6717138725295444e-08,1309.5
HPMR,30,10,38,0.0037,0.00385,0.003775,1.945048114962219e-06,1339.5
HPMR,30,10,39,0.00355,0.0037,0.003625,2.6387522716035303e-09,1513.5
HPMR,30,10,40,0.0033,0.00355,0.003425,5.053259718060588e-07,1540.5
HPMR,30,10,41,0.00307,0.0033,0.003185,1.5814058635222803e-07,1971.0
HPMR,30,10,42,0.003,0.00307,0.003035,3.2720073020951014e-09,1911.0
HPMR,30,10,43,0.00259,0.003,0.0027949999999999997,1.130080526465707e-06,2211.5
HPMR,30,10,44,0.00253,0.00259,0.0025599999999999998,7.383177500201097e-12,1835.0
HPMR,30,10,45,0.00248,0.00253,0.0025050000000000003,1.5908796255552231e-09,1561.5
HPMR,30,10,46,0.002,0.00248,0.00224,2.3188170518817128e-07,1042.8
HPMR,30,10,47,0.0015,0.002,0.00175,1.0886659484753965e-08,1820.5
HPMR,30,10,48,0.001,0.0015,0.00125,7.071845467802364e-11,3783.0
HPMR,30,11,1,15.0,20.0,17.5,0.0,0.05932
HPMR,30,11,2,10.0,15.0,12.5,6.305670183426118e-13,0.05315
HPMR,30,11,3,8.0,10.0,9.0,6.2113003147160154e-12,0.048235
HPMR,30,11,4,6.0,8.0,7.0,4.2865698056396445e-11,0.045329999999999995
HPMR,30,11,5,5.0,6.0,5.5,7.518582254232004e-11,0.043315
HPMR,30,11,6,4.0,5.0,4.5,1.8356702417706176e-10,0.042345
HPMR,30,11,7,3.0,4.0,3.5,7.461994900723419e-05,0.042155
HPMR,30,11,8,2.0,3.0,2.5,0.029227005126150715,0.0442
HPMR,30,11,9,1.5,2.0,1.75,0.006526160369348238,0.04914
HPMR,30,11,10,1.25,1.5,1.375,0.019399143789778042,0.05549
HPMR,30,11,11,1.0,1.25,1.125,0.022966100136856314,0.06489
HPMR,30,11,12,0.8,1.0,0.9,0.024451958904854493,0.07986
HPMR,30,11,13,0.6,0.8,0.7,0.6091454038225933,0.10675
HPMR,30,11,14,0.5,0.6,0.55,0.05863376238317783,0.1431
HPMR,30,11,15,0.4,0.5,0.45,0.026999323141112683,0.19685
HPMR,30,11,16,0.3,0.4,0.35,0.02896671021355472,0.3177
HPMR,30,11,17,0.2,0.3,0.25,0.028907253739495608,0.7008000000000001
HPMR,30,11,18,0.15,0.2,0.175,0.021175146694412943,1.5062499999999999
HPMR,30,11,19,0.1,0.15,0.125,0.045015810083417825,3.7815000000000003
HPMR,30,11,20,0.088,0.1,0.094,0.006917249154559038,6.616
HPMR,30,11,21,0.08,0.088,0.08399999999999999,0.00659079163071354,2.1645
HPMR,30,11,22,0.06,0.08,0.07,0.01375573922162024,3.7199999999999998
HPMR,30,11,23,0.05,0.06,0.055,0.005199848901361587,6.531000000000001
HPMR,30,11,24,0.04,0.05,0.045,0.008860086234049457,11.2005
HPMR,30,11,25,0.03,0.04,0.035,0.011890603457472884,22.34
HPMR,30,11,26,0.02,0.03,0.025,0.008620497384221722,58.34
HPMR,30,11,27,0.0159,0.02,0.01795,0.003875956136566747,120.58000000000001
HPMR,30,11,28,0.0155,0.0159,0.0157,0.0003971357851643514,138.0
HPMR,30,11,29,0.0152,0.0155,0.015349999999999999,0.0002910950945444902,145.05
HPMR,30,11,30,0.015,0.0152,0.015099999999999999,0.0001909062345453096,109.69999999999999
HPMR,30,11,31,0.013,0.015,0.013999999999999999,0.002037421268048874,136.85
HPMR,30,11,32,0.01,0.013,0.0115,0.003281281816311227,98.805
HPMR,30,11,33,0.008,0.01,0.009000000000000001,0.0023800495701297507,179.64999999999998
HPMR,30,11,34,0.006,0.008,0.007,0.0026448244589106656,347.95
HPMR,30,11,35,0.005,0.006,0.0055,0.001555391731701614,598.8
HPMR,30,11,36,0.004,0.005,0.0045000000000000005,1.891109947058992e-05,990.7
HPMR,30,11,37,0.00385,0.004,0.003925,1.3678813951534512e-08,1309.5
HPMR,30,11,38,0.0037,0.00385,0.003775,2.120252432665412e-06,1339.5
HPMR,30,11,39,0.00355,0.0037,0.003625,3.001627253542669e-09,1513.5
HPMR,30,11,40,0.0033,0.00355,0.003425,5.388130616525231e-07,1540.5
HPMR,30,11,41,0.00307,0.0033,0.003185,1.6166376382236001e-07,1971.0
HPMR,30,11,42,0.003,0.00307,0.003035,3.539345728421307e-09,1911.0
HPMR,30,11,43,0.00259,0.003,0.0027949999999999997,7.833880973198998e-07,2211.5
HPMR,30,11,44,0.00253,0.00259,0.0025599999999999998,7.904226623940297e-12,1835.0
HPMR,30,11,45,0.00248,0.00253,0.0025050000000000003,1.3098445481156535e-09,1561.5
HPMR,30,11,46,0.002,0.00248,0.00224,1.7742696792806423e-07,1042.8
HPMR,30,11,47,0.0015,0.002,0.00175,9.002401526899087e-09,1820.5
HPMR,30,11,48,0.001,0.0015,0.00125,7.412701335602318e-11,3783.0
HPMR,30,12,1,15.0,20.0,17.5,0.0,0.05932
HPMR,30,12,2,10.0,15.0,12.5,6.439326631208416e-13,0.05315
HPMR,30,12,3,8.0,10.0,9.0,6.343363328872249e-12,0.048235
HPMR,30,12,4,6.0,8.0,7.0,4.3782075163054306e-11,0.045329999999999995
HPMR,30,12,5,5.0,6.0,5.5,7.680473185200214e-11,0.043315
HPMR,30,12,6,4.0,5.0,4.5,1.8754100582788316e-10,0.042345
HPMR,30,12,7,3.0,4.0,3.5,7.884819390522063e-05,0.042155
HPMR,30,12,8,2.0,3.0,2.5,0.030475670090369448,0.0442
HPMR,30,12,9,1.5,2.0,1.75,0.00686359196593541,0.04914
HPMR,30,12,10,1.25,1.5,1.375,0.020655333803241086,0.05549
HPMR,30,12,11,1.0,1.25,1.125,0.02430683585321976,0.06489
HPMR,30,12,12,0.8,1.0,0.9,0.025966572534530087,0.07986
HPMR,30,12,13,0.6,0.8,0.7,0.5905004885236044,0.10675
HPMR,30,12,14,0.5,0.6,0.55,0.06221848034681997,0.1431
HPMR,30,12,15,0.4,0.5,0.45,0.02714256073452163,0.19685
HPMR,30,12,16,0.3,0.4,0.35,0.030324976869762432,0.3177
HPMR,30,12,17,0.2,0.3,0.25,0.030227742940784643,0.7008000000000001
HPMR,30,12,18,0.15,0.2,0.175,0.022168173648422416,1.5062499999999999
HPMR,30,12,19,0.1,0.15,0.125,0.046926992316920414,3.7815000000000003
HPMR,30,12,20,0.088,0.1,0.094,0.007237633458335263,6.616
HPMR,30,12,21,0.08,0.088,0.08399999999999999,0.006893366467055859,2.1645
HPMR,30,12,22,0.06,0.08,0.07,0.014392093556163566,3.7199999999999998
HPMR,30,12,23,0.05,0.06,0.055,0.0054399090480618025,6.531000000000001
HPMR,30,12,24,0.04,0.05,0.045,0.009265657397858047,11.2005
HPMR,30,12,25,0.03,0.04,0.035,0.012463801411650637,22.34
HPMR,30,12,26,0.02,0.03,0.025,0.009016606828376688,58.34
HPMR,30,12,27,0.0159,0.02,0.01795,0.004049487881622023,120.58000000000001
HPMR,30,12,28,0.0155,0.0159,0.0157,0.00041531291778718944,138.0
HPMR,30,12,29,0.0152,0.0155,0.015349999999999999,0.000304418861423768,145.05
HPMR,30,12,30,0.015,0.0152,0.015099999999999999,0.00019964449936167624,109.69999999999999
HPMR,30,12,31,0.013,0.015,0.013999999999999999,0.002130747905319192,136.85
HPMR,30,12,32,0.01,0.013,0.0115,0.0034311064355829223,98.805
HPMR,30,12,33,0.008,0.01,0.009000000000000001,0.002488576511680884,179.64999999999998
HPMR,30,12,34,0.006,0.008,0.007,0.0027654491559797123,347.95
HPMR,30,12,35,0.005,0.006,0.0055,0.0016255808425933076,598.8
HPMR,30,12,36,0.004,0.005,0.0045000000000000005,2.0613786636377074e-05,990.7
HPMR,30,12,37,0.00385,0.004,0.003925,1.1501904116118139e-08,1309.5
HPMR,30,12,38,0.0037,0.00385,0.003775,2.2820776014055302e-06,1339.5
HPMR,30,12,39,0.00355,0.0037,0.003625,3.3587446357287147e-09,1513.5
HPMR,30,12,40,0.0033,0.00355,0.003425,5.680551400696696e-07,1540.5
HPMR,30,12,41,0.00307,0.0033,0.003185,1.6896985998604154e-07,1971.0
HPMR,30,12,42,0.003,0.00307,0.003035,3.770054227345217e-09,1911.0
HPMR,30,12,43,0.00259,0.003,0.0027949999999999997,5.43797521629504e-07,2211.5
HPMR,30,12,44,0.00253,0.00259,0.0025599999999999998,8.340467653752438e-12,1835.0
HPMR,30,12,45,0.00248,0.00253,0.0025050000000000003,1.0608438587732765e-09,1561.5
HPMR,30,12,46,0.002,0.00248,0.00224,1.3488575744021035e-07,1042.8
HPMR,30,12,47,0.0015,0.002,0.00175,7.3351571521691294e-09,1820.5
HPMR,30,12,48,0.001,0.0015,0.00125,7.643419697922424e-11,3783.0
HPMR,30,13,1,15.0,20.0,17.5,0.0,0.05932
HPMR,30,13,2,10.0,15.0,12.5,6.501346657339646e-13,0.05315
HPMR,30,13,3,8.0,10.0,9.0,6.404876717796969e-12,0.048235
HPMR,30,13,4,6.0,8.0,7.0,4.4212151902179214e-11,0.045329999999999995
HPMR,30,13,5,5.0,6.0,5.5,7.756653724302319e-11,0.043315
HPMR,30,13,6,4.0,5.0,4.5,1.8943188128380573e-10,0.042345
HPMR,30,13,7,3.0,4.0,3.5,8.210383293610369e-05,0.042155
HPMR,30,13,8,2.0,3.0,2.5,0.031317436471050134,0.0442
HPMR,30,13,9,1.5,2.0,1.75,0.00711539600422472,0.04914
HPMR,30,13,10,1.25,1.5,1.375,0.02168926591961984,0.05549
HPMR,30,13,11,1.0,1.25,1.125,0.025395230304424015,0.06489
HPMR,30,13,12,0.8,1.0,0.9,0.02720580636486527,0.07986
HPMR,30,13,13,0.6,0.8,0.7,0.5760474633836271,0.10675
HPMR,30,13,14,0.5,0.6,0.55,0.06513367966879112,0.1431
HPMR,30,13,15,0.4,0.5,0.45,0.027362511193488256,0.19685
HPMR,30,13,16,0.3,0.4,0.35,0.03133583206927778,0.3177
HPMR,30,13,17,0.2,0.3,0.25,0.03121048531856379,0.7008000000000001
HPMR,30,13,18,0.15,0.2,0.175,0.02291193149484368,1.5062499999999999
HPMR,30,13,19,0.1,0.15,0.125,0.048303418508930676,3.7815000000000003
HPMR,30,13,20,0.088,0.1,0.094,0.0074782076822179615,6.616
HPMR,30,13,21,0.08,0.088,0.08399999999999999,0.007116468082577242,2.1645
HPMR,30,13,22,0.06,0.08,0.07,0.014872541703828476,3.7199999999999998
HPMR,30,13,23,0.05,0.06,0.055,0.005621609257448007,6.531000000000001
HPMR,30,13,24,0.04,0.05,0.045,0.009569390198023796,11.2005
HPMR,30,13,25,0.03,0.04,0.035,0.012901175280739259,22.34
HPMR,30,13,26,0.02,0.03,0.025,0.009319723427659682,58.34
HPMR,30,13,27,0.0159,0.02,0.01795,0.004180805256003807,120.58000000000001
HPMR,30,13,28,0.0155,0.0159,0.0157,0.00042913268657647507,138.0
HPMR,30,13,29,0.0152,0.0155,0.015349999999999999,0.00031453662292995027,145.05
HPMR,30,13,30,0.015,0.0152,0.015099999999999999,0.0002062759177521064,109.69999999999999
HPMR,30,13,31,0.013,0.015,0.013999999999999999,0.002201653644622804,136.85
HPMR,30,13,32,0.01,0.013,0.0115,0.0035449772320356346,98.805
HPMR,30,13,33,0.008,0.01,0.009000000000000001,0.0025711912666936073,179.64999999999998
HPMR,30,13,34,0.006,0.008,0.007,0.002857238541087473,347.95
HPMR,30,13,35,0.005,0.006,0.0055,0.0016786240065497057,598.8
HPMR,30,13,36,0.004,0.005,0.0045000000000000005,2.218085619690806e-05,990.7
HPMR,30,13,37,0.00385,0.004,0.003925,9.88606400444365e-09,1309.5
HPMR,30,13,38,0.0037,0.00385,0.003775,2.4278052789920502e-06,1339.5
HPMR,30,13,39,0.00355,0.0037,0.003625,3.7042210810186466e-09,1513.5
HPMR,30,13,40,0.0033,0.00355,0.003425,5.929202911021771e-07,1540.5
HPMR,30,13,41,0.00307,0.0033,0.003185,1.7866673869856972e-07,1971.0
HPMR,30,13,42,0.003,0.00307,0.003035,3.961638387501139e-09,1911.0
HPMR,30,13,43,0.00259,0.003,0.0027949999999999997,3.816718720272928e-07,2211.5
HPMR,30,13,44,0.00253,0.00259,0.0025599999999999998,8.690032688625786e-12,1835.0
HPMR,30,13,45,0.00248,0.00253,0.0025050000000000003,8.466682318842464e-10,1561.5
HPMR,30,13,46,0.002,0.00248,0.00224,1.0203215240808203e-07,1042.8
HPMR,30,13,47,0.0015,0.002,0.00175,5.902869398256583e-09,1820.5
HPMR,30,13,48,0.001,0.0015,0.00125,7.766471840100565e-11,3783.0
HPMR,30,14,1,15.0,20.0,17.5,0.0,0.05932
HPMR,30,14,2,10.0,15.0,12.5,6.503763826445283e-13,0.05315
HPMR,30,14,3,8.0,10.0,9.0,6.407605106231167e-12,0.048235
HPMR,30,14,4,6.0,8.0,7.0,4.423730305721877e-11,0.045329999999999995
HPMR,30,14,5,5.0,6.0,5.5,7.762345397306765e-11,0.043315
HPMR,30,14,6,4.0,5.0,4.5,1.8958984116033551e-10,0.042345
HPMR,30,14,7,3.0,4.0,3.5,8.442215958797349e-05,0.042155
HPMR,30,14,8,2.0,3.0,2.5,0.03177534190745929,0.0442
HPMR,30,14,9,1.5,2.0,1.75,0.007285423708998888,0.04914
HPMR,30,14,10,1.25,1.5,1.375,0.022505259685488294,0.05549
HPMR,30,14,11,1.0,1.25,1.125,0.0262330253345011,0.06489
HPMR,30,14,12,0.8,1.0,0.9,0.02817250375698304,0.07986
HPMR,30,14,13,0.6,0.8,0.7,0.5657424340933899,0.10675
HPMR,30,14,14,0.5,0.6,0.55,0.06738620992756822,0.1431
HPMR,30,14,15,0.4,0.5,0.45,0.027565406495610838,0.19685
HPMR,30,14,16,0.3,0.4,0.35,0.03201106209047095,0.3177
HPMR,30,14,17,0.2,0.3,0.25,0.03187097348774306,0.7008000000000001
HPMR,30,14,18,0.15,0.2,0.175,0.023419940763739062,1.5062499999999999
HPMR,30,14,19,0.1,0.15,0.125,0.04916279593734663,3.7815000000000003
HPMR,30,14,20,0.088,0.1,0.094,0.00764271728780447,6.616
HPMR,30,14,21,0.08,0.088,0.08399999999999999,0.007263682219093008,2.1645
HPMR,30,14,22,0.06,0.08,0.07,0.015202715591141044,3.7199999999999998
HPMR,30,14,23,0.05,0.06,0.055,0.005747224727297929,6.531000000000001
HPMR,30,14,24,0.04,0.05,0.045,0.009776113230326221,11.2005
HPMR,30,14,25,0.03,0.04,0.035,0.013207840826421555,22.34
HPMR,30,14,26,0.02,0.03,0.025,0.009533535563264944,58.34
HPMR,30,14,27,0.0159,0.02,0.01795,0.00427187295417741,120.58000000000001
HPMR,30,14,28,0.0155,0.0159,0.0157,0.00043875031971283293,138.0
HPMR,30,14,29,0.0152,0.0155,0.015349999999999999,0.0003215729910406781,145.05
HPMR,30,14,30,0.015,0.0152,0.015099999999999999,0.00021088573455164492,109.69999999999999
HPMR,30,14,31,0.013,0.015,0.013999999999999999,0.0022510834306875564,136.85
HPMR,30,14,32,0.01,0.013,0.0115,0.0036243902432036143,98.805
HPMR,30,14,33,0.008,0.01,0.009000000000000001,0.0026288235078533225,179.64999999999998
HPMR,30,14,34,0.006,0.008,0.007,0.002921418823880579,347.95
HPMR,30,14,35,0.005,0.006,0.0055,0.0017152386940594692,598.8
HPMR,30,14,36,0.004,0.005,0.0045000000000000005,2.3600801074353788e-05,990.7
HPMR,30,14,37,0.00385,0.004,0.003925,8.640464889680744e-09,1309.5
HPMR,30,14,38,0.0037,0.00385,0.003775,2.556720095292439e-06,1339.5
HPMR,30,14,39,0.00355,0.0037,0.003625,4.0334834838370495e-09,1513.5
HPMR,30,14,40,0.0033,0.00355,0.003425,6.137585840583584e-07,1540.5
HPMR,30,14,41,0.00307,0.0033,0.003185,1.8972623978355096e-07,1971.0
HPMR,30,14,42,0.003,0.00307,0.003035,4.114638308847913e-09,1911.0
HPMR,30,14,43,0.00259,0.003,0.0027949999999999997,2.740181584890882e-07,2211.5
HPMR,30,14,44,0.00253,0.00259,0.0025599999999999998,8.958385780644713e-12,1835.0
HPMR,30,14,45,0.00248,0.00253,0.0025050000000000003,6.672308189006e-10,1561.5
HPMR,30,14,46,0.002,0.00248,0.00224,7.69166759503538e-08,1042.8
HPMR,30,14,47,0.0015,0.002,0.00175,4.704560604896662e-09,1820.5
HPMR,30,14,48,0.001,0.0015,0.00125,7.79234105882992e-11,3783.0
HPMR,30,15,1,15.0,20.0,17.5,0.0,0.05932
HPMR,30,15,2,10.0,15.0,12.5,6.459764254828775e-13,0.05315
HPMR,30,15,3,8.0,10.0,9.0,6.36482041529029e-12,0.048235
HPMR,30,15,4,6.0,8.0,7.0,4.394803684113714e-11,0.045329999999999995
HPMR,30,15,5,5.0,6.0,5.5,7.71246331864303e-11,0.043315
HPMR,30,15,6,4.0,5.0,4.5,1.8840459047779781e-10,0.042345
HPMR,30,15,7,3.0,4.0,3.5,8.588175049698464e-05,0.042155
HPMR,30,15,8,2.0,3.0,2.5,0.03189621832900029,0.0442
HPMR,30,15,9,1.5,2.0,1.75,0.007381624348471292,0.04914
HPMR,30,15,10,1.25,1.5,1.375,0.023121612953016277,0.05549
HPMR,30,15,11,1.0,1.25,1.125,0.026839399524576542,0.06489
HPMR,30,15,12,0.8,1.0,0.9,0.0288868619647883,0.07986
HPMR,30,15,13,0.6,0.8,0.7,0.559268835694667,0.10675
HPMR,30,15,14,0.5,0.6,0.55,0.06901470011019427,0.1431
HPMR,30,15,15,0.4,0.5,0.45,0.027696113429158016,0.19685
HPMR,30,15,16,0.3,0.4,0.35,0.03238769587428432,0.3177
HPMR,30,15,17,0.2,0.3,0.25,0.03224094710077948,0.7008000000000001
HPMR,30,15,18,0.15,0.2,0.175,0.023711803707912697,1.5062499999999999
HPMR,30,15,19,0.1,0.15,0.125,0.04955664814456424,3.7815000000000003
HPMR,30,15,20,0.088,0.1,0.094,0.007738574132650318,6.616
HPMR,30,15,21,0.08,0.088,0.08399999999999999,0.007342958361619701,2.1645
HPMR,30,15,22,0.06,0.08,0.07,0.015398052890697726,3.7199999999999998
HPMR,30,15,23,0.05,0.06,0.055,0.0058219908643531975,6.531000000000001
HPMR,30,15,24,0.04,0.05,0.045,0.00989467193205753,11.2005
HPMR,30,15,25,0.03,0.04,0.035,0.013395707143026124,22.34
HPMR,30,15,26,0.02,0.03,0.025,0.009665490205534547,58.34
HPMR,30,15,27,0.0159,0.02,0.01795,0.004326458311399821,120.58000000000001
HPMR,30,15,28,0.0155,0.0159,0.0157,0.0004445623247371824,138.0
HPMR,30,15,29,0.0152,0.0155,0.015349999999999999,0.00032583813833937387,145.05
HPMR,30,15,30,0.015,0.0152,0.015099999999999999,0.00021368755217913334,109.69999999999999
HPMR,30,15,31,0.013,0.015,0.013999999999999999,0.002281067766594507,136.85
HPMR,30,15,32,0.01,0.013,0.0115,0.003672579293357456,98.805
HPMR,30,15,33,0.008,0.01,0.009000000000000001,0.002663852581763397,179.64999999999998
HPMR,30,15,34,0.006,0.008,0.007,0.002960540757113331,347.95
HPMR,30,15,35,0.005,0.006,0.0055,0.001736964983843399,598.8
HPMR,30,15,36,0.004,0.005,0.0045000000000000005,2.4875728822322797e-05,990.7
HPMR,30,15,37,0.00385,0.004,0.003925,7.644297607493407e-09,1309.5
HPMR,30,15,38,0.0037,0.00385,0.003775,2.6692326152447184e-06,1339.5
HPMR,30,15,39,0.00355,0.0037,0.003625,4.345834584642218e-09,1513.5
HPMR,30,15,40,0.0033,0.00355,0.003425,6.31094962496167e-07,1540.5
HPMR,30,15,41,0.00307,0.0033,0.003185,2.014285843866465e-07,1971.0
HPMR,30,15,42,0.003,0.00307,0.003035,4.2329668619859405e-09,1911.0
HPMR,30,15,43,0.00259,0.003,0.0027949999999999997,2.0359323447911592e-07,2211.5
HPMR,30,15,44,0.00253,0.00259,0.0025599999999999998,9.155126556093835e-12,1835.0
HPMR,30,15,45,0.00248,0.00253,0.0025050000000000003,5.202200237676141e-10,1561.5
HPMR,30,15,46,0.002,0.00248,0.00224,5.7879487723265815e-08,1042.8
HPMR,30,15,47,0.0015,0.002,0.00175,3.7248069604162073e-09,1820.5
HPMR,30,15,48,0.001,0.0015,0.00125,7.734757456730357e-11,3783.0
HPMR,30,16,1,15.0,20.0,17.5,0.0,0.05932
HPMR,30,16,2,10.0,15.0,12.5,6.382940933238191e-13,0.05315
HPMR,30,16,3,8.0,10.0,9.0,6.289534141390032e-12,0.048235
HPMR,30,16,4,6.0,8.0,7.0,4.343515367321602e-11,0.045329999999999995
HPMR,30,16,5,5.0,6.0,5.5,7.623638613426516e-11,0.043315
HPMR,30,16,6,4.0,5.0,4.5,1.86263657195546e-10,0.042345
HPMR,30,16,7,3.0,4.0,3.5,8.659459077207292e-05,0.042155
HPMR,30,16,8,2.0,3.0,2.5,0.03173646283313777,0.0442
HPMR,30,16,9,1.5,2.0,1.75,0.007414779541729628,0.04914
HPMR,30,16,10,1.25,1.5,1.375,0.023561956063973294,0.05549
HPMR,30,16,11,1.0,1.25,1.125,0.02724073297605289,0.06489
HPMR,30,16,12,0.8,1.0,0.9,0.029379312119559547,0.07986
HPMR,30,16,13,0.6,0.8,0.7,0.5561414235535697,0.10675
HPMR,30,16,14,0.5,0.6,0.55,0.07008657206644671,0.1431
HPMR,30,16,15,0.4,0.5,0.45,0.02773179258916787,0.19685
HPMR,30,16,16,0.3,0.4,0.35,0.03250781277330906,0.3177
HPMR,30,16,17,0.2,0.3,0.25,0.0323606455541693,0.7008000000000001
HPMR,30,16,18,0.15,0.2,0.175,0.023821987357023715,1.5062499999999999
HPMR,30,16,19,0.1,0.15,0.125,0.04955122958878559,3.7815000000000003
HPMR,30,16,20,0.088,0.1,0.094,0.007775510878870329,6.616
HPMR,30,16,21,0.08,0.088,0.08399999999999999,0.007364344501693174,2.1645
HPMR,30,16,22,0.06,0.08,0.07,0.01547704103881895,3.7199999999999998
HPMR,30,16,23,0.05,0.06,0.055,0.0058530367075100495,6.531000000000001
HPMR,30,16,24,0.04,0.05,0.045,0.009937903669361446,11.2005
HPMR,30,16,25,0.03,0.04,0.035,0.01348223915657059,22.34
HPMR,30,16,26,0.02,0.03,0.025,0.009727564854144872,58.34
HPMR,30,16,27,0.0159,0.02,0.01795,0.004349501064380873,120.58000000000001
HPMR,30,16,28,0.0155,0.0159,0.0157,0.000447135229329728,138.0
HPMR,30,16,29,0.0152,0.0155,0.015349999999999999,0.00032769372237848905,145.05
HPMR,30,16,30,0.015,0.0152,0.015099999999999999,0.00021490987747102504,109.69999999999999
HPMR,30,16,31,0.013,0.015,0.013999999999999999,0.002294323494175078,136.85
HPMR,30,16,32,0.01,0.013,0.0115,0.0036939994372330296,98.805
HPMR,30,16,33,0.008,0.01,0.009000000000000001,0.002679519565448901,179.64999999999998
HPMR,30,16,34,0.006,0.008,0.007,0.002978190997462489,347.95
HPMR,30,16,35,0.005,0.006,0.0055,0.0017459197840080894,598.8
HPMR,30,16,36,0.004,0.005,0.0045000000000000005,2.601744246054161e-05,990.7
HPMR,30,16,37,0.00385,0.004,0.003925,6.82470894449102e-09,1309.5
HPMR,30,16,38,0.0037,0.00385,0.003775,2.7668529518037117e-06,1339.5
HPMR,30,16,39,0.00355,0.0037,0.003625,4.640798530869448e-09,1513.5
HPMR,30,16,40,0.0033,0.00355,0.003425,6.456971156306741e-07,1540.5
HPMR,30,16,41,0.00307,0.0033,0.003185,2.1331475700388687e-07,1971.0
HPMR,30,16,42,0.003,0.00307,0.003035,4.320526071999747e-09,1911.0
HPMR,30,16,43,0.00259,0.003,0.0027949999999999997,1.5803284666356997e-07,2211.5
HPMR,30,16,44,0.00253,0.00259,0.0025599999999999998,9.292109159702748e-12,1835.0
HPMR,30,16,45,0.00248,0.00253,0.0025050000000000003,4.019742642417151e-10,1561.5
HPMR,30,16,46,0.002,0.00248,0.00224,4.3548152269264815e-08,1042.8
HPMR,30,16,47,0.0015,0.002,0.00175,2.938905152236185e-09,1820.5
HPMR,30,16,48,0.001,0.0015,0.00125,7.60937926678226e-11,3783.0
HPMR,30,17,1,15.0,20.0,17.5,0.0,0.05932
HPMR,30,17,2,10.0,15.0,12.5,6.284993470229452e-13,0.05315
HPMR,30,17,3,8.0,10.0,9.0,6.1934871179371935e-12,0.048235
HPMR,30,17,4,6.0,8.0,7.0,4.277839155900262e-11,0.045329999999999995
HPMR,30,17,5,5.0,6.0,5.5,7.509380675597974e-11,0.043315
HPMR,30,17,6,4.0,5.0,4.5,1.835038758675744e-10,0.042345
HPMR,30,17,7,3.0,4.0,3.5,8.667859548333075e-05,0.042155
HPMR,30,17,8,2.0,3.0,2.5,0.031346437058798075,0.0442
HPMR,30,17,9,1.5,2.0,1.75,0.007395526029926635,0.04914
HPMR,30,17,10,1.25,1.5,1.375,0.023852790998139885,0.05549
HPMR,30,17,11,1.0,1.25,1.125,0.027469039569644756,0.06489
HPMR,30,17,12,0.8,1.0,0.9,0.02968239444215393,0.07986
HPMR,30,17,13,0.6,0.8,0.7,0.5558128506833421,0.10675
HPMR,30,17,14,0.5,0.6,0.55,0.07068982796103773,0.1431
HPMR,30,17,15,0.4,0.5,0.45,0.027667963939282714,0.19685
HPMR,30,17,16,0.3,0.4,0.35,0.032417019117041986,0.3177
HPMR,30,17,17,0.2,0.3,0.25,0.032277377979010174,0.7008000000000001
HPMR,30,17,18,0.15,0.2,0.175,0.02378154260562672,1.5062499999999999
HPMR,30,17,19,0.1,0.15,0.125,0.04921850377397415,3.7815000000000003
HPMR,30,17,20,0.088,0.1,0.094,0.007763985592593795,6.616
HPMR,30,17,21,0.08,0.088,0.08399999999999999,0.007338236039922661,2.1645
HPMR,30,17,22,0.06,0.08,0.07,0.015460701280067187,3.7199999999999998
HPMR,30,17,23,0.05,0.06,0.055,0.005848370756062001,6.531000000000001
HPMR,30,17,24,0.04,0.05,0.045,0.009918975609570262,11.2005
HPMR,30,17,25,0.03,0.04,0.035,0.01348453644692248,22.34
HPMR,30,17,26,0.02,0.03,0.025,0.009731188263210915,58.34
HPMR,30,17,27,0.0159,0.02,0.01795,0.004346956664626119,120.58000000000001
HPMR,30,17,28,0.0155,0.0159,0.0157,0.00044700950186766266,138.0
HPMR,30,17,29,0.0152,0.0155,0.015349999999999999,0.0003275991378555544,145.05
HPMR,30,17,30,0.015,0.0152,0.015099999999999999,0.00021484243134066764,109.69999999999999
HPMR,30,17,31,0.013,0.015,0.013999999999999999,0.002293998343634296,136.85
HPMR,30,17,32,0.01,0.013,0.0115,0.00369317970153712,98.805
HPMR,30,17,33,0.008,0.01,0.009000000000000001,0.002679156587666587,179.64999999999998
HPMR,30,17,34,0.006,0.008,0.007,0.0029780400247005705,347.95
HPMR,30,17,35,0.005,0.006,0.0055,0.0017443148536599826,598.8
HPMR,30,17,36,0.004,0.005,0.0045000000000000005,2.7041377875746096e-05,990.7
HPMR,30,17,37,0.00385,0.004,0.003925,6.135934408409724e-09,1309.5
HPMR,30,17,38,0.0037,0.00385,0.003775,2.851327828436426e-06,1339.5
HPMR,30,17,39,0.00355,0.0037,0.003625,4.919965650381035e-09,1513.5
HPMR,30,17,40,0.0033,0.00355,0.003425,6.581946489895143e-07,1540.5
HPMR,30,17,41,0.00307,0.0033,0.003185,2.25107083018924e-07,1971.0
HPMR,30,17,42,0.003,0.00307,0.003035,4.38301891713166e-09,1911.0
HPMR,30,17,43,0.00259,0.003,0.0027949999999999997,1.287261698634969e-07,2211.5
HPMR,30,17,44,0.00253,0.00259,0.0025599999999999998,9.38077753180789e-12,1835.0
HPMR,30,17,45,0.00248,0.00253,0.0025050000000000003,3.083685827521474e-10,1561.5
HPMR,30,17,46,0.002,0.00248,0.00224,3.281992806279218e-08,1042.8
HPMR,30,17,47,0.0015,0.002,0.00175,2.318585464257076e-09,1820.5
HPMR,30,17,48,0.001,0.0015,0.00125,7.431392956177752e-11,3783.0
HPMR,30,18,1,15.0,20.0,17.5,0.0,0.05932
HPMR,30,18,2,10.0,15.0,12.5,6.175774504304168e-13,0.05315
HPMR,30,18,3,8.0,10.0,9.0,6.0863444085184584e-12,0.048235
HPMR,30,18,4,6.0,8.0,7.0,4.204534169806285e-11,0.045329999999999995
HPMR,30,18,5,5.0,6.0,5.5,7.382125695316898e-11,0.043315
HPMR,30,18,6,4.0,5.0,4.5,1.8041667656174466e-10,0.042345
HPMR,30,18,7,3.0,4.0,3.5,8.624782817675827e-05,0.042155
HPMR,30,18,8,2.0,3.0,2.5,0.030774172843987202,0.0442
HPMR,30,18,9,1.5,2.0,1.75,0.007334250072985691,0.04914
HPMR,30,18,10,1.25,1.5,1.375,0.024021570907630817,0.05549
HPMR,30,18,11,1.0,1.25,1.125,0.027554394127546344,0.06489
HPMR,30,18,12,0.8,1.0,0.9,0.029831363546323167,0.07986
HPMR,30,18,13,0.6,0.8,0.7,0.5577531092168235,0.10675
HPMR,30,18,14,0.5,0.6,0.55,0.0709047306840306,0.1431
HPMR,30,18,15,0.4,0.5,0.45,0.027512363609514857,0.19685
HPMR,30,18,16,0.3,0.4,0.35,0.03215849842210531,0.3177
HPMR,30,18,17,0.2,0.3,0.25,0.032030568974390834,0.7008000000000001
HPMR,30,18,18,0.15,0.2,0.175,0.023619343369480017,1.5062499999999999
HPMR,30,18,19,0.1,0.15,0.125,0.048627350951197516,3.7815000000000003
HPMR,30,18,20,0.088,0.1,0.094,0.007713794990925149,6.616
HPMR,30,18,21,0.08,0.088,0.08399999999999999,0.007274428744712458,2.1645
HPMR,30,18,22,0.06,0.08,0.07,0.015368285674142959,3.7199999999999998
HPMR,30,18,23,0.05,0.06,0.055,0.005815023103158489,6.531000000000001
HPMR,30,18,24,0.04,0.05,0.045,0.009850868768051012,11.2005
HPMR,30,18,25,0.03,0.04,0.035,0.013420359472156019,22.34
HPMR,30,18,26,0.02,0.03,0.025,0.00968810972976707,58.34
HPMR,30,18,27,0.0159,0.02,0.01795,0.004323553750286161,120.58000000000001
HPMR,30,18,28,0.0155,0.0159,0.0157,0.000444725423491039,138.0
HPMR,30,18,29,0.0152,0.0155,0.015349999999999999,0.00032592337730520367,145.05
HPMR,30,18,30,0.015,0.0152,0.015099999999999999,0.00021373738659857873,109.69999999999999
HPMR,30,18,31,0.013,0.015,0.013999999999999999,0.002282507203159751,136.85
HPMR,30,18,32,0.01,0.013,0.0115,0.003674714633261399,98.805
HPMR,30,18,33,0.008,0.01,0.009000000000000001,0.00266598220050568,179.64999999999998
HPMR,30,18,34,0.006,0.008,0.007,0.002963733018709536,347.95
HPMR,30,18,35,0.005,0.006,0.0055,0.0017343388598183233,598.8
HPMR,30,18,36,0.004,0.005,0.0045000000000000005,2.7966293204254935e-05,990.7
HPMR,30,18,37,0.00385,0.004,0.003925,5.551499287451958e-09,1309.5
HPMR,30,18,38,0.0037,0.00385,0.003775,2.9246262580040523e-06,1339.5
HPMR,30,18,39,0.00355,0.0037,0.003625,5.184848549080069e-09,1513.5
HPMR,30,18,40,0.0033,0.00355,0.003425,6.69228588327593e-07,1540.5
HPMR,30,18,41,0.00307,0.0033,0.003185,2.366733709907336e-07,1971.0
HPMR,30,18,42,0.003,0.00307,0.003035,4.4247313005381615e-09,1911.0
HPMR,30,18,43,0.00259,0.003,0.0027949999999999997,1.0985582481283995e-07,2211.5
HPMR,30,18,44,0.00253,0.00259,0.0025599999999999998,9.433154716446312e-12,1835.0
HPMR,30,18,45,0.00248,0.00253,0.0025050000000000003,2.35126147779075e-10,1561.5
HPMR,30,18,46,0.002,0.00248,0.00224,2.4816292981391275e-08,1042.8
HPMR,30,18,47,0.0015,0.002,0.00175,1.835450125382389e-09,1820.5
HPMR,30,18,48,0.001,0.0015,0.00125,7.214335046630621e-11,3783.0
HPMR,30,19,1,15.0,20.0,17.5,0.0,0.05932
HPMR,30,19,2,10.0,15.0,12.5,6.06317608294238e-13,0.05315
HPMR,30,19,3,8.0,10.0,9.0,5.975838002331989e-12,0.048235
HPMR,30,19,4,6.0,8.0,7.0,4.128894474129922e-11,0.045329999999999995
HPMR,30,19,5,5.0,6.0,5.5,7.249933818387961e-11,0.043315
HPMR,30,19,6,4.0,5.0,4.5,1.772297434675454e-10,0.042345
HPMR,30,19,7,3.0,4.0,3.5,8.541150530280773e-05,0.042155
HPMR,30,19,8,2.0,3.0,2.5,0.030070392329542152,0.0442
HPMR,30,19,9,1.5,2.0,1.75,0.007240158584068703,0.04914
HPMR,30,19,10,1.25,1.5,1.375,0.024094529019160146,0.05549
HPMR,30,19,11,1.0,1.25,1.125,0.027524877023719557,0.06489
HPMR,30,19,12,0.8,1.0,0.9,0.02985527390439341,0.07986
HPMR,30,19,13,0.6,0.8,0.7,0.5614793360782344,0.10675
HPMR,30,19,14,0.5,0.6,0.55,0.07079420831395061,0.1431
HPMR,30,19,15,0.4,0.5,0.45,0.027276889768610587,0.19685
HPMR,30,19,16,0.3,0.4,0.35,0.031770776940092886,0.3177
HPMR,30,19,17,0.2,0.3,0.25,0.031657207065639355,0.7008000000000001
HPMR,30,19,18,0.15,0.2,0.175,0.02336470812678051,1.5062499999999999
HPMR,30,19,19,0.1,0.15,0.125,0.04783854154557793,3.7815000000000003
HPMR,30,19,20,0.088,0.1,0.094,0.007633715212073328,6.616
HPMR,30,19,21,0.08,0.088,0.08399999999999999,0.007181741277615809,2.1645
HPMR,30,19,22,0.06,0.08,0.07,0.01521684469377168,3.7199999999999998
HPMR,30,19,23,0.05,0.06,0.055,0.005759580714932458,6.531000000000001
HPMR,30,19,24,0.04,0.05,0.045,0.009744674848862949,11.2005
HPMR,30,19,25,0.03,0.04,0.035,0.013304884785074656,22.34
HPMR,30,19,26,0.02,0.03,0.025,0.009609150241019241,58.34
HPMR,30,19,27,0.0159,0.02,0.01795,0.0042843099438848835,120.58000000000001
HPMR,30,19,28,0.0155,0.0159,0.0157,0.00044078511900453053,138.0
HPMR,30,19,29,0.0152,0.0155,0.015349999999999999,0.0003230199290996019,145.05
HPMR,30,19,30,0.015,0.0152,0.015099999999999999,0.00021182660708296737,109.69999999999999
HPMR,30,19,31,0.013,0.015,0.013999999999999999,0.0022626409037645014,136.85
HPMR,30,19,32,0.01,0.013,0.0115,0.0036425433499311342,98.805
HPMR,30,19,33,0.008,0.01,0.009000000000000001,0.002642843739177393,179.64999999999998
HPMR,30,19,34,0.006,0.008,0.007,0.0029384038013067575,347.95
HPMR,30,19,35,0.005,0.006,0.0055,0.0017178661461003174,598.8
HPMR,30,19,36,0.004,0.005,0.0045000000000000005,2.8809228927045125e-05,990.7
HPMR,30,19,37,0.00385,0.004,0.003925,5.052132138768293e-09,1309.5
HPMR,30,19,38,0.0037,0.00385,0.003775,2.988520700055161e-06,1339.5
HPMR,30,19,39,0.00355,0.0037,0.003625,5.437529451447277e-09,1513.5
HPMR,30,19,40,0.0033,0.00355,0.003425,6.793550588916147e-07,1540.5
HPMR,30,19,41,0.00307,0.0033,0.003185,2.479646360392675e-07,1971.0
HPMR,30,19,42,0.003,0.00307,0.003035,4.450751498331219e-09,1911.0
HPMR,30,19,43,0.00259,0.003,0.0027949999999999997,9.758738532257673e-08,2211.5
HPMR,30,19,44,0.00253,0.00259,0.0025599999999999998,9.458812831500288e-12,1835.0
HPMR,30,19,45,0.00248,0.00253,0.0025050000000000003,1.784172351364415e-10,1561.5
HPMR,30,19,46,0.002,0.00248,0.00224,1.8866442662645187e-08,1042.8
HPMR,30,19,47,0.0015,0.002,0.00175,1.4634886083619283e-09,1820.5
HPMR,30,19,48,0.001,0.0015,0.00125,6.969678799506681e-11,3783.0
HPMR,30,20,1,15.0,20.0,17.5,0.0,0.05932
HPMR,30,20,2,10.0,15.0,12.5,5.953007303319638e-13,0.05315
HPMR,30,20,3,8.0,10.0,9.0,5.8676609039440846e-12,0.048235
HPMR,30,20,4,6.0,8.0,7.0,4.0547810985696737e-11,0.045329999999999995
HPMR,30,20,5,5.0,6.0,5.5,7.121216748517069e-11,0.043315
HPMR,30,20,6,4.0,5.0,4.5,1.741098308985357e-10,0.042345
HPMR,30,20,7,3.0,4.0,3.5,8.42499581926934e-05,0.042155
HPMR,30,20,8,2.0,3.0,2.5,0.02926611276772885,0.0442
HPMR,30,20,9,1.5,2.0,1.75,0.007121110876103515,0.04914
HPMR,30,20,10,1.25,1.5,1.375,0.024088951744978576,0.05549
HPMR,30,20,11,1.0,1.25,1.125,0.027404908822593263,0.06489
HPMR,30,20,12,0.8,1.0,0.9,0.029780189505787986,0.07986
HPMR,30,20,13,0.6,0.8,0.7,0.5665762211298178,0.10675
HPMR,30,20,14,0.5,0.6,0.55,0.07043115992444061,0.1431
HPMR,30,20,15,0.4,0.5,0.45,0.026977018846192257,0.19685
HPMR,30,20,16,0.3,0.4,0.35,0.031285827567031084,0.3177
HPMR,30,20,17,0.2,0.3,0.25,0.031192328991811933,0.7008000000000001
HPMR,30,20,18,0.15,0.2,0.175,0.023039623786149665,1.5062499999999999
HPMR,30,20,19,0.1,0.15,0.125,0.04690147920405668,3.7815000000000003
HPMR,30,20,20,0.088,0.1,0.094,0.007531305601984277,6.616
HPMR,30,20,21,0.08,0.088,0.08399999999999999,0.007067380626225278,2.1645
HPMR,30,20,22,0.06,0.08,0.07,0.015020383991822872,3.7199999999999998
HPMR,30,20,23,0.05,0.06,0.055,0.005687598396593521,6.531000000000001
HPMR,30,20,24,0.04,0.05,0.045,0.00960950961615396,11.2005
HPMR,30,20,25,0.03,0.04,0.035,0.013150478657698382,22.34
HPMR,30,20,26,0.02,0.03,0.025,0.009503041670274548,58.34
HPMR,30,20,27,0.0159,0.02,0.01795,0.0042331628813550804,120.58000000000001
HPMR,30,20,28,0.0155,0.0159,0.0157,0.00043559947321543044,138.0
HPMR,30,20,29,0.0152,0.0155,0.015349999999999999,0.0003191981143046503,145.05
HPMR,30,20,30,0.015,0.0152,0.015099999999999999,0.00020932630415924534,109.69999999999999
HPMR,30,20,31,0.013,0.015,0.013999999999999999,0.002236290055276946,136.85
HPMR,30,20,32,0.01,0.013,0.0115,0.0036000921674880218,98.805
HPMR,30,20,33,0.008,0.01,0.009000000000000001,0.0026123621022695197,179.64999999999998
HPMR,30,20,34,0.006,0.008,0.007,0.0029048611128135544,347.95
HPMR,30,20,35,0.005,0.006,0.0055,0.00169652602287947,598.8
HPMR,30,20,36,0.004,0.005,0.0045000000000000005,2.958723703208733e-05,990.7
HPMR,30,20,37,0.00385,0.004,0.003925,4.626257558190542e-09,1309.5
HPMR,30,20,38,0.0037,0.00385,0.003775,3.044573658251248e-06,1339.5
HPMR,30,20,39,0.00355,0.0037,0.003625,5.68053472150177e-09,1513.5
HPMR,30,20,40,0.0033,0.00355,0.003425,6.889647311972886e-07,1540.5
HPMR,30,20,41,0.00307,0.0033,0.003185,2.5896817829868653e-07,1971.0
HPMR,30,20,42,0.003,0.00307,0.003035,4.464779960485362e-09,1911.0
HPMR,30,20,43,0.00259,0.003,0.0027949999999999997,8.942872715272452e-08,2211.5
HPMR,30,20,44,0.00253,0.00259,0.0025599999999999998,9.465501959238931e-12,1835.0
HPMR,30,20,45,0.00248,0.00253,0.0025050000000000003,1.3485617121098372e-10,1561.5
HPMR,30,20,46,0.002,0.00248,0.00224,1.4453066663798178e-08,1042.8
HPMR,30,20,47,0.0015,0.002,0.00175,1.1799116554079803e-09,1820.5
HPMR,30,20,48,0.001,0.0015,0.00125,6.706851972947481e-11,3783.0
HPMR,30,21,1,15.0,20.0,17.5,0.0,0.05932
HPMR,30,21,2,10.0,15.0,12.5,5.849131118394744e-13,0.05315
HPMR,30,21,3,8.0,10.0,9.0,5.765776085156132e-12,0.048235
HPMR,30,21,4,6.0,8.0,7.0,3.9850245160773954e-11,0.045329999999999995
HPMR,30,21,5,5.0,6.0,5.5,6.999863769415261e-11,0.043315
HPMR,30,21,6,4.0,5.0,4.5,1.7117167153339452e-10,0.042345
HPMR,30,21,7,3.0,4.0,3.5,8.283906530694754e-05,0.042155
HPMR,30,21,8,2.0,3.0,2.5,0.028391687277264988,0.0442
HPMR,30,21,9,1.5,2.0,1.75,0.006983570771359187,0.04914
HPMR,30,21,10,1.25,1.5,1.375,0.024026653759109208,0.05549
HPMR,30,21,11,1.0,1.25,1.125,0.027213514513514978,0.06489
HPMR,30,21,12,0.8,1.0,0.9,0.029629113577552546,0.07986
HPMR,30,21,13,0.6,0.8,0.7,0.5726981918743191,0.10675
HPMR,30,21,14,0.5,0.6,0.55,0.06986585182938572,0.1431
HPMR,30,21,15,0.4,0.5,0.45,0.026625600786030122,0.19685
HPMR,30,21,16,0.3,0.4,0.35,0.030730511968582782,0.3177
HPMR,30,21,17,0.2,0.3,0.25,0.03065697964035342,0.7008000000000001
HPMR,30,21,18,0.15,0.2,0.175,0.022664132827260725,1.5062499999999999
HPMR,30,21,19,0.1,0.15,0.125,0.04585940911358908,3.7815000000000003
HPMR,30,21,20,0.088,0.1,0.094,0.007412480841100199,6.616
HPMR,30,21,21,0.08,0.088,0.08399999999999999,0.006937390261881706,2.1645
HPMR,30,21,22,0.06,0.08,0.07,0.014792828192723508,3.7199999999999998
HPMR,30,21,23,0.05,0.06,0.055,0.005603487615526467,6.531000000000001
HPMR,30,21,24,0.04,0.05,0.045,0.00945442255107379,11.2005
HPMR,30,21,25,0.03,0.04,0.035,0.012968108981981174,22.34
HPMR,30,21,26,0.02,0.03,0.025,0.009376406544293857,58.34
HPMR,30,21,27,0.0159,0.02,0.01795,0.004173178982366952,120.58000000000001
HPMR,30,21,28,0.0155,0.0159,0.0157,0.00042948853325370487,138.0
HPMR,30,21,29,0.0152,0.0155,0.015349999999999999,0.00031470781093216035,145.05
HPMR,30,21,30,0.015,0.0152,0.015099999999999999,0.00020639165634482893,109.69999999999999
HPMR,30,21,31,0.013,0.015,0.013999999999999999,0.002205307642048792,136.85
HPMR,30,21,32,0.01,0.013,0.0115,0.003550024921068009,98.805
HPMR,30,21,33,0.008,0.01,0.009000000000000001,0.002576390674828041,179.64999999999998
HPMR,30,21,34,0.006,0.008,0.007,0.0028651809612868107,347.95
HPMR,30,21,35,0.005,0.006,0.0055,0.0016716602209598452,598.8
HPMR,30,21,36,0.004,0.005,0.0045000000000000005,3.0313253944699656e-05,990.7
HPMR,30,21,37,0.00385,0.004,0.003925,4.263587186863963e-09,1309.5
HPMR,30,21,38,0.0037,0.00385,0.003775,3.094156216694165e-06,1339.5
HPMR,30,21,39,0.00355,0.0037,0.003625,5.9152136422631595e-09,1513.5
HPMR,30,21,40,0.0033,0.00355,0.003425,6.984181241438765e-07,1540.5
HPMR,30,21,41,0.00307,0.0033,0.003185,2.697084196503398e-07,1971.0
HPMR,30,21,42,0.003,0.00307,0.003035,4.469692922476606e-09,1911.0
HPMR,30,21,43,0.00259,0.003,0.0027949999999999997,8.380551187157258e-08,2211.5
HPMR,30,21,44,0.00253,0.00259,0.0025599999999999998,9.459816761268478e-12,1835.0
HPMR,30,21,45,0.00248,0.00253,0.0025050000000000003,1.0159945926126922e-10,1561.5
HPMR,30,21,46,0.002,0.00248,0.00224,1.1185610847657814e-08,1042.8
HPMR,30,21,47,0.0015,0.002,0.00175,9.65618808584948e-10,1820.5
HPMR,30,21,48,0.001,0.0015,0.00125,6.433044025019092e-11,3783.0
HPMR,30,22,1,15.0,20.0,17.5,0.0,0.05932
HPMR,30,22,2,10.0,15.0,12.5,5.754397096995575e-13,0.05315
HPMR,30,22,3,8.0,10.0,9.0,5.672890665455018e-12,0.048235
HPMR,30,22,4,6.0,8.0,7.0,3.921474153410795e-11,0.045329999999999995
HPMR,30,22,5,5.0,6.0,5.5,6.889355330471237e-11,0.043315
HPMR,30,22,6,4.0,5.0,4.5,1.6850208637202036e-10,0.042345
HPMR,30,22,7,3.0,4.0,3.5,8.12367754186106e-05,0.042155
HPMR,30,22,8,2.0,3.0,2.5,0.02747085883805789,0.0442
HPMR,30,22,9,1.5,2.0,1.75,0.006832232697191823,0.04914
HPMR,30,22,10,1.25,1.5,1.375,0.023919071753107514,0.05549
HPMR,30,22,11,1.0,1.25,1.125,0.0269686601694589,0.06489
HPMR,30,22,12,0.8,1.0,0.9,0.029418478865639867,0.07986
HPMR,30,22,13,0.6,0.8,0.7,0.5795713291637471,0.10675
HPMR,30,22,14,0.5,0.6,0.55,0.06914205289581492,0.1431
HPMR,30,22,15,0.4,0.5,0.45,0.02623574773907727,0.19685
HPMR,30,22,16,0.3,0.4,0.35,0.03012517871289077,0.3177
HPMR,30,22,17,0.2,0.3,0.25,0.030073829302434952,0.7008000000000001
HPMR,30,22,18,0.15,0.2,0.175,0.02225251085901207,1.5062499999999999
HPMR,30,22,19,0.1,0.15,0.125,0.044746062735540916,3.7815000000000003
HPMR,30,22,20,0.088,0.1,0.094,0.007282198401233297,6.616
HPMR,30,22,21,0.08,0.088,0.08399999999999999,0.0067966596042109625,2.1645
HPMR,30,22,22,0.06,0.08,0.07,0.014541493244194011,3.7199999999999998
HPMR,30,22,23,0.05,0.06,0.055,0.005510853154304348,6.531000000000001
HPMR,30,22,24,0.04,0.05,0.045,0.009284202904984069,11.2005
HPMR,30,22,25,0.03,0.04,0.035,0.012765850711406805,22.34
HPMR,30,22,26,0.02,0.03,0.025,0.009235722176676618,58.34
HPMR,30,22,27,0.0159,0.02,0.01795,0.004107069282363877,120.58000000000001
HPMR,30,22,28,0.0155,0.0159,0.0157,0.00042272957512020547,138.0
HPMR,30,22,29,0.0152,0.0155,0.015349999999999999,0.00030975907919105947,145.05
HPMR,30,22,30,0.015,0.0152,0.015099999999999999,0.0002031398742252257,109.69999999999999
HPMR,30,22,31,0.013,0.015,0.013999999999999999,0.0021709325894218243,136.85
HPMR,30,22,32,0.01,0.013,0.0115,0.0034947791989568973,98.805
HPMR,30,22,33,0.008,0.01,0.009000000000000001,0.002536503098999332,179.64999999999998
HPMR,30,22,34,0.006,0.008,0.007,0.0028213488929217127,347.95
HPMR,30,22,35,0.005,0.006,0.0055,0.0016442784055079812,598.8
HPMR,30,22,36,0.004,0.005,0.0045000000000000005,3.099854899296196e-05,990.7
HPMR,30,22,37,0.00385,0.004,0.003925,3.956390318179677e-09,1309.5
HPMR,30,22,38,0.0037,0.00385,0.003775,3.1382697805302847e-06,1339.5
HPMR,30,22,39,0.00355,0.0037,0.003625,6.1437131230562135e-09,1513.5
HPMR,30,22,40,0.0033,0.00355,0.003425,7.079574057876954e-07,1540.5
HPMR,30,22,41,0.00307,0.0033,0.003185,2.802242035472495e-07,1971.0
HPMR,30,22,42,0.003,0.00307,0.003035,4.4685856268952e-09,1911.0
HPMR,30,22,43,0.00259,0.003,0.0027949999999999997,7.972264195046877e-08,2211.5
HPMR,30,22,44,0.00253,0.00259,0.0025599999999999998,9.446730960782107e-12,1835.0
HPMR,30,22,45,0.00248,0.00253,0.0025050000000000003,7.634098923203286e-11,1561.5
HPMR,30,22,46,0.002,0.00248,0.00224,8.77192512165678e-09,1042.8
HPMR,30,22,47,0.0015,0.002,0.00175,8.050633722658193e-10,1820.5
HPMR,30,22,48,0.001,0.0015,0.00125,6.154040378790345e-11,3783.0
HPMR,30,23,1,15.0,20.0,17.5,0.0,0.05932
HPMR,30,23,2,10.0,15.0,12.5,5.670531135347233e-13,0.05315
HPMR,30,23,3,8.0,10.0,9.0,5.590792546120454e-12,0.048235
HPMR,30,23,4,6.0,8.0,7.0,3.86532030109446e-11,0.045329999999999995
HPMR,30,23,5,5.0,6.0,5.5,6.791781579417626e-11,0.043315
HPMR,30,23,6,4.0,5.0,4.5,1.6614760382216695e-10,0.042345
HPMR,30,23,7,3.0,4.0,3.5,7.949159154415918e-05,0.042155
HPMR,30,23,8,2.0,3.0,2.5,0.0265210041869402,0.0442
HPMR,30,23,9,1.5,2.0,1.75,0.0066714297266539,0.04914
HPMR,30,23,10,1.25,1.5,1.375,0.023777618781325807,0.05549
HPMR,30,23,11,1.0,1.25,1.125,0.026680771513273947,0.06489
HPMR,30,23,12,0.8,1.0,0.9,0.029162540246919718,0.07986
HPMR,30,23,13,0.6,0.8,0.7,0.5869795771832593,0.10675
HPMR,30,23,14,0.5,0.6,0.55,0.06829426406949583,0.1431
HPMR,30,23,15,0.4,0.5,0.45,0.025818027951071715,0.19685
HPMR,30,23,16,0.3,0.4,0.35,0.029486464316236197,0.3177
HPMR,30,23,17,0.2,0.3,0.25,0.02945856548160283,0.7008000000000001
HPMR,30,23,18,0.15,0.2,0.175,0.0218167026910619,1.5062499999999999
HPMR,30,23,19,0.1,0.15,0.125,0.043585419386554414,3.7815000000000003
HPMR,30,23,20,0.088,0.1,0.094,0.00714408359935424,6.616
HPMR,30,23,21,0.08,0.088,0.08399999999999999,0.0066486717172823066,2.1645
HPMR,30,23,22,0.06,0.08,0.07,0.014275573292770518,3.7199999999999998
HPMR,30,23,23,0.05,0.06,0.055,0.005412507833279388,6.531000000000001
HPMR,30,23,24,0.04,0.05,0.045,0.009104170908237301,11.2005
HPMR,30,23,25,0.03,0.04,0.035,0.01255075574039725,22.34
HPMR,30,23,26,0.02,0.03,0.025,0.009085720478933102,58.34
HPMR,30,23,27,0.0159,0.02,0.01795,0.004036987410360492,120.58000000000001
HPMR,30,23,28,0.0155,0.0159,0.0157,0.00041556214388797257,138.0
HPMR,30,23,29,0.0152,0.0155,0.015349999999999999,0.0003044779864018813,145.05
HPMR,30,23,30,0.015,0.0152,0.015099999999999999,0.00019967862543256078,109.69999999999999
HPMR,30,23,31,0.013,0.015,0.013999999999999999,0.0021343575654126177,136.85
HPMR,30,23,32,0.01,0.013,0.0115,0.003435774963700674,98.805
HPMR,30,23,33,0.008,0.01,0.009000000000000001,0.002494155816222987,179.64999999999998
HPMR,30,23,34,0.006,0.008,0.007,0.0027744981859975267,347.95
HPMR,30,23,35,0.005,0.006,0.0055,0.001615208610865694,598.8
HPMR,30,23,36,0.004,0.005,0.0045000000000000005,3.16526786309555e-05,990.7
HPMR,30,23,37,0.00385,0.004,0.003925,3.697928409247644e-09,1309.5
HPMR,30,23,38,0.0037,0.00385,0.003775,3.1777981596905496e-06,1339.5
HPMR,30,23,39,0.00355,0.0037,0.003625,6.3668116509037126e-09,1513.5
HPMR,30,23,40,0.0033,0.00355,0.003425,7.177979567480395e-07,1540.5
HPMR,30,23,41,0.00307,0.0033,0.003185,2.9053890281354613e-07,1971.0
HPMR,30,23,42,0.003,0.00307,0.003035,4.462874801350935e-09,1911.0
HPMR,30,23,43,0.00259,0.003,0.0027949999999999997,7.657157303671401e-08,2211.5
HPMR,30,23,44,0.00253,0.00259,0.0025599999999999998,9.429859671840453e-12,1835.0
HPMR,30,23,45,0.00248,0.00253,0.0025050000000000003,5.723245053425827e-11,1561.5
HPMR,30,23,46,0.002,0.00248,0.00224,6.992593671263982e-09,1042.8
HPMR,30,23,47,0.0015,0.002,0.00175,6.858128728020391e-10,1820.5
HPMR,30,23,48,0.001,0.0015,0.00125,5.874006635939922e-11,3783.0
HPMR,30,24,1,15.0,20.0,17.5,0.0,0.05932
HPMR,30,24,2,10.0,15.0,12.5,5.59849540324728e-13,0.05315
HPMR,30,24,3,8.0,10.0,9.0,5.520238563370304e-12,0.048235
HPMR,30,24,4,6.0,8.0,7.0,3.817168211855285e-11,0.045329999999999995
HPMR,30,24,5,5.0,6.0,5.5,6.708234242341372e-11,0.043315
HPMR,30,24,6,4.0,5.0,4.5,1.6412906629813696e-10,0.042345
HPMR,30,24,7,3.0,4.0,3.5,7.764289459316887e-05,0.042155
HPMR,30,24,8,2.0,3.0,2.5,0.025556531628885607,0.0442
HPMR,30,24,9,1.5,2.0,1.75,0.006504122470885498,0.04914
HPMR,30,24,10,1.25,1.5,1.375,0.02361147285647332,0.05549
HPMR,30,24,11,1.0,1.25,1.125,0.026364019889551418,0.06489
HPMR,30,24,12,0.8,1.0,0.9,0.028872683513779723,0.07986
HPMR,30,24,13,0.6,0.8,0.7,0.5947427392213455,0.10675
HPMR,30,24,14,0.5,0.6,0.55,0.06735095311408311,0.1431
HPMR,30,24,15,0.4,0.5,0.45,0.025379897182741393,0.19685
HPMR,30,24,16,0.3,0.4,0.35,0.028828004936037183,0.3177
HPMR,30,24,17,0.2,0.3,0.25,0.02882346004623234,0.7008000000000001
HPMR,30,24,18,0.15,0.2,0.175,0.021366220260849524,1.5062499999999999
HPMR,30,24,19,0.1,0.15,0.125,0.042400355437823035,3.7815000000000003
HPMR,30,24,20,0.088,0.1,0.094,0.0070014782357530015,6.616
HPMR,30,24,21,0.08,0.088,0.08399999999999999,0.006496573331887619,2.1645
HPMR,30,24,22,0.06,0.08,0.07,0.01400041749577774,3.7199999999999998
HPMR,30,24,23,0.05,0.06,0.055,0.005310696033757793,6.531000000000001
HPMR,30,24,24,0.04,0.05,0.045,0.008919153661930945,11.2005
HPMR,30,24,25,0.03,0.04,0.035,0.012327743983533763,22.34
HPMR,30,24,26,0.02,0.03,0.025,0.00892916782590772,58.34
HPMR,30,24,27,0.0159,0.02,0.01795,0.003964272429072596,120.58000000000001
HPMR,30,24,28,0.0155,0.0159,0.0157,0.00040810090791904864,138.0
HPMR,30,24,29,0.0152,0.0155,0.015349999999999999,0.0002990158493997205,145.05
HPMR,30,24,30,0.015,0.0152,0.015099999999999999,0.00019608950172610967,109.69999999999999
HPMR,30,24,31,0.013,0.015,0.013999999999999999,0.002096546882490506,136.85
HPMR,30,24,32,0.01,0.013,0.0115,0.003374804072985788,98.805
HPMR,30,24,33,0.008,0.01,0.009000000000000001,0.0024500807649641635,179.64999999999998
HPMR,30,24,34,0.006,0.008,0.007,0.0027259940921335224,347.95
HPMR,30,24,35,0.005,0.006,0.0055,0.0015851420158838917,598.8
HPMR,30,24,36,0.004,0.005,0.0045000000000000005,3.228227525178022e-05,990.7
HPMR,30,24,37,0.00385,0.004,0.003925,3.4822337131677238e-09,1309.5
HPMR,30,24,38,0.0037,0.00385,0.003775,3.2133530252311326e-06,1339.5
HPMR,30,24,39,0.00355,0.0037,0.003625,6.585622359250338e-09,1513.5
HPMR,30,24,40,0.0033,0.00355,0.003425,7.279727174089868e-07,1540.5
HPMR,30,24,41,0.00307,0.0033,0.003185,3.006973045634518e-07,1971.0
HPMR,30,24,42,0.003,0.00307,0.003035,4.454396272844194e-09,1911.0
HPMR,30,24,43,0.00259,0.003,0.0027949999999999997,7.397432887152587e-08,2211.5
HPMR,30,24,44,0.00253,0.00259,0.0025599999999999998,9.41205697543031e-12,1835.0
HPMR,30,24,45,0.00248,0.00253,0.0025050000000000003,4.282670461753276e-11,1561.5
HPMR,30,24,46,0.002,0.00248,0.00224,5.684889906835844e-09,1042.8
HPMR,30,24,47,0.0015,0.002,0.00175,5.981614207389556e-10,1820.5
HPMR,30,24,48,0.001,0.0015,0.00125,5.596184442329562e-11,3783.0
HPMR,30,25,1,15.0,20.0,17.5,0.0,0.05932
HPMR,30,25,2,10.0,15.0,12.5,5.538494613430789e-13,0.05315
HPMR,30,25,3,8.0,10.0,9.0,5.461484036662896e-12,0.048235
HPMR,30,25,4,6.0,8.0,7.0,3.777252928207711e-11,0.045329999999999995
HPMR,30,25,5,5.0,6.0,5.5,6.63905865070861e-11,0.043315
HPMR,30,25,6,4.0,5.0,4.5,1.624627740953615e-10,0.042345
HPMR,30,25,7,3.0,4.0,3.5,7.571339726675718e-05,0.042155
HPMR,30,25,8,2.0,3.0,2.5,0.02458748401263829,0.0442
HPMR,30,25,9,1.5,2.0,1.75,0.006332768212822118,0.04914
HPMR,30,25,10,1.25,1.5,1.375,0.023424680841039526,0.05549
HPMR,30,25,11,1.0,1.25,1.125,0.026024215820450017,0.06489
HPMR,30,25,12,0.8,1.0,0.9,0.028558015890211147,0.07986
HPMR,30,25,13,0.6,0.8,0.7,0.6027417413862172,0.10675
HPMR,30,25,14,0.5,0.6,0.55,0.06633277482397837,0.1431
HPMR,30,25,15,0.4,0.5,0.45,0.024929496655816973,0.19685
HPMR,30,25,16,0.3,0.4,0.35,0.028158271194342232,0.3177
HPMR,30,25,17,0.2,0.3,0.25,0.028178417689970685,0.7008000000000001
HPMR,30,25,18,0.15,0.2,0.175,0.020908001311041705,1.5062499999999999
HPMR,30,25,19,0.1,0.15,0.125,0.041202768776886896,3.7815000000000003
HPMR,30,25,20,0.088,0.1,0.094,0.006856198058374583,6.616
HPMR,30,25,21,0.08,0.088,0.08399999999999999,0.006342199639471264,2.1645
HPMR,30,25,22,0.06,0.08,0.07,0.01371904684921908,3.7199999999999998
HPMR,30,25,23,0.05,0.06,0.055,0.005207168372281113,6.531000000000001
HPMR,30,25,24,0.04,0.05,0.045,0.008730519714278061,11.2005
HPMR,30,25,25,0.03,0.04,0.035,0.01210087713512502,22.34
HPMR,30,25,26,0.02,0.03,0.025,0.008769299727602396,58.34
HPMR,30,25,27,0.0159,0.02,0.01795,0.0038901624897946527,120.58000000000001
HPMR,30,25,28,0.0155,0.0159,0.0157,0.000400488284707563,138.0
HPMR,30,25,29,0.0152,0.0155,0.015349999999999999,0.0002934317976984004,145.05
HPMR,30,25,30,0.015,0.0152,0.015099999999999999,0.0001924303757840573,109.69999999999999
HPMR,30,25,31,0.013,0.015,0.013999999999999999,0.002057946213450466,136.85
HPMR,30,25,32,0.01,0.013,0.0115,0.0033124501812382195,98.805
HPMR,30,25,33,0.008,0.01,0.009000000000000001,0.002405157130283794,179.64999999999998
HPMR,30,25,34,0.006,0.008,0.007,0.0026764738888026304,347.95
HPMR,30,25,35,0.005,0.006,0.0055,0.001554521121383298,598.8
HPMR,30,25,36,0.004,0.005,0.0045000000000000005,3.289245877577622e-05,990.7
HPMR,30,25,37,0.00385,0.004,0.003925,3.30389707809414e-09,1309.5
HPMR,30,25,38,0.0037,0.00385,0.003775,3.2453898232895094e-06,1339.5
HPMR,30,25,39,0.00355,0.0037,0.003625,6.801413127436166e-09,1513.5
HPMR,30,25,40,0.0033,0.00355,0.003425,7.385641593056931e-07,1540.5
HPMR,30,25,41,0.00307,0.0033,0.003185,3.107184624387068e-07,1971.0
HPMR,30,25,42,0.003,0.00307,0.003035,4.444270909255453e-09,1911.0
HPMR,30,25,43,0.00259,0.003,0.0027949999999999997,7.169773883158492e-08,2211.5
HPMR,30,25,44,0.00253,0.00259,0.0025599999999999998,9.395624813436529e-12,1835.0
HPMR,30,25,45,0.00248,0.00253,0.0025050000000000003,3.199645891063218e-11,1561.5
HPMR,30,25,46,0.002,0.00248,0.00224,4.727575071564472e-09,1042.8
HPMR,30,25,47,0.0015,0.002,0.00175,5.34447510118286e-10,1820.5
HPMR,30,25,48,0.001,0.0015,0.00125,5.3226961819955794e-11,3783.0
HPMR,30,26,1,15.0,20.0,17.5,0.0,0.05932
HPMR,30,26,2,10.0,15.0,12.5,5.490808162036009e-13,0.05315
HPMR,30,26,3,8.0,10.0,9.0,5.414797079174605e-12,0.048235
HPMR,30,26,4,6.0,8.0,7.0,3.74554536546578e-11,0.045329999999999995
HPMR,30,26,5,5.0,6.0,5.5,6.584358329375056e-11,0.043315
HPMR,30,26,6,4.0,5.0,4.5,1.6115220895133405e-10,0.042345
HPMR,30,26,7,3.0,4.0,3.5,7.373247659243325e-05,0.042155
HPMR,30,26,8,2.0,3.0,2.5,0.02362245586384368,0.0442
HPMR,30,26,9,1.5,2.0,1.75,0.006159141793705365,0.04914
HPMR,30,26,10,1.25,1.5,1.375,0.02322686449770276,0.05549
HPMR,30,26,11,1.0,1.25,1.125,0.025665762333214694,0.06489
HPMR,30,26,12,0.8,1.0,0.9,0.028223645831581483,0.07986
HPMR,30,26,13,0.6,0.8,0.7,0.6108621179964023,0.10675
HPMR,30,26,14,0.5,0.6,0.55,0.06525765596744354,0.1431
HPMR,30,26,15,0.4,0.5,0.45,0.024472823174540376,0.19685
HPMR,30,26,16,0.3,0.4,0.35,0.02748655122790654,0.3177
HPMR,30,26,17,0.2,0.3,0.25,0.027530693059307616,0.7008000000000001
HPMR,30,26,18,0.15,0.2,0.175,0.020447326533092024,1.5062499999999999
HPMR,30,26,19,0.1,0.15,0.125,0.04000713099237136,3.7815000000000003
HPMR,30,26,20,0.088,0.1,0.094,0.006710482309993167,6.616
HPMR,30,26,21,0.08,0.088,0.08399999999999999,0.006187727945079738,2.1645
HPMR,30,26,22,0.06,0.08,0.07,0.013438022930698347,3.7199999999999998
HPMR,30,26,23,0.05,0.06,0.055,0.005103083412776061,6.531000000000001
HPMR,30,26,24,0.04,0.05,0.045,0.008541074472493007,11.2005
HPMR,30,26,25,0.03,0.04,0.035,0.011872919634838988,22.34
HPMR,30,26,26,0.02,0.03,0.025,0.008608479131243253,58.34
HPMR,30,26,27,0.0159,0.02,0.01795,0.0038156544306463705,120.58000000000001
HPMR,30,26,28,0.0155,0.0159,0.0157,0.00039287002634508673,138.0
HPMR,30,26,29,0.0152,0.0155,0.015349999999999999,0.00028781254981133055,145.05
HPMR,30,26,30,0.015,0.0152,0.015099999999999999,0.00018875168764288824,109.69999999999999
HPMR,30,26,31,0.013,0.015,0.013999999999999999,0.0020191443652331485,136.85
HPMR,30,26,32,0.01,0.013,0.0115,0.003249784100357724,98.805
HPMR,30,26,33,0.008,0.01,0.009000000000000001,0.0023599850642921348,179.64999999999998
HPMR,30,26,34,0.006,0.008,0.007,0.0026266115900510324,347.95
HPMR,30,26,35,0.005,0.006,0.0055,0.0015237727319329902,598.8
HPMR,30,26,36,0.004,0.005,0.0045000000000000005,3.348811408158237e-05,990.7
HPMR,30,26,37,0.00385,0.004,0.003925,3.1583048813251876e-09,1309.5
HPMR,30,26,38,0.0037,0.00385,0.003775,3.27430829903436e-06,1339.5
HPMR,30,26,39,0.00355,0.0037,0.003625,7.013804096377306e-09,1513.5
HPMR,30,26,40,0.0033,0.00355,0.003425,7.497350322106964e-07,1540.5
HPMR,30,26,41,0.00307,0.0033,0.003185,3.2062245794476074e-07,1971.0
HPMR,30,26,42,0.003,0.00307,0.003035,4.433499095883675e-09,1911.0
HPMR,30,26,43,0.00259,0.003,0.0027949999999999997,6.961003232350924e-08,2211.5
HPMR,30,26,44,0.00253,0.00259,0.0025599999999999998,9.381571110722959e-12,1835.0
HPMR,30,26,45,0.00248,0.00253,0.0025050000000000003,2.3870671875675395e-11,1561.5
HPMR,30,26,46,0.002,0.00248,0.00224,4.03023305173761e-09,1042.8
HPMR,30,26,47,0.0015,0.002,0.00175,4.888933879878329e-10,1820.5
HPMR,30,26,48,0.001,0.0015,0.00125,5.055554908276803e-11,3783.0
HPMR,30,27,1,15.0,20.0,17.5,0.0,0.05932
HPMR,30,27,2,10.0,15.0,12.5,5.454637092996919e-13,0.05315
HPMR,30,27,3,8.0,10.0,9.0,5.379535727475069e-12,0.048235
HPMR,30,27,4,6.0,8.0,7.0,3.721729439265261e-11,0.045329999999999995
HPMR,30,27,5,5.0,6.0,5.5,6.543386555047092e-11,0.043315
HPMR,30,27,6,4.0,5.0,4.5,1.601764161128338e-10,0.042345
HPMR,30,27,7,3.0,4.0,3.5,7.171409224278386e-05,0.042155
HPMR,30,27,8,2.0,3.0,2.5,0.02266642600914194,0.0442
HPMR,30,27,9,1.5,2.0,1.75,0.005984677141130986,0.04914
HPMR,30,27,10,1.25,1.5,1.375,0.023019496494478667,0.05549
HPMR,30,27,11,1.0,1.25,1.125,0.025297134809877695,0.06489
HPMR,30,27,12,0.8,1.0,0.9,0.02787547095896314,0.07986
HPMR,30,27,13,0.6,0.8,0.7,0.6190345730597222,0.10675
HPMR,30,27,14,0.5,0.6,0.55,0.06413810852177639,0.1431
HPMR,30,27,15,0.4,0.5,0.45,0.024012352309320254,0.19685
HPMR,30,27,16,0.3,0.4,0.35,0.026817001025124385,0.3177
HPMR,30,27,17,0.2,0.3,0.25,0.026885899028023578,0.7008000000000001
HPMR,30,27,18,0.15,0.2,0.175,0.01998787843517544,1.5062499999999999
HPMR,30,27,19,0.1,0.15,0.125,0.0388218636262237,3.7815000000000003
HPMR,30,27,20,0.088,0.1,0.094,0.006565154256184467,6.616
HPMR,30,27,21,0.08,0.088,0.08399999999999999,0.006034020992506242,2.1645
HPMR,30,27,22,0.06,0.08,0.07,0.013156382974277942,3.7199999999999998
HPMR,30,27,23,0.05,0.06,0.055,0.004999478072368051,6.531000000000001
HPMR,30,27,24,0.04,0.05,0.045,0.00835318370205112,11.2005
HPMR,30,27,25,0.03,0.04,0.035,0.011646050615520993,22.34
HPMR,30,27,26,0.02,0.03,0.025,0.008447844303820366,58.34
HPMR,30,27,27,0.0159,0.02,0.01795,0.003741493759358926,120.58000000000001
HPMR,30,27,28,0.0155,0.0159,0.0157,0.00038523373409973355,138.0
HPMR,30,27,29,0.0152,0.0155,0.015349999999999999,0.0002822306265477043,145.05
HPMR,30,27,30,0.015,0.0152,0.015099999999999999,0.00018508167976009627,109.69999999999999
HPMR,30,27,31,0.013,0.015,0.013999999999999999,0.001980445551085193,136.85
HPMR,30,27,32,0.01,0.013,0.0115,0.003187240258102648,98.805
HPMR,30,27,33,0.008,0.01,0.009000000000000001,0.0023149728974128526,179.64999999999998
HPMR,30,27,34,0.006,0.008,0.007,0.002576937850133618,347.95
HPMR,30,27,35,0.005,0.006,0.0055,0.0014931036207626012,598.8
HPMR,30,27,36,0.004,0.005,0.0045000000000000005,3.4070952260256174e-05,990.7
HPMR,30,27,37,0.00385,0.004,0.003925,3.040930306595448e-09,1309.5
HPMR,30,27,38,0.0037,0.00385,0.003775,3.3002312879495026e-06,1339.5
HPMR,30,27,39,0.00355,0.0037,0.003625,7.224777634273179e-09,1513.5
HPMR,30,27,40,0.0033,0.00355,0.003425,7.613335252099495e-07,1540.5
HPMR,30,27,41,0.00307,0.0033,0.003185,3.3042880498176257e-07,1971.0
HPMR,30,27,42,0.003,0.00307,0.003035,4.422695771617647e-09,1911.0
HPMR,30,27,43,0.00259,0.003,0.0027949999999999997,6.763396607035627e-08,2211.5
HPMR,30,27,44,0.00253,0.00259,0.0025599999999999998,9.370426698066506e-12,1835.0
HPMR,30,27,45,0.00248,0.00253,0.0025050000000000003,1.7785846567828746e-11,1561.5
HPMR,30,27,46,0.002,0.00248,0.00224,3.5257065702049125e-09,1042.8
HPMR,30,27,47,0.0015,0.002,0.00175,4.569852838053483e-10,1820.5
HPMR,30,27,48,0.001,0.0015,0.00125,4.795741677817069e-11,3783.0
HPMR,30,28,1,15.0,20.0,17.5,0.0,0.05932
HPMR,30,28,2,10.0,15.0,12.5,5.429749196686194e-13,0.05315
HPMR,30,28,3,8.0,10.0,9.0,5.3555605874990215e-12,0.048235
HPMR,30,28,4,6.0,8.0,7.0,3.705555651397338e-11,0.045329999999999995
HPMR,30,28,5,5.0,6.0,5.5,6.515925939192339e-11,0.043315
HPMR,30,28,6,4.0,5.0,4.5,1.5952950912605608e-10,0.042345
HPMR,30,28,7,3.0,4.0,3.5,6.967236342145575e-05,0.042155
HPMR,30,28,8,2.0,3.0,2.5,0.02172510571821531,0.0442
HPMR,30,28,9,1.5,2.0,1.75,0.005810815614773232,0.04914
HPMR,30,28,10,1.25,1.5,1.375,0.02280564478967865,0.05549
HPMR,30,28,11,1.0,1.25,1.125,0.024919858701181356,0.06489
HPMR,30,28,12,0.8,1.0,0.9,0.027518467243072726,0.07986
HPMR,30,28,13,0.6,0.8,0.7,0.627191776216924,0.10675
HPMR,30,28,14,0.5,0.6,0.55,0.06298683609055143,0.1431
HPMR,30,28,15,0.4,0.5,0.45,0.02355281074374991,0.19685
HPMR,30,28,16,0.3,0.4,0.35,0.026154779197950076,0.3177
HPMR,30,28,17,0.2,0.3,0.25,0.026248333119898846,0.7008000000000001
HPMR,30,28,18,0.15,0.2,0.175,0.019533919270183858,1.5062499999999999
HPMR,30,28,19,0.1,0.15,0.125,0.03765283547089257,3.7815000000000003
HPMR,30,28,20,0.088,0.1,0.094,0.006421474877021895,6.616
HPMR,30,28,21,0.08,0.088,0.08399999999999999,0.005882461163059669,2.1645
HPMR,30,28,22,0.06,0.08,0.07,0.012878849326182641,3.7199999999999998
HPMR,30,28,23,0.05,0.06,0.055,0.004897120188815174,6.531000000000001
HPMR,30,28,24,0.04,0.05,0.045,0.00816694321250914,11.2005
HPMR,30,28,25,0.03,0.04,0.035,0.011421869170459958,22.34
HPMR,30,28,26,0.02,0.03,0.025,0.008288510948772794,58.34
HPMR,30,28,27,0.0159,0.02,0.01795,0.0036681271009818624,120.58000000000001
HPMR,30,28,28,0.0155,0.0159,0.0157,0.00037772186537736907,138.0
HPMR,30,28,29,0.0152,0.0155,0.015349999999999999,0.0002766812733705588,145.05
HPMR,30,28,30,0.015,0.0152,0.015099999999999999,0.00018145619212870916,109.69999999999999
HPMR,30,28,31,0.013,0.015,0.013999999999999999,0.0019422248002902468,136.85
HPMR,30,28,32,0.01,0.013,0.0115,0.0031254427919103415,98.805
HPMR,30,28,33,0.008,0.01,0.009000000000000001,0.0022705327407887502,179.64999999999998
HPMR,30,28,34,0.006,0.008,0.007,0.00252775366387812,347.95
HPMR,30,28,35,0.005,0.006,0.0055,0.001462809821754565,598.8
HPMR,30,28,36,0.004,0.005,0.0045000000000000005,3.464471034435138e-05,990.7
HPMR,30,28,37,0.00385,0.004,0.003925,2.9481432738409937e-09,1309.5
HPMR,30,28,38,0.0037,0.00385,0.003775,3.3235166041497407e-06,1339.5
HPMR,30,28,39,0.00355,0.0037,0.003625,7.433086001998686e-09,1513.5
HPMR,30,28,40,0.0033,0.00355,0.003425,7.734967577660147e-07,1540.5
HPMR,30,28,41,0.00307,0.0033,0.003185,3.4015190192539683e-07,1971.0
HPMR,30,28,42,0.003,0.00307,0.003035,4.412399603297332e-09,1911.0
HPMR,30,28,43,0.00259,0.003,0.0027949999999999997,6.571717064903746e-08,2211.5
HPMR,30,28,44,0.00253,0.00259,0.0025599999999999998,9.363211627159288e-12,1835.0
HPMR,30,28,45,0.00248,0.00253,0.0025050000000000003,1.3237422658595169e-11,1561.5
HPMR,30,28,46,0.002,0.00248,0.00224,3.1647588276093116e-09,1042.8
HPMR,30,28,47,0.0015,0.002,0.00175,4.3535300124770225e-10,1820.5
HPMR,30,28,48,0.001,0.0015,0.00125,4.5441723095825145e-11,3783.0
HPMR,30,29,1,15.0,20.0,17.5,0.0,0.05932
HPMR,30,29,2,10.0,15.0,12.5,5.415579751036651e-13,0.05315
HPMR,30,29,3,8.0,10.0,9.0,5.341809899299291e-12,0.048235
HPMR,30,29,4,6.0,8.0,7.0,3.696608437661478e-11,0.045329999999999995
HPMR,30,29,5,5.0,6.0,5.5,6.501128660939834e-11,0.043315
HPMR,30,29,6,4.0,5.0,4.5,1.591909768816473e-10,0.042345
HPMR,30,29,7,3.0,4.0,3.5,6.762011966481504e-05,0.042155
HPMR,30,29,8,2.0,3.0,2.5,0.02080180539954324,0.0442
HPMR,30,29,9,1.5,2.0,1.75,0.005638361650861715,0.04914
HPMR,30,29,10,1.25,1.5,1.375,0.022587696571120953,0.05549
HPMR,30,29,11,1.0,1.25,1.125,0.024538777626107136,0.06489
HPMR,30,29,12,0.8,1.0,0.9,0.027153446193709463,0.07986
HPMR,30,29,13,0.6,0.8,0.7,0.6352897673713896,0.10675
HPMR,30,29,14,0.5,0.6,0.55,0.06181163038946471,0.1431
HPMR,30,29,15,0.4,0.5,0.45,0.023096508345152204,0.19685
HPMR,30,29,16,0.3,0.4,0.35,0.025502714462061885,0.3177
HPMR,30,29,17,0.2,0.3,0.25,0.02562104069376426,0.7008000000000001
HPMR,30,29,18,0.15,0.2,0.175,0.019086972810964335,1.5062499999999999
HPMR,30,29,19,0.1,0.15,0.125,0.03650561757661367,3.7815000000000003
HPMR,30,29,20,0.088,0.1,0.094,0.006280339812968936,6.616
HPMR,30,29,21,0.08,0.088,0.08399999999999999,0.005733331469483897,2.1645
HPMR,30,29,22,0.06,0.08,0.07,0.012605244983613942,3.7199999999999998
HPMR,30,29,23,0.05,0.06,0.055,0.004796620440073957,6.531000000000001
HPMR,30,29,24,0.04,0.05,0.045,0.00798411186152832,11.2005
HPMR,30,29,25,0.03,0.04,0.035,0.011202567408410715,22.34
HPMR,30,29,26,0.02,0.03,0.025,0.008131561787892488,58.34
HPMR,30,29,27,0.0159,0.02,0.01795,0.003596221468188824,120.58000000000001
HPMR,30,29,28,0.0155,0.0159,0.0157,0.00037030400698611417,138.0
HPMR,30,29,29,0.0152,0.0155,0.015349999999999999,0.00027125824470107133,145.05
HPMR,30,29,30,0.015,0.0152,0.015099999999999999,0.00017789176447387798,109.69999999999999
HPMR,30,29,31,0.013,0.015,0.013999999999999999,0.0019046501289529255,136.85
HPMR,30,29,32,0.01,0.013,0.0115,0.0030648917992899018,98.805
HPMR,30,29,33,0.008,0.01,0.009000000000000001,0.002226669851235629,179.64999999999998
HPMR,30,29,34,0.006,0.008,0.007,0.0024795719716495745,347.95
HPMR,30,29,35,0.005,0.006,0.0055,0.0014330312162795329,598.8
HPMR,30,29,36,0.004,0.005,0.0045000000000000005,3.520995431718376e-05,990.7
HPMR,30,29,37,0.00385,0.004,0.003925,2.8765793721742206e-09,1309.5
HPMR,30,29,38,0.0037,0.00385,0.003775,3.3442822072855063e-06,1339.5
HPMR,30,29,39,0.00355,0.0037,0.003625,7.639426112145541e-09,1513.5
HPMR,30,29,40,0.0033,0.00355,0.003425,7.861202508332468e-07,1540.5
HPMR,30,29,41,0.00307,0.0033,0.003185,3.4979623957903806e-07,1971.0
HPMR,30,29,42,0.003,0.00307,0.003035,4.4030632636847835e-09,1911.0
HPMR,30,29,43,0.00259,0.003,0.0027949999999999997,6.384085344147194e-08,2211.5
HPMR,30,29,44,0.00253,0.00259,0.0025599999999999998,9.360032266703794e-12,1835.0
HPMR,30,29,45,0.00248,0.00253,0.0025050000000000003,9.841708909071891e-12,1561.5
HPMR,30,29,46,0.002,0.00248,0.00224,2.910249289937062e-09,1042.8
HPMR,30,29,47,0.0015,0.002,0.00175,4.214002903461127e-10,1820.5
HPMR,30,29,48,0.001,0.0015,0.00125,4.301221366358588e-11,3783.0
HPMR,30,30,1,15.0,20.0,17.5,0.0,0.05932
HPMR,30,30,2,10.0,15.0,12.5,5.411116661439221e-13,0.05315
HPMR,30,30,3,8.0,10.0,9.0,5.337719785115849e-12,0.048235
HPMR,30,30,4,6.0,8.0,7.0,3.694294064095254e-11,0.045329999999999995
HPMR,30,30,5,5.0,6.0,5.5,6.497897889000949e-11,0.043315
HPMR,30,30,6,4.0,5.0,4.5,1.5913513061910416e-10,0.042345
HPMR,30,30,7,3.0,4.0,3.5,6.556726108163464e-05,0.042155
HPMR,30,30,8,2.0,3.0,2.5,0.019898811208876706,0.0442
HPMR,30,30,9,1.5,2.0,1.75,0.0054678135571032205,0.04914
HPMR,30,30,10,1.25,1.5,1.375,0.022367478929966832,0.05549
HPMR,30,30,11,1.0,1.25,1.125,0.024151770371825528,0.06489
HPMR,30,30,12,0.8,1.0,0.9,0.026784923675901812,0.07986
HPMR,30,30,13,0.6,0.8,0.7,0.6432980174128385,0.10675
HPMR,30,30,14,0.5,0.6,0.55,0.0606168701297124,0.1431
HPMR,30,30,15,0.4,0.5,0.45,0.02264545056936751,0.19685
HPMR,30,30,16,0.3,0.4,0.35,0.02486414910481452,0.3177
HPMR,30,30,17,0.2,0.3,0.25,0.025006145072962442,0.7008000000000001
HPMR,30,30,18,0.15,0.2,0.175,0.01864908061201931,1.5062499999999999
HPMR,30,30,19,0.1,0.15,0.125,0.03538366067883441,3.7815000000000003
HPMR,30,30,20,0.088,0.1,0.094,0.0061421606214303774,6.616
HPMR,30,30,21,0.08,0.088,0.08399999999999999,0.005587477683710837,2.1645
HPMR,30,30,22,0.06,0.08,0.07,0.01233842548959366,3.7199999999999998
HPMR,30,30,23,0.05,0.06,0.055,0.00469824892349169,6.531000000000001
HPMR,30,30,24,0.04,0.05,0.045,0.007805128087775034,11.2005
HPMR,30,30,25,0.03,0.04,0.035,0.010987941418260937,22.34
HPMR,30,30,26,0.02,0.03,0.025,0.007978162031026888,58.34
HPMR,30,30,27,0.0159,0.02,0.01795,0.0035256297953407912,120.58000000000001
HPMR,30,30,28,0.0155,0.0159,0.0157,0.0003630675441640834,138.0
HPMR,30,30,29,0.0152,0.0155,0.015349999999999999,0.0002659328447795403,145.05
HPMR,30,30,30,0.015,0.0152,0.015099999999999999,0.00017439834089823342,109.69999999999999
HPMR,30,30,31,0.013,0.015,0.013999999999999999,0.0018678660798756293,136.85
HPMR,30,30,32,0.01,0.013,0.0115,0.00300531375704668,98.805
HPMR,30,30,33,0.008,0.01,0.009000000000000001,0.0021839145978305363,179.64999999999998
HPMR,30,30,34,0.006,0.008,0.007,0.0024322922107312458,347.95
HPMR,30,30,35,0.005,0.006,0.0055,0.001403933235951364,598.8
HPMR,30,30,36,0.004,0.005,0.0045000000000000005,3.576720664348087e-05,990.7
HPMR,30,30,37,0.00385,0.004,0.003925,2.8231746337320073e-09,1309.5
HPMR,30,30,38,0.0037,0.00385,0.003775,3.3624253130809044e-06,1339.5
HPMR,30,30,39,0.00355,0.0037,0.003625,7.84444685439377e-09,1513.5
HPMR,30,30,40,0.0033,0.00355,0.003425,7.992472345945499e-07,1540.5
HPMR,30,30,41,0.00307,0.0033,0.003185,3.5935489857428016e-07,1971.0
HPMR,30,30,42,0.003,0.00307,0.003035,4.394761097619794e-09,1911.0
HPMR,30,30,43,0.00259,0.003,0.0027949999999999997,6.198425716489482e-08,2211.5
HPMR,30,30,44,0.00253,0.00259,0.0025599999999999998,9.360551369276797e-12,1835.0
HPMR,30,30,45,0.00248,0.00253,0.0025050000000000003,7.309991191591103e-12,1561.5
HPMR,30,30,46,0.002,0.00248,0.00224,2.7346249699850494e-09,1042.8
HPMR,30,30,47,0.0015,0.002,0.00175,4.131538309093941e-10,1820.5
HPMR,30,30,48,0.001,0.0015,0.00125,4.06727567633564e-11,3783.0
HPMR,30,31,1,15.0,20.0,17.5,0.0,0.05932
HPMR,30,31,2,10.0,15.0,12.5,5.41586399285253e-13,0.05315
HPMR,30,31,3,8.0,10.0,9.0,5.342755631575855e-12,0.048235
HPMR,30,31,4,6.0,8.0,7.0,3.698295923512135e-11,0.045329999999999995
HPMR,30,31,5,5.0,6.0,5.5,6.50564941759527e-11,0.043315
HPMR,30,31,6,4.0,5.0,4.5,1.5934818550081576e-10,0.042345
HPMR,30,31,7,3.0,4.0,3.5,6.35238427975232e-05,0.042155
HPMR,30,31,8,2.0,3.0,2.5,0.01901793181869386,0.0442
HPMR,30,31,9,1.5,2.0,1.75,0.005299621982632912,0.04914
HPMR,30,31,10,1.25,1.5,1.375,0.02214628189242421,0.05549
HPMR,30,31,11,1.0,1.25,1.125,0.023767085830356034,0.06489
HPMR,30,31,12,0.8,1.0,0.9,0.026412799456601587,0.07986
HPMR,30,31,13,0.6,0.8,0.7,0.6511807307297205,0.10675
HPMR,30,31,14,0.5,0.6,0.55,0.05941245668545228,0.1431
HPMR,30,31,15,0.4,0.5,0.45,0.022200802900477504,0.19685
HPMR,30,31,16,0.3,0.4,0.35,0.024240390706523285,0.3177
HPMR,30,31,17,0.2,0.3,0.25,0.024406558991710906,0.7008000000000001
HPMR,30,31,18,0.15,0.2,0.175,0.018221574575086594,1.5062499999999999
HPMR,30,31,19,0.1,0.15,0.125,0.03428997196331785,3.7815000000000003
HPMR,30,31,20,0.088,0.1,0.094,0.006007307509267595,6.616
HPMR,30,31,21,0.08,0.088,0.08399999999999999,0.005445264600392511,2.1645
HPMR,30,31,22,0.06,0.08,0.07,0.01207781959843586,3.7199999999999998
HPMR,30,31,23,0.05,0.06,0.055,0.004602454131609135,6.531000000000001
HPMR,30,31,24,0.04,0.05,0.045,0.007630790602903584,11.2005
HPMR,30,31,25,0.03,0.04,0.035,0.010779622765150222,22.34
HPMR,30,31,26,0.02,0.03,0.025,0.007828098862630072,58.34
HPMR,30,31,27,0.0159,0.02,0.01795,0.0034568270683139495,120.58000000000001
HPMR,30,31,28,0.0155,0.0159,0.0157,0.0003559864668277325,138.0
HPMR,30,31,29,0.0152,0.0155,0.015349999999999999,0.00026074555101583067,145.05
HPMR,30,31,30,0.015,0.0152,0.015099999999999999,0.0001709963928189387,109.69999999999999
HPMR,30,31,31,0.013,0.015,0.013999999999999999,0.0018320385020611503,136.85
HPMR,30,31,32,0.01,0.013,0.0115,0.002947459695316871,98.805
HPMR,30,31,33,0.008,0.01,0.009000000000000001,0.002142149827450637,179.64999999999998
HPMR,30,31,34,0.006,0.008,0.007,0.0023861727858236555,347.95
HPMR,30,31,35,0.005,0.006,0.0055,0.0013755778226478112,598.8
HPMR,30,31,36,0.004,0.005,0.0045000000000000005,3.631781241054764e-05,990.7
HPMR,30,31,37,0.00385,0.004,0.003925,2.7853925646707385e-09,1309.5
HPMR,30,31,38,0.0037,0.00385,0.003775,3.378256658871658e-06,1339.5
HPMR,30,31,39,0.00355,0.0037,0.003625,8.047722367268727e-09,1513.5
HPMR,30,31,40,0.0033,0.00355,0.003425,8.128059143687828e-07,1540.5
HPMR,30,31,41,0.00307,0.0033,0.003185,3.688488489425773e-07,1971.0
HPMR,30,31,42,0.003,0.00307,0.003035,4.387878012317244e-09,1911.0
HPMR,30,31,43,0.00259,0.003,0.0027949999999999997,6.014952766174459e-08,2211.5
HPMR,30,31,44,0.00253,0.00259,0.0025599999999999998,9.365873605291578e-12,1835.0
HPMR,30,31,45,0.00248,0.00253,0.0025050000000000003,5.425034511670183e-12,1561.5
HPMR,30,31,46,0.002,0.00248,0.00224,2.6175298177106736e-09,1042.8
HPMR,30,31,47,0.0015,0.002,0.00175,4.091680865024722e-10,1820.5
HPMR,30,31,48,0.001,0.0015,0.00125,3.842523174007935e-11,3783.0
HPMR,30,32,1,15.0,20.0,17.5,0.0,0.05932
HPMR,30,32,2,10.0,15.0,12.5,5.428860102713094e-13,0.05315
HPMR,30,32,3,8.0,10.0,9.0,5.355918071525048e-12,0.048235
HPMR,30,32,4,6.0,8.0,7.0,3.707846089039153e-11,0.045329999999999995
HPMR,30,32,5,5.0,6.0,5.5,6.523243267777044e-11,0.043315
HPMR,30,32,6,4.0,5.0,4.5,1.5980282091897944e-10,0.042345
HPMR,30,32,7,3.0,4.0,3.5,6.149173594710364e-05,0.042155
HPMR,30,32,8,2.0,3.0,2.5,0.018161156492735416,0.0442
HPMR,30,32,9,1.5,2.0,1.75,0.0051341762405383426,0.04914
HPMR,30,32,10,1.25,1.5,1.375,0.021925179122782815,0.05549
HPMR,30,32,11,1.0,1.25,1.125,0.023381298391615964,0.06489
HPMR,30,32,12,0.8,1.0,0.9,0.026040450921002888,0.07986
HPMR,30,32,13,0.6,0.8,0.7,0.6589216686525138,0.10675
HPMR,30,32,14,0.5,0.6,0.55,0.05819986839701828,0.1431
HPMR,30,32,15,0.4,0.5,0.45,0.02176481356454128,0.19685
HPMR,30,32,16,0.3,0.4,0.35,0.023632926531184047,0.3177
HPMR,30,32,17,0.2,0.3,0.25,0.02382303261113583,0.7008000000000001
HPMR,30,32,18,0.15,0.2,0.175,0.017805144953439205,1.5062499999999999
HPMR,30,32,19,0.1,0.15,0.125,0.033227257711409185,3.7815000000000003
HPMR,30,32,20,0.088,0.1,0.094,0.005876077852412347,6.616
HPMR,30,32,21,0.08,0.088,0.08399999999999999,0.005306968671674885,2.1645
HPMR,30,32,22,0.06,0.08,0.07,0.01182442322875565,3.7199999999999998
HPMR,30,32,23,0.05,0.06,0.055,0.004509479497751995,6.531000000000001
HPMR,30,32,24,0.04,0.05,0.045,0.007461284592242611,11.2005
HPMR,30,32,25,0.03,0.04,0.035,0.010577906604106561,22.34
HPMR,30,32,26,0.02,0.03,0.025,0.007681996196006675,58.34
HPMR,30,32,27,0.0159,0.02,0.01795,0.0033901083657853423,120.58000000000001
HPMR,30,32,28,0.0155,0.0159,0.0157,0.00034912651132904015,138.0
HPMR,30,32,29,0.0152,0.0155,0.015349999999999999,0.00025570323250462,145.05
HPMR,30,32,30,0.015,0.0152,0.015099999999999999,0.00016768952132030024,109.69999999999999
HPMR,30,32,31,0.013,0.015,0.013999999999999999,0.0017972372213748528,136.85
HPMR,30,32,32,0.01,0.013,0.0115,0.002891041126604187,98.805
HPMR,30,32,33,0.008,0.01,0.009000000000000001,0.0021016052194424437,179.64999999999998
HPMR,30,32,34,0.006,0.008,0.007,0.0023413177120769433,347.95
HPMR,30,32,35,0.005,0.006,0.0055,0.0013480328825783525,598.8
HPMR,30,32,36,0.004,0.005,0.0045000000000000005,3.686250193862626e-05,990.7
HPMR,30,32,37,0.00385,0.004,0.003925,2.76096813635824e-09,1309.5
HPMR,30,32,38,0.0037,0.00385,0.003775,3.391668868453903e-06,1339.5
HPMR,30,32,39,0.00355,0.0037,0.003625,8.249180018132763e-09,1513.5
HPMR,30,32,40,0.0033,0.00355,0.003425,8.268073996631038e-07,1540.5
HPMR,30,32,41,0.00307,0.0033,0.003185,3.782689472600457e-07,1971.0
HPMR,30,32,42,0.003,0.00307,0.003035,4.382509046506161e-09,1911.0
HPMR,30,32,43,0.00259,0.003,0.0027949999999999997,5.832858848510015e-08,2211.5
HPMR,30,32,44,0.00253,0.00259,0.0025599999999999998,9.374647859858769e-12,1835.0
HPMR,30,32,45,0.00248,0.00253,0.0025050000000000003,4.022659522040618e-12,1561.5
HPMR,30,32,46,0.002,0.00248,0.00224,2.543748419731451e-09,1042.8
HPMR,30,32,47,0.0015,0.002,0.00175,4.083393069066604e-10,1820.5
HPMR,30,32,48,0.001,0.0015,0.00125,3.627177353681289e-11,3783.0
HPMR,30,33,1,15.0,20.0,17.5,0.0,0.05932
HPMR,30,33,2,10.0,15.0,12.5,5.449402575501247e-13,0.05315
HPMR,30,33,3,8.0,10.0,9.0,5.376684097694066e-12,0.048235
HPMR,30,33,4,6.0,8.0,7.0,3.7225603998825164e-11,0.045329999999999995
HPMR,30,33,5,5.0,6.0,5.5,6.549913398290259e-11,0.043315
HPMR,30,33,6,4.0,5.0,4.5,1.604738097799191e-10,0.042345
HPMR,30,33,7,3.0,4.0,3.5,5.947811575262846e-05,0.042155
HPMR,30,33,8,2.0,3.0,2.5,0.01732879632469143,0.0442
HPMR,30,33,9,1.5,2.0,1.75,0.004972084823515755,0.04914
HPMR,30,33,10,1.25,1.5,1.375,0.021704732098229478,0.05549
HPMR,30,33,11,1.0,1.25,1.125,0.02299912399203735,0.06489
HPMR,30,33,12,0.8,1.0,0.9,0.025667560366318176,0.07986
HPMR,30,33,13,0.6,0.8,0.7,0.6665013627651317,0.10675
HPMR,30,33,14,0.5,0.6,0.55,0.05698502465981174,0.1431
HPMR,30,33,15,0.4,0.5,0.45,0.021337627822164244,0.19685
HPMR,30,33,16,0.3,0.4,0.35,0.023042661428400876,0.3177
HPMR,30,33,17,0.2,0.3,0.25,0.023256164234183578,0.7008000000000001
HPMR,30,33,18,0.15,0.2,0.175,0.017401425137297862,1.5062499999999999
HPMR,30,33,19,0.1,0.15,0.125,0.03219727916883981,3.7815000000000003
HPMR,30,33,20,0.088,0.1,0.094,0.005749005892162866,6.616
HPMR,30,33,21,0.08,0.088,0.08399999999999999,0.005172893029432456,2.1645
HPMR,30,33,22,0.06,0.08,0.07,0.011578726405479682,3.7199999999999998
HPMR,30,33,23,0.05,0.06,0.055,0.004419468228501535,6.531000000000001
HPMR,30,33,24,0.04,0.05,0.045,0.0072969540369278735,11.2005
HPMR,30,33,25,0.03,0.04,0.035,0.010382134338688415,22.34
HPMR,30,33,26,0.02,0.03,0.025,0.007540345242960133,58.34
HPMR,30,33,27,0.0159,0.02,0.01795,0.0033254574353707984,120.58000000000001
HPMR,30,33,28,0.0155,0.0159,0.0157,0.0003424883888756986,138.0
HPMR,30,33,29,0.0152,0.0155,0.015349999999999999,0.000250818822192279,145.05
HPMR,30,33,30,0.015,0.0152,0.015099999999999999,0.00016448620795982168,109.69999999999999
HPMR,30,33,31,0.013,0.015,0.013999999999999999,0.0017635192278449762,136.85
HPMR,30,33,32,0.01,0.013,0.0115,0.002836578551284773,98.805
HPMR,30,33,33,0.008,0.01,0.009000000000000001,0.0020622996172197238,179.64999999999998
HPMR,30,33,34,0.006,0.008,0.007,0.0022980593183882622,347.95
HPMR,30,33,35,0.005,0.006,0.0055,0.0013213362866328516,598.8
HPMR,30,33,36,0.004,0.005,0.0045000000000000005,3.7401148536290916e-05,990.7
HPMR,30,33,37,0.00385,0.004,0.003925,2.7478374002438043e-09,1309.5
HPMR,30,33,38,0.0037,0.00385,0.003775,3.402763483732286e-06,1339.5
HPMR,30,33,39,0.00355,0.0037,0.003625,8.448778261545338e-09,1513.5
HPMR,30,33,40,0.0033,0.00355,0.003425,8.411900957037422e-07,1540.5
HPMR,30,33,41,0.00307,0.0033,0.003185,3.876068419100272e-07,1971.0
HPMR,30,33,42,0.003,0.00307,0.003035,4.378694672137085e-09,1911.0
HPMR,30,33,43,0.00259,0.003,0.0027949999999999997,5.652186404674445e-08,2211.5
HPMR,30,33,44,0.00253,0.00259,0.0025599999999999998,9.38728498846165e-12,1835.0
HPMR,30,33,45,0.00248,0.00253,0.0025050000000000003,2.9804924936504212e-12,1561.5
HPMR,30,33,46,0.002,0.00248,0.00224,2.5020113854992147e-09,1042.8
HPMR,30,33,47,0.0015,0.002,0.00175,4.0985963262223283e-10,1820.5
HPMR,30,33,48,0.001,0.0015,0.00125,3.4212255485664395e-11,3783.0
HPMR,30,34,1,15.0,20.0,17.5,0.0,0.05932
HPMR,30,34,2,10.0,15.0,12.5,5.477008088559891e-13,0.05315
HPMR,30,34,3,8.0,10.0,9.0,5.4040765560079555e-12,0.048235
HPMR,30,34,4,6.0,8.0,7.0,3.7420090737176194e-11,0.045329999999999995
HPMR,30,34,5,5.0,6.0,5.5,6.58477755536281e-11,0.043315
HPMR,30,34,6,4.0,5.0,4.5,1.613453263586346e-10,0.042345
HPMR,30,34,7,3.0,4.0,3.5,5.748661975234729e-05,0.042155
HPMR,30,34,8,2.0,3.0,2.5,0.016522609616827513,0.0442
HPMR,30,34,9,1.5,2.0,1.75,0.004813409716956091,0.04914
HPMR,30,34,10,1.25,1.5,1.375,0.021485668266884785,0.05549
HPMR,30,34,11,1.0,1.25,1.125,0.022617091755298923,0.06489
HPMR,30,34,12,0.8,1.0,0.9,0.02529653727927044,0.07986
HPMR,30,34,13,0.6,0.8,0.7,0.6739130761096764,0.10675
HPMR,30,34,14,0.5,0.6,0.55,0.0557700194437022,0.1431
HPMR,30,34,15,0.4,0.5,0.45,0.02091942078664036,0.19685
HPMR,30,34,16,0.3,0.4,0.35,0.02247019803610414,0.3177
HPMR,30,34,17,0.2,0.3,0.25,0.022707044387094824,0.7008000000000001
HPMR,30,34,18,0.15,0.2,0.175,0.017009976343381375,1.5062499999999999
HPMR,30,34,19,0.1,0.15,0.125,0.0312002463659637,3.7815000000000003
HPMR,30,34,20,0.088,0.1,0.094,0.005626032506508954,6.616
HPMR,30,34,21,0.08,0.088,0.08399999999999999,0.0050429476079476565,2.1645
HPMR,30,34,22,0.06,0.08,0.07,0.011340889027561784,3.7199999999999998
HPMR,30,34,23,0.05,0.06,0.055,0.004332492231842391,6.531000000000001
HPMR,30,34,24,0.04,0.05,0.045,0.00713793266730387,11.2005
HPMR,30,34,25,0.03,0.04,0.035,0.010193985318792073,22.34
HPMR,30,34,26,0.02,0.03,0.025,0.00740336181144944,58.34
HPMR,30,34,27,0.0159,0.02,0.01795,0.003262929622414365,120.58000000000001
HPMR,30,34,28,0.0155,0.0159,0.0157,0.0003360256839343138,138.0
HPMR,30,34,29,0.0152,0.0155,0.015349999999999999,0.0002460924202717243,145.05
HPMR,30,34,30,0.015,0.0152,0.015099999999999999,0.00016138549125469228,109.69999999999999
HPMR,30,34,31,0.013,0.015,0.013999999999999999,0.0017309274209583731,136.85
HPMR,30,34,32,0.01,0.013,0.0115,0.002783817108544234,98.805
HPMR,30,34,33,0.008,0.01,0.009000000000000001,0.002024163816566659,179.64999999999998
HPMR,30,34,34,0.006,0.008,0.007,0.0022560916005096264,347.95
HPMR,30,34,35,0.005,0.006,0.0055,0.0012954709653002314,598.8
HPMR,30,34,36,0.004,0.005,0.0045000000000000005,3.793194825400914e-05,990.7
HPMR,30,34,37,0.00385,0.004,0.003925,2.744327239893596e-09,1309.5
HPMR,30,34,38,0.0037,0.00385,0.003775,3.4115829028457405e-06,1339.5
HPMR,30,34,39,0.00355,0.0037,0.003625,8.6463459518328e-09,1513.5
HPMR,30,34,40,0.0033,0.00355,0.003425,8.55865361588974e-07,1540.5
HPMR,30,34,41,0.00307,0.0033,0.003185,3.968606131021465e-07,1971.0
HPMR,30,34,42,0.003,0.00307,0.003035,4.376461874214912e-09,1911.0
HPMR,30,34,43,0.00259,0.003,0.0027949999999999997,5.473573765448046e-08,2211.5
HPMR,30,34,44,0.00253,0.00259,0.0025599999999999998,9.403418526784716e-12,1835.0
HPMR,30,34,45,0.00248,0.00253,0.0025050000000000003,2.2066878599540137e-12,1561.5
HPMR,30,34,46,0.002,0.00248,0.00224,2.4838494192277406e-09,1042.8
HPMR,30,34,47,0.0015,0.002,0.00175,4.130167690649272e-10,1820.5
HPMR,30,34,48,0.001,0.0015,0.00125,3.224110495282496e-11,3783.0
HPMR,30,35,1,15.0,20.0,17.5,0.0,0.05932
HPMR,30,35,2,10.0,15.0,12.5,5.510699451474244e-13,0.05315
HPMR,30,35,3,8.0,10.0,9.0,5.4376621214308236e-12,0.048235
HPMR,30,35,4,6.0,8.0,7.0,3.765626347563945e-11,0.045329999999999995
HPMR,30,35,5,5.0,6.0,5.5,6.627074988966172e-11,0.043315
HPMR,30,35,6,4.0,5.0,4.5,1.6240231031662342e-10,0.042345
HPMR,30,35,7,3.0,4.0,3.5,5.5522261816691e-05,0.042155
HPMR,30,35,8,2.0,3.0,2.5,0.015742244488480554,0.0442
HPMR,30,35,9,1.5,2.0,1.75,0.004658597267634345,0.04914
HPMR,30,35,10,1.25,1.5,1.375,0.02126889768250325,0.05549
HPMR,30,35,11,1.0,1.25,1.125,0.0222399609973591,0.06489
HPMR,30,35,12,0.8,1.0,0.9,0.024926691352527758,0.07986
HPMR,30,35,13,0.6,0.8,0.7,0.6811407298123374,0.10675
HPMR,30,35,14,0.5,0.6,0.55,0.05455793510670832,0.1431
HPMR,30,35,15,0.4,0.5,0.45,0.02051155185170481,0.19685
HPMR,30,35,16,0.3,0.4,0.35,0.021917778952669498,0.3177
HPMR,30,35,17,0.2,0.3,0.25,0.02217648546849611,0.7008000000000001
HPMR,30,35,18,0.15,0.2,0.175,0.01663189410568326,1.5062499999999999
HPMR,30,35,19,0.1,0.15,0.125,0.03023638931441447,3.7815000000000003
HPMR,30,35,20,0.088,0.1,0.094,0.005507330104602799,6.616
HPMR,30,35,21,0.08,0.088,0.08399999999999999,0.0049175836920045245,2.1645
HPMR,30,35,22,0.06,0.08,0.07,0.011111617186505624,3.7199999999999998
HPMR,30,35,23,0.05,0.06,0.055,0.004248667027841097,6.531000000000001
HPMR,30,35,24,0.04,0.05,0.045,0.006984511932491977,11.2005
HPMR,30,35,25,0.03,0.04,0.035,0.010013205928675455,22.34
HPMR,30,35,26,0.02,0.03,0.025,0.007270833306124225,58.34
HPMR,30,35,27,0.0159,0.02,0.01795,0.003202690995699929,120.58000000000001
HPMR,30,35,28,0.0155,0.0159,0.0157,0.00032982187683319795,138.0
HPMR,30,35,29,0.0152,0.0155,0.015349999999999999,0.00024153603799458267,145.05
HPMR,30,35,30,0.015,0.0152,0.015099999999999999,0.00015840043280281009,109.69999999999999
HPMR,30,35,31,0.013,0.015,0.013999999999999999,0.0016995545436650193,136.85
HPMR,30,35,32,0.01,0.013,0.0115,0.0027327429331046346,98.805
HPMR,30,35,33,0.008,0.01,0.009000000000000001,0.0019875177689035635,179.64999999999998
HPMR,30,35,34,0.006,0.008,0.007,0.0022155387884242182,347.95
HPMR,30,35,35,0.005,0.006,0.0055,0.0012705445677752005,598.8
HPMR,30,35,36,0.004,0.005,0.0045000000000000005,3.8456927242424605e-05,990.7
HPMR,30,35,37,0.00385,0.004,0.003925,2.7489802397186775e-09,1309.5
HPMR,30,35,38,0.0037,0.00385,0.003775,3.4181992677752504e-06,1339.5
HPMR,30,35,39,0.00355,0.0037,0.003625,8.84275999827136e-09,1513.5
HPMR,30,35,40,0.0033,0.00355,0.003425,8.709025336103338e-07,1540.5
HPMR,30,35,41,0.00307,0.0033,0.003185,4.060356466286706e-07,1971.0
HPMR,30,35,42,0.003,0.00307,0.003035,4.375864676638479e-09,1911.0
HPMR,30,35,43,0.00259,0.003,0.0027949999999999997,5.2967633671997844e-08,2211.5
HPMR,30,35,44,0.00253,0.00259,0.0025599999999999998,9.422841210637659e-12,1835.0
HPMR,30,35,45,0.00248,0.00253,0.0025050000000000003,1.6326816770762298e-12,1561.5
HPMR,30,35,46,0.002,0.00248,0.00224,2.4830879075838736e-09,1042.8
HPMR,30,35,47,0.0015,0.002,0.00175,4.174606151630902e-10,1820.5
HPMR,30,35,48,0.001,0.0015,0.00125,3.03643325852613e-11,3783.0
HPMR,30,36,1,15.0,20.0,17.5,0.0,0.05932
HPMR,30,36,2,10.0,15.0,12.5,5.550043069812654e-13,0.05315
HPMR,30,36,3,8.0,10.0,9.0,5.4765409837550494e-12,0.048235
HPMR,30,36,4,6.0,8.0,7.0,3.793096461373612e-11,0.045329999999999995
HPMR,30,36,5,5.0,6.0,5.5,6.6758074717326e-11,0.043315
HPMR,30,36,6,4.0,5.0,4.5,1.6361557947289113e-10,0.042345
HPMR,30,36,7,3.0,4.0,3.5,5.358698371723728e-05,0.042155
HPMR,30,36,8,2.0,3.0,2.5,0.01498776005630397,0.0442
HPMR,30,36,9,1.5,2.0,1.75,0.004507704229890951,0.04914
HPMR,30,36,10,1.25,1.5,1.375,0.021053498077380408,0.05549
HPMR,30,36,11,1.0,1.25,1.125,0.021866603554884404,0.06489
HPMR,30,36,12,0.8,1.0,0.9,0.02456108363813046,0.07986
HPMR,30,36,13,0.6,0.8,0.7,0.6881829086874739,0.10675
HPMR,30,36,14,0.5,0.6,0.55,0.053352409409749266,0.1431
HPMR,30,36,15,0.4,0.5,0.45,0.02011474686709737,0.19685
HPMR,30,36,16,0.3,0.4,0.35,0.02138290086459178,0.3177
HPMR,30,36,17,0.2,0.3,0.25,0.02166447548869852,0.7008000000000001
HPMR,30,36,18,0.15,0.2,0.175,0.0162665425344883,1.5062499999999999
HPMR,30,36,19,0.1,0.15,0.125,0.029305765600791064,3.7815000000000003
HPMR,30,36,20,0.088,0.1,0.094,0.005392807783320756,6.616
HPMR,30,36,21,0.08,0.088,0.08399999999999999,0.0047964934025986694,2.1645
HPMR,30,36,22,0.06,0.08,0.07,0.010890421999945221,3.7199999999999998
HPMR,30,36,23,0.05,0.06,0.055,0.004167988077748813,6.531000000000001
HPMR,30,36,24,0.04,0.05,0.045,0.006836495145117947,11.2005
HPMR,30,36,25,0.03,0.04,0.035,0.009839409465229335,22.34
HPMR,30,36,26,0.02,0.03,0.025,0.007142979937032617,58.34
HPMR,30,36,27,0.0159,0.02,0.01795,0.0031446115155669353,120.58000000000001
HPMR,30,36,28,0.0155,0.0159,0.0157,0.00032385642939365613,138.0
HPMR,30,36,29,0.0152,0.0155,0.015349999999999999,0.0002371454918543139,145.05
HPMR,30,36,30,0.015,0.0152,0.015099999999999999,0.00015551889902032365,109.69999999999999
HPMR,30,36,31,0.013,0.015,0.013999999999999999,0.0016692974270791988,136.85
HPMR,30,36,32,0.01,0.013,0.0115,0.002683846261611065,98.805
HPMR,30,36,33,0.008,0.01,0.009000000000000001,0.001952158150758874,179.64999999999998
HPMR,30,36,34,0.006,0.008,0.007,0.0021766487539541446,347.95
HPMR,30,36,35,0.005,0.006,0.0055,0.0012465658975202175,598.8
HPMR,30,36,36,0.004,0.005,0.0045000000000000005,3.897490573717892e-05,990.7
HPMR,30,36,37,0.00385,0.004,0.003925,2.7603515610817064e-09,1309.5
HPMR,30,36,38,0.0037,0.00385,0.003775,3.4225513060966298e-06,1339.5
HPMR,30,36,39,0.00355,0.0037,0.003625,9.036131326654707e-09,1513.5
HPMR,30,36,40,0.0033,0.00355,0.003425,8.861733447273874e-07,1540.5
HPMR,30,36,41,0.00307,0.0033,0.003185,4.1511383574220966e-07,1971.0
HPMR,30,36,42,0.003,0.00307,0.003035,4.376896794158158e-09,1911.0
HPMR,30,36,43,0.00259,0.003,0.0027949999999999997,5.122015565940855e-08,2211.5
HPMR,30,36,44,0.00253,0.00259,0.0025599999999999998,9.444636714924409e-12,1835.0
HPMR,30,36,45,0.00248,0.00253,0.0025050000000000003,1.2072200097384549e-12,1561.5
HPMR,30,36,46,0.002,0.00248,0.00224,2.4949613891837196e-09,1042.8
HPMR,30,36,47,0.0015,0.002,0.00175,4.227678479854597e-10,1820.5
HPMR,30,36,48,0.001,0.0015,0.00125,2.8574056126158592e-11,3783.0
