{
  "GCMR": {
    "B4C_enriched": 2.52,
    "B4C_natural": 2.52,
    "Be": 1.84,
    "BeO": 3.01,
    "Graphite": 1.6,
    "Helium": 0.000166,
    "MgO": 3.58,
    "NaK": 0.85,
    "PyC": 1.9,
    "SS304": 7.98,
    "SiC": 3.18,
    "UC": 13.0,
    "UCO": 11.187000000000001,
    "UN": 14.0,
    "UO2": 10.41,
    "UZr": 16.0,
    "W2B": 16.75,
    "WB": 15.43,
    "WB4": 8.23,
    "WC": 15.32,
    "YHx": 4.28,
    "Zr": 6.49,
    "ZrC": 6.73,
    "ZrH": 5.6,
    "buffer_graphite": 0.95,
    "monolith_graphite": 1.63
  },
  "HPMR": {
    "B4C_enriched": 2.52,
    "B4C_natural": 2.52,
    "Be": 1.84,
    "BeO": 3.01,
    "Graphite": 1.6,
    "Helium": 0.000166,
    "MgO": 3.58,
    "NaK": 0.85,
    "PyC": 1.9,
    "SS304": 7.98,
    "SiC": 3.18,
    "UC": 13.0,
    "UN": 14.0,
    "UO2": 10.41,
    "UZr": 16.0,
    "W2B": 16.75,
    "WB": 15.43,
    "WB4": 8.23,
    "WC": 15.32,
    "YHx": 4.28,
    "Zr": 6.49,
    "ZrC": 6.73,
    "ZrH": 5.6,
    "buffer_graphite": 0.95,
    "monolith_graphite": 1.63
  },
  "LTMR": {
    "B4C_enriched": 2.52,
    "B4C_natural": 2.52,
    "Be": 1.84,
    "BeO": 3.01,
    "Graphite": 1.6,
    "Helium": 0.000166,
    "MgO": 3.58,
    "NaK": 0.85,
    "PyC": 1.9,
    "SS304": 7.98,
    "SiC": 3.18,
    "UC": 13.0,
    "UN": 14.0,
    "UO2": 10.41,
    "UZr": 16.0,
    "UZrH_alloy": 9.655999999999999,
    "W2B": 16.75,
    "WB": 15.43,
    "WB4": 8.23,
    "WC": 15.32,
    "YHx": 4.28,
    "Zr": 6.49,
    "ZrC": 6.73,
    "ZrH": 5.6,
    "buffer_graphite": 0.95,
    "monolith_graphite": 1.63
  }
}